Contig,Source,Locus,Number of Genes (before filtering)
CAXWWO010002093.1,Doves/Eurasian_CollaredDove/bStrDea1_pri,IGH,19
OZ187171.1,Doves/Eurasian_CollaredDove/bStrDea1_pri,IGL,20
OY720092.1,Doves/Pink_Pigeon/bNesMay2_pri,IGH,22
OY720074.1,Doves/Pink_Pigeon/bNesMay2_pri,IGL,19
CAUJAQ010001068.1,Doves/Pink_Pigeon/bNesMay2_alt,IGH,22
CAUJAQ010000419.1,Doves/Pink_Pigeon/bNesMay2_alt,IGL,18
CM069742.1,Doves/Nicobar_Pigeon/bCalNic1_pri,IGH,22
CM069721.1,Doves/Nicobar_Pigeon/bCalNic1_pri,IGL,21
CM069662.1,Doves/Nicobar_Pigeon/bCalNic1_alt,IGH,26
CM069641.1,Doves/Nicobar_Pigeon/bCalNic1_alt,IGL,21
CM073078.2,Doves/BandTailed_Pigeon/bPatFas1_alt,IGH,2
CM073070.2,Doves/BandTailed_Pigeon/bPatFas1_alt,IGL,17
CM073037.2,Doves/BandTailed_Pigeon/bPatFas1_pri,IGH,22
CM073021.2,Doves/BandTailed_Pigeon/bPatFas1_pri,IGL,18
CM070383.1,Doves/Rock_Dove/bColLiv1_pri,IGH,16
CM070365.1,Doves/Rock_Dove/bColLiv1_pri,IGL,18
JAYMZE020000363.1,Doves/Rock_Dove/bColLiv1_alt,IGH,16
CM070939.1,Doves/Rock_Dove/bColLiv1_alt,IGL,18
LR594567.2,Doves/European_Turtle_Dove/bStrTur1_pri,IGL,17
CABFKB020001418.1,Doves/European_Turtle_Dove/bStrTur1_alt,IGL,19
UFQG04000065.1,Eagles/European_Golden_Eagle/bAquChr1_pri,IGH,48
LR606189.1,Eagles/European_Golden_Eagle/bAquChr1_pri,IGL,35
CABFWM020003829.1,Eagles/European_Golden_Eagle/bAquChr1_alt,IGH,2
OX381666.1,Eagles/WhiteTailed_Eagle/bHalAlb1_pri,IGH,93
OX381647.1,Eagles/WhiteTailed_Eagle/bHalAlb1_pri,IGL,32
CANHNM010002107.1,Eagles/WhiteTailed_Eagle/bHalAlb1_alt,IGH,81
CANHNM010002704.1,Eagles/WhiteTailed_Eagle/bHalAlb1_alt,IGL,29
JAPMHW010000108.1,Eagles/Harpy_Eagle/bHarHar1_pri,IGH,62
CM048722.1,Eagles/Harpy_Eagle/bHarHar1_pri,IGL,71
JAPMHX010000417.1,Eagles/Harpy_Eagle/bHarHar1_alt,IGL,34
JBIYQX010000063.1,Eagles/Crested_Eagle/bMorGui1_pri,IGH,66
CM098359.1,Eagles/Crested_Eagle/bMorGui1_pri,IGL,59
CM098413.1,Eagles/Crested_Eagle/bMorGui1_alt,IGL,38
CAKNBG010000024.1,Eagles/Northern_Goshawk/bAccGen1_pri,IGH,54
OV839367.1,Eagles/Northern_Goshawk/bAccGen1_pri,IGL,27
CAKNBJ010002717.1,Eagles/Northern_Goshawk/bAccGen1_alt,IGH,62
CAKNBJ010000169.1,Eagles/Northern_Goshawk/bAccGen1_alt,IGL,33
JAQMCN010000209.1,Eagles/Bearded_Vulture/bGypBar2_alt,IGH,48
JAQMCN010000977.1,Eagles/Bearded_Vulture/bGypBar2_alt,IGL,41
JAQMCM010000054.1,Eagles/Bearded_Vulture/bGypBar2_pri,IGH,58
CM051540.1,Eagles/Bearded_Vulture/bGypBar2_pri,IGL,62
CAXLPB010000056.1,Eagles/Common_Buzzard/bButBut1_pri,IGH,88
OZ076930.1,Eagles/Common_Buzzard/bButBut1_pri,IGL,34
JAUIRP010000042.1,Eagles/Golden_Eagle/bAquChr2_pri,IGH,61
JAUIRP010000010.1,Eagles/Golden_Eagle/bAquChr2_pri,IGL,34
JAUIRQ010000052.1,Eagles/Golden_Eagle/bAquChr2_alt,IGH,62
JAUIRQ010000010.1,Eagles/Golden_Eagle/bAquChr2_alt,IGL,32
JAMOAR010000107.1,Falcons/Peregrine_Falcon/bFalPer1_pri,IGH,16
CM042630.1,Falcons/Peregrine_Falcon/bFalPer1_pri,IGL,30
JAMOAS010000543.1,Falcons/Peregrine_Falcon/bFalPer1_alt,IGH,1
JAMOAS010000358.1,Falcons/Peregrine_Falcon/bFalPer1_alt,IGL,9
JADCQO010000121.1,Falcons/Gyrfalcon/bFalRus1_pri,IGH,43
CM026666.1,Falcons/Gyrfalcon/bFalRus1_pri,IGL,26
JADCQP010000741.1,Falcons/Gyrfalcon/bFalRus1_alt,IGH,1
JADCQP010003572.1,Falcons/Gyrfalcon/bFalRus1_alt,IGL,27
JAMOAU010000024.1,Falcons/Lanner_Falcon/bFalBia1_alt,IGH,1
JAMOAU010000395.1,Falcons/Lanner_Falcon/bFalBia1_alt,IGL,27
CM042605.1,Falcons/Lanner_Falcon/bFalBia1_pri,IGL,29
JAMOAL010000205.1,Falcons/Saker_Falcon/bFalChe1_pri,IGH,29
CM042449.1,Falcons/Saker_Falcon/bFalChe1_pri,IGL,43
JAMOAM010000955.1,Falcons/Saker_Falcon/bFalChe1_alt,IGH,1
JAMOAM010000772.1,Falcons/Saker_Falcon/bFalChe1_alt,IGL,47
JAGFVT010000381.1,Falcons/Lesser_Kestrel/bFalNau1_pri,IGH,12
JAGFVT010000002.1,Falcons/Lesser_Kestrel/bFalNau1_pri,IGL,52
JAGFVS010000275.1,Falcons/Lesser_Kestrel/bFalNau1_alt,IGH,26
CM030145.1,Falcons/Lesser_Kestrel/bFalNau1_alt,IGL,65
CAUJKR010000033.1,Falcons/Mauritius_Kestrel/bFalPun1_pri,IGH,37
OY723433.1,Falcons/Mauritius_Kestrel/bFalPun1_pri,IGL,36
CAUJKS010000244.1,Falcons/Mauritius_Kestrel/bFalPun1_alt,IGH,30
CAUJKS010001402.1,Falcons/Mauritius_Kestrel/bFalPun1_alt,IGL,30
JAJGSR010000084.1,Ibises/Plumbeous_Ibis/bTheCae1_pri,IGH,66
CM036570.1,Ibises/Plumbeous_Ibis/bTheCae1_pri,IGL,18
JAJGSS010000550.1,Ibises/Plumbeous_Ibis/bTheCae1_alt,IGL,15
CBCYMG010000145.1,Ibises/Eurasian_Spoonbill/bPlaLeu2_pri,IGH,153
OZ238942.1,Ibises/Eurasian_Spoonbill/bPlaLeu2_pri,IGL,51
CM028557.1,Landfowl/White_Leghorn_Layer_Chicken/bGalGal1_pri,IGH,75
CM028537.1,Landfowl/White_Leghorn_Layer_Chicken/bGalGal1_pri,IGL,30
CM028516.1,Landfowl/White_Leghorn_Layer_Chicken/bGalGal1_alt,IGH,89
CM028496.1,Landfowl/White_Leghorn_Layer_Chicken/bGalGal1_alt,IGL,26
JAMCCT010000049.1,Landfowl/Rock_Ptarmigan/bLagMut1_pri,IGH,52
CM041492.1,Landfowl/Rock_Ptarmigan/bLagMut1_pri,IGL,30
JAMCCU010000032.1,Landfowl/Rock_Ptarmigan/bLagMut1_alt,IGH,50
JAMCCU010000080.1,Landfowl/Rock_Ptarmigan/bLagMut1_alt,IGL,30
CATOBQ010005405.1,Landfowl/Western_Capercaillie/bTetUro1_alt,IGH,14
CATOBQ010002927.1,Landfowl/Western_Capercaillie/bTetUro1_alt,IGL,29
OX596311.1,Landfowl/Western_Capercaillie/bTetUro1_pri,IGL,28
JBDMBA010000142.1,Landfowl/King_Quail/bCotChi1_alt,IGH,20
CM078511.1,Landfowl/King_Quail/bCotChi1_alt,IGL,23
CM078198.1,Landfowl/King_Quail/bCotChi1_pri,IGL,23
JALIRH010000274.1,Landfowl/California_Quail/bCalCai1_pri,IGH,24
JALIRH010000021.1,Landfowl/California_Quail/bCalCai1_pri,IGL,24
JALIRI010001294.1,Landfowl/California_Quail/bCalCai1_alt,IGH,22
JALIRI010000023.1,Landfowl/California_Quail/bCalCai1_alt,IGL,24
JAUPFR010000273.1,Landfowl/Mountain_Quail/bOrePic1_pri,IGH,26
JAUPFR010000019.1,Landfowl/Mountain_Quail/bOrePic1_pri,IGL,23
JAUPFS010000194.1,Landfowl/Mountain_Quail/bOrePic1_alt,IGH,23
JAUPFS010000018.1,Landfowl/Mountain_Quail/bOrePic1_alt,IGL,23
CM003638.2,Landfowl/IMGT_Chicken/bGRCg6a_pri,IGH,151
CM000107.5,Landfowl/IMGT_Chicken/bGRCg6a_pri,IGL,30
RXXE02000078.1,Parrots/Kakapo/bStrHab1_pri,IGH,49
CM013772.1,Parrots/Kakapo/bStrHab1_pri,IGL,19
CM022661.1,Parrots/Budgerigar/bMelUnd1_pri,IGH,24
CM054402.1,Parrots/BlueAndGold_Macaw/bAraAra1_pri,IGH,19
CM054263.1,Parrots/BlueAndGold_Macaw/bAraAra1_alt,IGH,17
JBCFXG010000172.1,Parrots/YellowCrowned_Amazon/bAmaOch1_pri,IGH,21
CM077891.1,Parrots/YellowCrowned_Amazon/bAmaOch1_pri,IGL,14
JBCFXH010000274.1,Parrots/YellowCrowned_Amazon/bAmaOch1_alt,IGH,39
CM077861.1,Parrots/YellowCrowned_Amazon/bAmaOch1_alt,IGL,17
JBBBVN010000301.1,Parrots/Swift_Parrot/bLatDis1_pri,IGH,14
CM073815.1,Parrots/Swift_Parrot/bLatDis1_pri,IGL,13
CM073791.1,Parrots/Swift_Parrot/bLatDis1_alt,IGL,12
CM098572.1,Parrots/Golden_Parakeet/bGuaGua1_pri,IGH,15
CM098551.1,Parrots/Golden_Parakeet/bGuaGua1_pri,IGL,17
CM098667.1,Parrots/Golden_Parakeet/bGuaGua1_alt,IGH,17
CM098646.1,Parrots/Golden_Parakeet/bGuaGua1_alt,IGL,13
OY725439.1,Parrots/Mauritius_Parakeet/bPsiEch3_pri,IGH,23
OY725433.1,Parrots/Mauritius_Parakeet/bPsiEch3_pri,IGL,13
CAUJLE010001346.1,Parrots/Mauritius_Parakeet/bPsiEch3_alt,IGH,25
CAUJLE010000915.1,Parrots/Mauritius_Parakeet/bPsiEch3_alt,IGL,9
CM030040.1,Plovers/European_Golden_Plover/bPluApr1_pri,IGH,104
CM030022.1,Plovers/European_Golden_Plover/bPluApr1_pri,IGL,57
JAGGDW010001089.1,Plovers/European_Golden_Plover/bPluApr1_alt,IGH,84
JAGGDW010000412.1,Plovers/European_Golden_Plover/bPluApr1_alt,IGL,43
CBDDMR010001993.1,Plovers/Northern_Lapwing/bVanVan1_pri,IGH,22
OZ246532.1,Plovers/Northern_Lapwing/bVanVan1_pri,IGL,25
VMED01000058.1,Plovers/Razorbill/bAlcTor1_pri,IGH,82
CM018088.1,Plovers/Razorbill/bAlcTor1_pri,IGL,18
VMEC01001272.1,Plovers/Razorbill/bAlcTor1_alt,IGL,18
OZ067280.1,Plovers/Eurasian_Curlew/bNumArq3_pri,IGH,214
OZ067258.1,Plovers/Eurasian_Curlew/bNumArq3_pri,IGL,18
WNMW01000084.1,Plovers/Common_Tern/bSteHir1_pri,IGH,205
CM020447.1,Plovers/Common_Tern/bSteHir1_pri,IGL,37
WNMX01001252.1,Plovers/Common_Tern/bSteHir1_alt,IGL,31
JAPUFH010000235.1,Plovers/BlackLegged_Kittiwake/bRisTri1_pri,IGH,75
CM052042.1,Plovers/BlackLegged_Kittiwake/bRisTri1_pri,IGL,29
CM053014.1,Plovers/BlackLegged_Kittiwake/bRisTri1_alt,IGH,77
CM052997.1,Plovers/BlackLegged_Kittiwake/bRisTri1_alt,IGL,25
CAWUPG010002615.1,Plovers/BlackHeaded_Gull/bChrRid1_alt,IGH,205
CAWUPG010000460.1,Plovers/BlackHeaded_Gull/bChrRid1_alt,IGL,24
OZ001758.1,Plovers/BlackHeaded_Gull/bChrRid1_pri,IGH,165
OZ001746.1,Plovers/BlackHeaded_Gull/bChrRid1_pri,IGL,24
CAWVQS010000284.1,Plovers/Lesser_BlackBacked_Gull/bLarFus1_pri,IGH,94
OZ010766.1,Plovers/Lesser_BlackBacked_Gull/bLarFus1_pri,IGL,45
CAXMZH010000235.1,Plovers/YellowLegged_Gull/bLarMic1_pri,IGH,159
OZ118760.1,Plovers/YellowLegged_Gull/bLarMic1_pri,IGL,34
CAXMZI010001386.1,Plovers/YellowLegged_Gull/bLarMic1_alt,IGH,284
CAXMZI010000598.1,Plovers/YellowLegged_Gull/bLarMic1_alt,IGL,26
OZ207415.1,Plovers/Herring_Gull/bLarArg3_pri,IGH,222
OZ207398.1,Plovers/Herring_Gull/bLarArg3_pri,IGL,28
JBFPNB010000169.1,Plovers/Snowy_Plover/bChaNiv1_pri,IGH,35
JBFPNB010000010.1,Plovers/Snowy_Plover/bChaNiv1_pri,IGL,41
JBFPNC010000408.1,Plovers/Snowy_Plover/bChaNiv1_alt,IGH,52
JBFPNC010000010.1,Plovers/Snowy_Plover/bChaNiv1_alt,IGL,41
JAZAVG010000618.1,Suboscines/WhiteCrowned_Manakin/bDixPip1_pri,IGH,28
CM070224.1,Suboscines/WhiteCrowned_Manakin/bDixPip1_pri,IGL,39
JAZAVH010000355.1,Suboscines/WhiteCrowned_Manakin/bDixPip1_alt,IGH,12
CM070193.1,Suboscines/WhiteCrowned_Manakin/bDixPip1_alt,IGL,40
CM098447.1,Suboscines/Xingu_ScaleBacked_Antbird/bWilVid1_pri,IGL,27
CM098502.1,Suboscines/Xingu_ScaleBacked_Antbird/bWilVid1_alt,IGL,27
CM020550.1,Suboscines/LancedTailed_Manakin/bChiLan1_pri,IGL,36
WNMD01002276.1,Suboscines/LancedTailed_Manakin/bChiLan1_alt,IGL,15
RRCD01000154.1,Hummingbirds/Annas_Hummingbird/bCalAnn1_pri,IGH,27
CM012128.1,Hummingbirds/Annas_Hummingbird/bCalAnn1_pri,IGL,9
RRCE01002024.1,Hummingbirds/Annas_Hummingbird/bCalAnn1_alt,IGL,9
JBEFNK010000035.1,Hummingbirds/Allens_Hummingbird/bSelSas1_pri,IGH,16
JBEFNK010000020.1,Hummingbirds/Allens_Hummingbird/bSelSas1_pri,IGL,8
JBEFNL010000033.1,Hummingbirds/Allens_Hummingbird/bSelSas1_alt,IGH,15
JBEFNL010000019.1,Hummingbirds/Allens_Hummingbird/bSelSas1_alt,IGL,8
CM104678.1,Hummingbirds/LongTailed_Hermit/bPhaSup1_pri,IGL,10
JAJQWK020000120.1,Hummingbirds/LongTailed_Hermit/bPhaSup1_alt,IGL,10
CM069790.1,Hummingbirds/Tourmaline_Sunangel/bHelExo1_pri,IGL,15
CM069823.1,Hummingbirds/Tourmaline_Sunangel/bHelExo1_alt,IGL,13
JAKDEW010000971.1,Songbirds/Bells_Sparrow/bArtBel1_pri,IGH,111
JAKDEW010000025.1,Songbirds/Bells_Sparrow/bArtBel1_pri,IGL,21
CM100650.1,Songbirds/Bengalese_Finch/bLonStr1_pri,IGH,94
CM100629.1,Songbirds/Bengalese_Finch/bLonStr1_pri,IGL,21
CM100697.1,Songbirds/Bengalese_Finch/bLonStr1_alt,IGH,59
CM100676.1,Songbirds/Bengalese_Finch/bLonStr1_alt,IGL,23
CM059948.1,Songbirds/BlackCapped_Chickadee/bPoeAtr1_pri,IGH,169
CM059945.1,Songbirds/BlackCapped_Chickadee/bPoeAtr1_pri,IGL,18
CM059909.1,Songbirds/BlackCapped_Chickadee/bPoeAtr1_alt,IGH,201
CM059906.1,Songbirds/BlackCapped_Chickadee/bPoeAtr1_alt,IGL,17
JBJCII010000137.1,Songbirds/Blue_Jay/bCyaCrs1_pri,IGH,189
CM100547.1,Songbirds/Blue_Jay/bCyaCrs1_pri,IGL,102
JBJCIJ010000199.1,Songbirds/Blue_Jay/bCyaCrs1_alt,IGH,190
CM100591.1,Songbirds/Blue_Jay/bCyaCrs1_alt,IGL,133
JAQMYR010000293.1,Songbirds/California_Scrub_Jay/bAphCal1_pri,IGH,107
JAQMYR010000020.1,Songbirds/California_Scrub_Jay/bAphCal1_pri,IGL,126
JAQMYS010000115.1,Songbirds/California_Scrub_Jay/bAphCal1_alt,IGH,97
JAQMYS010000018.1,Songbirds/California_Scrub_Jay/bAphCal1_alt,IGL,58
OY740758.1,Songbirds/Common_Chaffinch/bFriCoe1_pri,IGH,18
OY740741.1,Songbirds/Common_Chaffinch/bFriCoe1_pri,IGL,24
CAUPSH010002016.1,Songbirds/Common_Chaffinch/bFriCoe1_alt,IGH,67
CAUPSH010000666.1,Songbirds/Common_Chaffinch/bFriCoe1_alt,IGL,24
CM050562.1,Songbirds/Common_Myna/bAcrTri1_pri,IGH,161
CM050550.1,Songbirds/Common_Myna/bAcrTri1_pri,IGL,24
JAPZMP010000477.1,Songbirds/Common_Myna/bAcrTri1_alt,IGH,50
JAPZMP010000970.1,Songbirds/Common_Myna/bAcrTri1_alt,IGL,22
WSPJ01000195.1,Songbirds/Common_Yellowthroat/bGeoTri1_pri,IGH,65
CM019918.1,Songbirds/Common_Yellowthroat/bGeoTri1_pri,IGL,23
WSPK01002097.1,Songbirds/Common_Yellowthroat/bGeoTri1_alt,IGL,23
CM055938.1,Songbirds/Eastern_BlackEared_Wheatear/bOenMel1_pri,IGH,197
CM055929.1,Songbirds/Eastern_BlackEared_Wheatear/bOenMel1_pri,IGL,34
WNMY01000176.1,Songbirds/European_Blackcap/bSylAtr1_pri,IGH,203
CM020481.1,Songbirds/European_Blackcap/bSylAtr1_pri,IGL,38
WNMZ01001846.1,Songbirds/European_Blackcap/bSylAtr1_alt,IGL,32
CAIGJR020000325.1,Songbirds/European_Robin/bEriRub2_pri,IGH,358
LR812122.1,Songbirds/European_Robin/bEriRub2_pri,IGL,30
CAIGJN020003295.1,Songbirds/European_Robin/bEriRub2_alt,IGH,84
CAIGJN020000764.1,Songbirds/European_Robin/bEriRub2_alt,IGL,27
JACEWE010000172.1,Songbirds/Garden_Warbler/bSylBor1_pri,IGH,129
CM025973.1,Songbirds/Garden_Warbler/bSylBor1_pri,IGL,30
JACEWF010000122.1,Songbirds/Garden_Warbler/bSylBor1_alt,IGL,31
CM036385.1,Songbirds/Hawaiian_Crow/bCorHaw1_pri,IGH,124
CM036363.1,Songbirds/Hawaiian_Crow/bCorHaw1_pri,IGL,73
JAJGSZ010000897.1,Songbirds/Hawaiian_Crow/bCorHaw1_alt,IGL,66
JBHOIP010000221.1,Songbirds/House_Finch/AL_1_alt,IGH,112
JBHOIP010000017.1,Songbirds/House_Finch/AL_1_alt,IGL,27
JBHOIO010000100.1,Songbirds/House_Finch/AL_1_pri,IGL,27
JBHOIN010000038.1,Songbirds/House_Finch/AL_2_alt,IGL,27
JBHOIM010000045.1,Songbirds/House_Finch/AL_2_pri,IGL,26
JBHOIX010000636.1,Songbirds/House_Finch/AZ_1_alt,IGH,69
JBHOIX010000077.1,Songbirds/House_Finch/AZ_1_alt,IGL,26
JBHOIW010000262.1,Songbirds/House_Finch/AZ_1_pri,IGH,88
JBHOIW010000100.1,Songbirds/House_Finch/AZ_1_pri,IGL,22
JBHOIV010000298.1,Songbirds/House_Finch/AZ_2_alt,IGH,75
JBHOIV010000039.1,Songbirds/House_Finch/AZ_2_alt,IGL,32
JBHOIU010000304.1,Songbirds/House_Finch/AZ_2_pri,IGH,151
JBHOIU010000002.1,Songbirds/House_Finch/AZ_2_pri,IGL,27
JBHOJF010000926.1,Songbirds/House_Finch/CA_1_alt,IGL,26
JBHOJE010001265.1,Songbirds/House_Finch/CA_1_pri,IGL,26
JBHOJD010000812.1,Songbirds/House_Finch/CA_2_alt,IGL,27
JBHOID010000262.1,Songbirds/House_Finch/MA_1_alt,IGH,45
JBHOID010000012.1,Songbirds/House_Finch/MA_1_alt,IGL,26
JBHOIC010000277.1,Songbirds/House_Finch/MA_1_pri,IGH,45
JBHOIC010000023.1,Songbirds/House_Finch/MA_1_pri,IGL,22
JBHOIB010000081.1,Songbirds/House_Finch/MA_2_alt,IGL,31
JBHOIA010000044.1,Songbirds/House_Finch/MA_2_pri,IGL,27
JBHOJB010000039.1,Songbirds/House_Finch/NM_1_alt,IGL,27
JBHOJA010000010.1,Songbirds/House_Finch/NM_1_pri,IGL,26
JBHOIZ010000092.1,Songbirds/House_Finch/NM_2_alt,IGL,27
JBHOIY010000037.1,Songbirds/House_Finch/NM_2_pri,IGL,27
JBHOIH010000084.1,Songbirds/House_Finch/NY_1_alt,IGL,21
JBHOIG010000052.1,Songbirds/House_Finch/NY_1_pri,IGL,32
JBHOIF010000067.1,Songbirds/House_Finch/NY_2_alt,IGL,31
JBHOIE010000032.1,Songbirds/House_Finch/NY_2_pri,IGL,27
JBHOIL010000014.1,Songbirds/House_Finch/OH_1_alt,IGL,26
JBHOIK010000037.1,Songbirds/House_Finch/OH_1_pri,IGL,26
JBHOIJ010000011.1,Songbirds/House_Finch/OH_2_alt,IGL,27
JBHOII010000019.1,Songbirds/House_Finch/OH_2_pri,IGL,27
JBHOIT010000093.1,Songbirds/House_Finch/WA_1_alt,IGL,21
JBHOIS010000080.1,Songbirds/House_Finch/WA_1_pri,IGL,27
JBHOIR010000111.1,Songbirds/House_Finch/WA_2_alt,IGL,26
JBHOIQ010000008.1,Songbirds/House_Finch/WA_2_pri,IGL,27
JAPYKD010000319.1,Songbirds/House_Finch/bHaeMex1.alt,IGH,56
JAPYKD010000044.1,Songbirds/House_Finch/bHaeMex1.alt,IGL,27
JAPYKC010000061.1,Songbirds/House_Finch/bHaeMex1.pri,IGH,201
CM050242.1,Songbirds/House_Finch/bHaeMex1.pri,IGL,27
CM071462.1,Songbirds/House_Sparrow/bPasDom1_pri,IGH,655
CM071442.1,Songbirds/House_Sparrow/bPasDom1_pri,IGL,22
JAZGKB010000214.1,Songbirds/House_Sparrow/bPasDom1_alt,IGH,46
CM071481.1,Songbirds/House_Sparrow/bPasDom1_alt,IGL,23
JAQCNU010001251.1,Songbirds/Nelsons_Sparrow/bAmmNel1_alt,IGH,48
JAQCNU010001434.1,Songbirds/Nelsons_Sparrow/bAmmNel1_alt,IGL,25
CM050598.1,Songbirds/Nelsons_Sparrow/bAmmNel1_pri,IGL,24
WHPO01000046.1,Songbirds/New_Caledonian_Crow/bCorMon1_pri,IGH,46
CM018824.1,Songbirds/New_Caledonian_Crow/bCorMon1_pri,IGL,105
JAIWQD010000385.1,Songbirds/RedWinged_Blackbird/bAgePho2_pri,IGH,144
CM036732.1,Songbirds/RedWinged_Blackbird/bAgePho2_pri,IGL,23
CM051221.1,Songbirds/Saltmarsh_Sparrow/bAmmCau1_pri,IGH,57
CM051200.1,Songbirds/Saltmarsh_Sparrow/bAmmCau1_pri,IGL,25
JAQIHC010002198.1,Songbirds/Saltmarsh_Sparrow/bAmmCau1_alt,IGH,59
JAQIHC010000731.1,Songbirds/Saltmarsh_Sparrow/bAmmCau1_alt,IGL,25
CM063150.1,Songbirds/Savannah_Sparrow/bPasSan2_pri,IGH,123
CM063144.1,Songbirds/Savannah_Sparrow/bPasSan2_pri,IGL,26
JAVKUX010001190.1,Songbirds/Savannah_Sparrow/bPasSan2_alt,IGH,59
JAVKUX010000197.1,Songbirds/Savannah_Sparrow/bPasSan2_alt,IGL,26
JAKOOL010000194.1,Songbirds/Savannah_Sparrow2/bPasSan1_pri,IGH,125
JAKOOL010000022.1,Songbirds/Savannah_Sparrow2/bPasSan1_pri,IGL,25
JAKOOM010000005.1,Songbirds/Savannah_Sparrow2/bPasSan1_alt,IGL,26
JAYKTQ010000359.1,Songbirds/Seaside_Sparrow/bAmmMai1_pri,IGH,147
CM069683.1,Songbirds/Seaside_Sparrow/bAmmMai1_pri,IGL,25
JAYKTR010002716.1,Songbirds/Seaside_Sparrow/bAmmMai1_alt,IGL,25
JALCYL010000316.1,Songbirds/Song_Sparrow2/bMelMel1_pri,IGH,144
JALCYL010000029.1,Songbirds/Song_Sparrow2/bMelMel1_pri,IGL,24
JALCYM010001653.1,Songbirds/Song_Sparrow2/bMelMel1_alt,IGL,24
JANXIP010000230.1,Songbirds/Stellers_Jay/bCyaSte1_pri,IGH,187
JANXIP010000026.1,Songbirds/Stellers_Jay/bCyaSte1_pri,IGL,84
JANXIQ010000264.1,Songbirds/Stellers_Jay/bCyaSte1_alt,IGH,103
JANXIQ010000024.1,Songbirds/Stellers_Jay/bCyaSte1_alt,IGL,81
CM020373.1,Songbirds/Swainsons_Thrush/bCatUst1_pri,IGH,360
CM020353.1,Songbirds/Swainsons_Thrush/bCatUst1_pri,IGL,74
WNMR02002398.1,Songbirds/Swainsons_Thrush/bCatUst1_alt,IGH,51
WNMR02001872.1,Songbirds/Swainsons_Thrush/bCatUst1_alt,IGL,62
JAQMCR010000544.1,Songbirds/Swamp_Sparrow/bMelGeo1_alt,IGH,182
JAQMCR010000048.1,Songbirds/Swamp_Sparrow/bMelGeo1_alt,IGL,24
CM051580.1,Songbirds/Swamp_Sparrow/bMelGeo1_pri,IGL,24
JALJCS010000164.1,Songbirds/Tricolored_Blackbird/bAgeTri1_pri,IGH,151
JALJCS010000020.1,Songbirds/Tricolored_Blackbird/bAgeTri1_pri,IGL,23
JALJCT010000212.1,Songbirds/Tricolored_Blackbird/bAgeTri1_alt,IGH,116
JALJCT010000018.1,Songbirds/Tricolored_Blackbird/bAgeTri1_alt,IGL,23
JAPVQZ010000098.1,Songbirds/Village_Indigobird/bVidCha1_pri,IGH,32
CM049543.1,Songbirds/Village_Indigobird/bVidCha1_pri,IGL,22
OZ238496.1,Songbirds/Western_Jackdaw/bColMon1_pri,IGH,82
OZ238482.1,Songbirds/Western_Jackdaw/bColMon1_pri,IGL,76
OY759713.1,Songbirds/WhiteThroated_Dipper/bCinCin1_pri,IGH,35
OY759694.1,Songbirds/WhiteThroated_Dipper/bCinCin1_pri,IGL,20
CAVLEX010002378.1,Songbirds/WhiteThroated_Dipper/bCinCin1_alt,IGL,20
CM106263.1,Songbirds/WhiteThroated_Sparrow/bZonAlb1_pri,IGH,1
CM106248.1,Songbirds/WhiteThroated_Sparrow/bZonAlb1_pri,IGL,24
CM106230.1,Songbirds/WhiteThroated_Sparrow/bZonAlb1_alt,IGH,535
CM106208.1,Songbirds/WhiteThroated_Sparrow/bZonAlb1_alt,IGL,24
JARCOQ010000559.1,Songbirds/Wrentit/bChaFas1_pri,IGH,63
JARCOQ010000018.1,Songbirds/Wrentit/bChaFas1_pri,IGL,28
JARCOR010000568.1,Songbirds/Wrentit/bChaFas1_alt,IGH,64
JARCOR010000018.1,Songbirds/Wrentit/bChaFas1_alt,IGL,28
JANCRA010000343.1,Songbirds/Yellow_Warbler/bSetPet1_pri,IGH,107
JANCRA010000021.1,Songbirds/Yellow_Warbler/bSetPet1_pri,IGL,25
JANCRB010000320.1,Songbirds/Yellow_Warbler/bSetPet1_alt,IGH,192
JANCRB010000022.1,Songbirds/Yellow_Warbler/bSetPet1_alt,IGL,25
CM109827.1,Songbirds/Zebra_Finch/bTaeGut7_pri,IGH,10
CM109804.1,Songbirds/Zebra_Finch/bTaeGut7_pri,IGL,22
CM109786.1,Songbirds/Zebra_Finch/bTaeGut7_alt,IGH,15
CM109765.1,Songbirds/Zebra_Finch/bTaeGut7_alt,IGL,20
JACSVZ010000003.1,Songbirds/Paradise_Crow/bLycPry6_pri,IGL,23
OZ246490.1,Songbirds/SilverEye/bZosLat1_pri,IGL,40
CM069574.1,Songbirds/Song_Sparrow/bMelMel2_pri,IGL,24
JAYKKQ010001732.1,Songbirds/Song_Sparrow/bMelMel2_alt,IGL,24
CM026863.1,Songbirds/Barn_Swallow/bHirRus1_pri,IGL,23
JADDRQ030000160.1,Songbirds/Barn_Swallow/bHirRus1_alt,IGL,23
JBKSJB010000406.1,Songbirds/Florida_scrub_jay/A.coerulescens_AC_1603_72852_pri,IGH,99
JBKSJB010000028.1,Songbirds/Florida_scrub_jay/A.coerulescens_AC_1603_72852_pri,IGL,47
JBKSJA010000654.1,Songbirds/Florida_scrub_jay/A.coerulescens_AC_1603_72872_pri,IGH,91
JBKSJA010000014.1,Songbirds/Florida_scrub_jay/A.coerulescens_AC_1603_72872_pri,IGL,47
JBKSIZ010000407.1,Songbirds/Florida_scrub_jay/A.coerulescens_AC_1713_89780_pri,IGH,113
JBKSIZ010000126.1,Songbirds/Florida_scrub_jay/A.coerulescens_AC_1713_89780_pri,IGL,89
JBKSIY010000183.1,Songbirds/Florida_scrub_jay/A.coerulescens_AC_1873_10093_pri,IGH,110
JBKSIY010000049.1,Songbirds/Florida_scrub_jay/A.coerulescens_AC_1873_10093_pri,IGL,47
JBKSIX010000396.1,Songbirds/Florida_scrub_jay/A.coerulescens_AC_1873_10702_pri,IGH,89
JBKSIX010000049.1,Songbirds/Florida_scrub_jay/A.coerulescens_AC_1873_10702_pri,IGL,47
JBKSIW010000325.1,Songbirds/Florida_scrub_jay/A.coerulescens_AC_1873_10717_pri,IGH,129
JBKSIW010000005.1,Songbirds/Florida_scrub_jay/A.coerulescens_AC_1873_10717_pri,IGL,47
JBKSIV010000180.1,Songbirds/Florida_scrub_jay/A.coerulescens_AC_1873_10752_pri,IGH,172
JBKSIV010000043.1,Songbirds/Florida_scrub_jay/A.coerulescens_AC_1873_10752_pri,IGL,68
JBKSIU010000719.1,Songbirds/Florida_scrub_jay/A.coerulescens_AC_1873_10831_pri,IGH,107
JBKSIU010000003.1,Songbirds/Florida_scrub_jay/A.coerulescens_AC_1873_10831_pri,IGL,47
JBKSIT010000383.1,Songbirds/Florida_scrub_jay/A.coerulescens_AC_1873_20908_pri,IGH,97
JBKSIT010000047.1,Songbirds/Florida_scrub_jay/A.coerulescens_AC_1873_20908_pri,IGL,47
JBKSIS010000276.1,Songbirds/Florida_scrub_jay/A.coerulescens_AC_1873_20930_pri,IGH,101
JBKSIS010000055.1,Songbirds/Florida_scrub_jay/A.coerulescens_AC_1873_20930_pri,IGL,68
JBKSIR010000064.1,Songbirds/Florida_scrub_jay/A.coerulescens_AC_1873_20934_pri,IGH,174
JBKSIR010000033.1,Songbirds/Florida_scrub_jay/A.coerulescens_AC_1873_20934_pri,IGL,47
JBKSIP010000103.1,Songbirds/Florida_scrub_jay/A.coerulescens_AC_1873_20954_pri,IGH,123
JBKSIP010000098.1,Songbirds/Florida_scrub_jay/A.coerulescens_AC_1873_20954_pri,IGL,47
JBKSIO010000776.1,Songbirds/Florida_scrub_jay/A.coerulescens_AC_1873_20970_pri,IGH,99
JBKSIO010000052.1,Songbirds/Florida_scrub_jay/A.coerulescens_AC_1873_20970_pri,IGL,89
JBKSIQ010000189.1,Songbirds/Florida_scrub_jay/A.coerulescens_AC_1873_20946_pri,IGH,124
JBKSIN010000286.1,Songbirds/Island_scrub_jay/A.insularis_AI_1363_74536_pri,IGH,106
JBKSIN010000014.1,Songbirds/Island_scrub_jay/A.insularis_AI_1363_74536_pri,IGL,98
JBKSIM010000455.1,Songbirds/Island_scrub_jay/A.insularis_AI_1363_74537_pri,IGH,109
JBKSIM010000049.1,Songbirds/Island_scrub_jay/A.insularis_AI_1363_74537_pri,IGL,98
JBKSIL010000486.1,Songbirds/Island_scrub_jay/A.insularis_AI_1363_74539_pri,IGH,107
JBKSIL010000101.1,Songbirds/Island_scrub_jay/A.insularis_AI_1363_74539_pri,IGL,98
JBKSIK010000354.1,Songbirds/Island_scrub_jay/A.insularis_AI_1363_74544_pri,IGH,103
JBKSIK010000080.1,Songbirds/Island_scrub_jay/A.insularis_AI_1363_74544_pri,IGL,98
JBKSIJ010000296.1,Songbirds/Island_scrub_jay/A.insularis_AI_1363_74563_pri,IGH,107
JBKSIJ010000122.1,Songbirds/Island_scrub_jay/A.insularis_AI_1363_74563_pri,IGL,98
JBKSII010000375.1,Songbirds/Island_scrub_jay/A.insularis_AI_1363_74565_pri,IGH,101
JBKSII010000107.1,Songbirds/Island_scrub_jay/A.insularis_AI_1363_74565_pri,IGL,98
JBKSIH010000412.1,Songbirds/Island_scrub_jay/A.insularis_AI_1603_79174_pri,IGH,100
JBKSIH010000029.1,Songbirds/Island_scrub_jay/A.insularis_AI_1603_79174_pri,IGL,98
JBKSIG010000080.1,Songbirds/Island_scrub_jay/A.insularis_AI_1603_79203_pri,IGH,103
JBKSIG010000063.1,Songbirds/Island_scrub_jay/A.insularis_AI_1603_79203_pri,IGL,112
JBKSIF010000236.1,Songbirds/Island_scrub_jay/A.insularis_AI_1603_79218_pri,IGH,108
JBKSIF010000127.1,Songbirds/Island_scrub_jay/A.insularis_AI_1603_79218_pri,IGL,98
JBKSIE010000594.1,Songbirds/Island_scrub_jay/A.insularis_AI_1603_79232_pri,IGH,106
JBKSIE010000069.1,Songbirds/Island_scrub_jay/A.insularis_AI_1603_79232_pri,IGL,97
JBKSID010000251.1,Songbirds/Island_scrub_jay/A.insularis_AI_1603_79302_pri,IGH,78
JBKSID010000041.1,Songbirds/Island_scrub_jay/A.insularis_AI_1603_79302_pri,IGL,96
JBKSIC010000130.1,Songbirds/Island_scrub_jay/A.insularis_AI_1603_79315_pri,IGH,105
JBKSIC010000005.1,Songbirds/Island_scrub_jay/A.insularis_AI_1603_79315_pri,IGL,98
JBKSIB010000433.1,Songbirds/Island_scrub_jay/A.insularis_AI_1703_64680_pri,IGH,104
JBKSIB010000030.1,Songbirds/Island_scrub_jay/A.insularis_AI_1703_64680_pri,IGL,98
JBKSIA010000377.1,Songbirds/Island_scrub_jay/A.insularis_AI_1833_00513_pri,IGH,104
JBKSIA010000078.1,Songbirds/Island_scrub_jay/A.insularis_AI_1833_00513_pri,IGL,98
JBKSHZ010000236.1,Songbirds/Island_scrub_jay/A.insularis_AI_1833_00687_pri,IGH,102
JBKSHZ010000002.1,Songbirds/Island_scrub_jay/A.insularis_AI_1833_00687_pri,IGL,98
JBKSHY010000175.1,Songbirds/Woodhouse_scrub_jay/A.woodhouseii_AW_365326_pri,IGH,152
JBKSHY010000019.1,Songbirds/Woodhouse_scrub_jay/A.woodhouseii_AW_365326_pri,IGL,66
JBKSHX010000025.1,Songbirds/Woodhouse_scrub_jay/A.woodhouseii_AW_365327_pri,IGL,74
JBKSHW010000455.1,Songbirds/Woodhouse_scrub_jay/A.woodhouseii_AW_365335_pri,IGH,125
JBKSHW010000018.1,Songbirds/Woodhouse_scrub_jay/A.woodhouseii_AW_365335_pri,IGL,51
JBKSHV010000061.1,Songbirds/Woodhouse_scrub_jay/A.woodhouseii_AW_365337_pri,IGL,83
JBKSHU010000003.1,Songbirds/Woodhouse_scrub_jay/A.woodhouseii_AW_365338_pri,IGL,62
JBKSHT010000636.1,Songbirds/Woodhouse_scrub_jay/A.woodhouseii_AW_365339_pri,IGH,119
JBKSHT010000041.1,Songbirds/Woodhouse_scrub_jay/A.woodhouseii_AW_365339_pri,IGL,83
JBKSHS010000664.1,Songbirds/Woodhouse_scrub_jay/A.woodhouseii_AW_366487_pri,IGH,53
JBKSHR010000651.1,Songbirds/Woodhouse_scrub_jay/A.woodhouseii_AW_366488_pri,IGH,153
JBKSHR010000046.1,Songbirds/Woodhouse_scrub_jay/A.woodhouseii_AW_366488_pri,IGL,92
JBKSHQ010000480.1,Songbirds/Woodhouse_scrub_jay/A.woodhouseii_AW_366490_pri,IGH,193
JBKSHQ010000065.1,Songbirds/Woodhouse_scrub_jay/A.woodhouseii_AW_366490_pri,IGL,133
JBKSHP010000516.1,Songbirds/Woodhouse_scrub_jay/A.woodhouseii_AW_366493_pri,IGH,138
JBKSHP010000027.1,Songbirds/Woodhouse_scrub_jay/A.woodhouseii_AW_366493_pri,IGL,109
JBKSHO010000436.1,Songbirds/Woodhouse_scrub_jay/A.woodhouseii_AW_366494_pri,IGH,251
JBKSHO010000082.1,Songbirds/Woodhouse_scrub_jay/A.woodhouseii_AW_366494_pri,IGL,77
JBKSHN010000326.1,Songbirds/Woodhouse_scrub_jay/A.woodhouseii_AW_366497_pri,IGH,68
JBKSHN010000025.1,Songbirds/Woodhouse_scrub_jay/A.woodhouseii_AW_366497_pri,IGL,52
JBKSHM010000737.1,Songbirds/Woodhouse_scrub_jay/A.woodhouseii_AW_366498_pri,IGH,82
JBKSHM010000118.1,Songbirds/Woodhouse_scrub_jay/A.woodhouseii_AW_366498_pri,IGL,47
JBKSHL010000009.1,Songbirds/Woodhouse_scrub_jay/A.woodhouseii_AW_366499_pri,IGL,98
JBKSHK010000378.1,Songbirds/Yucatan_jay/C.yucatanicus_CY_8788_pri,IGH,157
JBKSHK010000041.1,Songbirds/Yucatan_jay/C.yucatanicus_CY_8788_pri,IGL,54
JBVOXG010000006.1,Songbirds/Chestnut_seedeater/bSpoCin1_alt,IGL,24
JBVOXI010000665.1,Songbirds/Chestnut_seedeater/bSpoCin2_alt,IGH,104
JBVOXI010000006.1,Songbirds/Chestnut_seedeater/bSpoCin2_alt,IGL,24
JBVOXF010000091.1,Songbirds/Chestnut_seedeater/bSpoCin3_pri,IGH,222
JBVOXF010000024.1,Songbirds/Chestnut_seedeater/bSpoCin3_pri,IGL,25
JBVOXH010000086.1,Songbirds/Chestnut_seedeater/bSpoCin4_pri,IGH,456
JBVOXH010000024.1,Songbirds/Chestnut_seedeater/bSpoCin4_pri,IGL,24
JBVOWU010000188.1,Songbirds/Dark_throated_seedeater/bSpoRuf1_alt,IGL,23
JBVOWS010000010.1,Songbirds/Dark_throated_seedeater/bSpoRuf2_alt,IGL,24
JBVOWR010000102.1,Songbirds/Dark_throated_seedeater/bSpoRuf3_pri,IGH,146
JBVOWR010000026.1,Songbirds/Dark_throated_seedeater/bSpoRuf3_pri,IGL,24
JBVOWT010000194.1,Songbirds/Dark_throated_seedeater/bSpoRuf4_pri,IGH,141
JBVOWT010000045.1,Songbirds/Dark_throated_seedeater/bSpoRuf4_pri,IGL,29
JBVOXE010000008.1,Songbirds/Grey_and_chestnut_seedeater/bSpoHyp1_alt,IGL,23
JBVOXD010000092.1,Songbirds/Grey_and_chestnut_seedeater/bSpoHyp2_pri,IGH,344
JBVOXD010000032.1,Songbirds/Grey_and_chestnut_seedeater/bSpoHyp2_pri,IGL,24
JBRFQN010000379.1,Songbirds/Ibera_seedeater/bSpoIbe1,IGH,1
JBRFQN010000002.1,Songbirds/Ibera_seedeater/bSpoIbe1,IGL,24
JBRFQP010000055.1,Songbirds/Ibera_seedeater/bSpoIbe2,IGL,22
JBRFQT010000017.1,Songbirds/Ibera_seedeater/bSpoIbe3,IGL,23
JBRFQR010000027.1,Songbirds/Ibera_seedeater/bSpoIbe4,IGL,24
JBRFQM010000056.1,Songbirds/Ibera_seedeater/bSpoIbe5,IGH,111
JBRFQM010000023.1,Songbirds/Ibera_seedeater/bSpoIbe5,IGL,24
JBRFQO010000064.1,Songbirds/Ibera_seedeater/bSpoIbe6,IGH,153
JBRFQO010000022.1,Songbirds/Ibera_seedeater/bSpoIbe6,IGL,24
JBRFQQ010000134.1,Songbirds/Ibera_seedeater/bSpoIbe7,IGH,105
JBRFQQ010000035.1,Songbirds/Ibera_seedeater/bSpoIbe7,IGL,23
JBRFQS010000098.1,Songbirds/Ibera_seedeater/bSpoIbe8,IGH,152
JBRFQS010000021.1,Songbirds/Ibera_seedeater/bSpoIbe8,IGL,24
JBVOWY010000164.1,Songbirds/Marsh_seedeater/bSpoPal1_alt,IGL,24
JBVOXA010000842.1,Songbirds/Marsh_seedeater/bSpoPal2_alt,IGH,187
JBVOXA010000007.1,Songbirds/Marsh_seedeater/bSpoPal2_alt,IGL,23
JBVOWZ010000199.1,Songbirds/Marsh_seedeater/bSpoPal3_pri,IGH,295
JBVOWZ010000037.1,Songbirds/Marsh_seedeater/bSpoPal3_pri,IGL,24
JBVOXB010000171.1,Songbirds/Marsh_seedeater/bSpoPal4_pri,IGH,246
JBVOXB010000037.1,Songbirds/Marsh_seedeater/bSpoPal4_pri,IGL,23
JBVOXC010000054.1,Songbirds/Marsh_seedeater/bSpoPal5_alt,IGL,24
JBVOWX010000156.1,Songbirds/Marsh_seedeater/bSpoPal6_pri,IGH,306
JBVOWX010000037.1,Songbirds/Marsh_seedeater/bSpoPal6_pri,IGL,23
JBVOWW010000052.1,Songbirds/Pearly_bellied_seedeater/bSpoPil1_alt,IGL,24
JBVOWV010000239.1,Songbirds/Pearly_bellied_seedeater/bSpoPil2_pri,IGH,313
JBVOWV010000035.1,Songbirds/Pearly_bellied_seedeater/bSpoPil2_pri,IGL,24
JBRFQV010000007.1,Songbirds/Tawny_bellied_seedeater/bSpoHyp1,IGL,24
JBRFQX010000135.1,Songbirds/Tawny_bellied_seedeater/bSpoHyp2,IGL,24
JBRFQZ010000224.1,Songbirds/Tawny_bellied_seedeater/bSpoHyp3,IGL,23
JBRFQU010000075.1,Songbirds/Tawny_bellied_seedeater/bSpoHyp4,IGH,128
JBRFQU010000022.1,Songbirds/Tawny_bellied_seedeater/bSpoHyp4,IGL,25
JBRFQW010000065.1,Songbirds/Tawny_bellied_seedeater/bSpoHyp5,IGL,23
JBRFQY010000121.1,Songbirds/Tawny_bellied_seedeater/bSpoHyp6,IGH,71
JBRFQY010000027.1,Songbirds/Tawny_bellied_seedeater/bSpoHyp6,IGL,23
h2tg001067l,Songbirds/Common_cactus_finch/Scandens_alt,IGH,165
h2tg000672l,Songbirds/Common_cactus_finch/Scandens_alt,IGL,19
h1tg001076l,Songbirds/Common_cactus_finch/Scandens_pri,IGH,164
h1tg000070l,Songbirds/Common_cactus_finch/Scandens_pri,IGL,19
h2tg001584l,Songbirds/Large_ground_finch/Magnirostris_alt,IGH,49
h2tg000404l,Songbirds/Large_ground_finch/Magnirostris_alt,IGL,14
h1tg000218l,Songbirds/Large_ground_finch/Magnirostris_pri,IGL,19
h2tg000509l,Songbirds/Medium_ground_finch/Fortis_pri,IGH,83
h2tg000060l,Songbirds/Medium_ground_finch/Fortis_pri,IGL,19
u000002194,Songbirds/Medium_ground_finch/GeospizaFortis_HiC,IGH,122
u000001690,Songbirds/Medium_ground_finch/GeospizaFortis_HiC,IGL,19
h2tg001418l,Songbirds/Small_ground_finch/Fuliginosa_alt,IGH,36
h2tg000027l,Songbirds/Small_ground_finch/Fuliginosa_alt,IGL,19
h1tg000028l,Songbirds/Small_ground_finch/Fuliginosa_pri,IGL,19
LR761588.1,Songbirds/Small_tree_finch/GCA_902806625_1,IGL,19
OX451257.1,Cormorants/European_Shag/bGulAri2_pri,IGH,49
OX451238.1,Cormorants/European_Shag/bGulAri2_pri,IGL,18
CATIVF010004632.1,Cormorants/European_Shag/bGulAri2_alt,IGH,15
OY997631.1,Cormorants/Great_Cormorant/bPhaCar2_pri,IGH,140
OY997617.1,Cormorants/Great_Cormorant/bPhaCar2_pri,IGL,18
CAWUGX010000046.1,Cormorants/Great_Cormorant/bPhaCar2_alt,IGH,103
CAWUGX010000717.1,Cormorants/Great_Cormorant/bPhaCar2_alt,IGL,30
JAKCOY010000186.1,Cranes/Black_Rail/bLatJam1_alt,IGL,34
JAKCOX010000040.1,Cranes/Black_Rail/bLatJam1_pri,IGL,35
JAAIYC010000035.1,Cranes/Grey_CrownedCrane/bBalReg1_pri,IGH,44
CM021634.1,Cranes/Grey_CrownedCrane/bBalReg1_pri,IGL,29
JAAIYD010000418.1,Cranes/Grey_CrownedCrane/bBalReg1_alt,IGL,30
CM054341.1,Cranes/Whooping_Crane/bGruAme1_pri,IGH,83
CM054320.1,Cranes/Whooping_Crane/bGruAme1_pri,IGL,24
JARBUR010000098.1,Cranes/Whooping_Crane/bGruAme1_alt,IGH,95
CM054283.1,Cranes/Whooping_Crane/bGruAme1_alt,IGL,26
CAXKZJ010000466.1,Cranes/Eurasian_Crane/bGruGru1_pri,IGH,169
OZ067119.1,Cranes/Eurasian_Crane/bGruGru1_pri,IGL,24
JAJHSY010000139.1,Cranes/Takahe/bPorHoc1_pri,IGH,187
CM036922.1,Cranes/Takahe/bPorHoc1_pri,IGL,52
JAJHSZ010000035.1,Cranes/Takahe/bPorHoc1_alt,IGH,130
JAJHSZ010000021.1,Cranes/Takahe/bPorHoc1_alt,IGL,57
OZ175174.1,Cranes/Common_Moorhen/bGalChl1_pri,IGH,784
OZ175157.1,Cranes/Common_Moorhen/bGalChl1_pri,IGL,30
JAKCOZ010000089.1,Cranes/Virginia_Rail/bRalLim1_pri,IGH,789
JAKCOZ010000020.1,Cranes/Virginia_Rail/bRalLim1_pri,IGL,30
JAKCPA010000110.1,Cranes/Virginia_Rail/bRalLim1_alt,IGH,1293
JAKCPA010000022.1,Cranes/Virginia_Rail/bRalLim1_alt,IGL,28
CM106464.1,MiscBirds/Elegant_Crested_Tinamou/bEudEle1_pri,IGH,24
CM106443.1,MiscBirds/Elegant_Crested_Tinamou/bEudEle1_pri,IGL,14
CM106405.1,MiscBirds/Elegant_Crested_Tinamou/bEudEle1_alt,IGL,13
CM050654.1,MiscBirds/Kagu/bRhyJub1_pri,IGH,55
CM050666.1,MiscBirds/Kagu/bRhyJub1_pri,IGL,21
JAQBHZ010000325.1,MiscBirds/Kagu/bRhyJub1_alt,IGH,66
JAQBHZ010001033.1,MiscBirds/Kagu/bRhyJub1_alt,IGL,18
CM030675.1,MiscBirds/Common_Cuckoo/bCucCan1_pri,IGH,44
CM030653.1,MiscBirds/Common_Cuckoo/bCucCan1_pri,IGL,14
JAGIYU010000353.1,MiscBirds/Common_Cuckoo/bCucCan1_alt,IGL,14
CM029183.1,MiscBirds/Rifleman/bAcaChl1_pri,IGH,136
CM029205.1,MiscBirds/Rifleman/bAcaChl1_pri,IGL,73
JAFCHR010002746.1,MiscBirds/Rifleman/bAcaChl1_alt,IGH,115
JAFCHR010002834.1,MiscBirds/Rifleman/bAcaChl1_alt,IGL,28
CM071247.1,MiscBirds/North_Island_Brown_Kiwi/bAptMan1_pri,IGH,70
CM071225.1,MiscBirds/North_Island_Brown_Kiwi/bAptMan1_pri,IGL,26
CM071204.1,MiscBirds/North_Island_Brown_Kiwi/bAptMan1_alt,IGH,44
CM071182.1,MiscBirds/North_Island_Brown_Kiwi/bAptMan1_alt,IGL,29
CM072425.1,MiscBirds/Emu/bDroNov1_pri,IGH,31
CM072404.1,MiscBirds/Emu/bDroNov1_pri,IGL,34
CM072384.1,MiscBirds/Emu/bDroNov1_alt,IGH,32
CM072365.1,MiscBirds/Emu/bDroNov1_alt,IGL,34
CM075622.1,MiscBirds/King_Vulture/bSarPap1_pri,IGH,46
CM075603.1,MiscBirds/King_Vulture/bSarPap1_pri,IGL,28
CM075583.1,MiscBirds/King_Vulture/bSarPap1_alt,IGH,48
CM075564.1,MiscBirds/King_Vulture/bSarPap1_alt,IGL,29
CM081614.1,MiscBirds/Common_Ostrich/bStrCam1_pri,IGH,29
CM081602.1,MiscBirds/Common_Ostrich/bStrCam1_pri,IGL,43
CM081575.1,MiscBirds/Common_Ostrich/bStrCam1_alt,IGH,29
CM081563.1,MiscBirds/Common_Ostrich/bStrCam1_alt,IGL,46
CM054361.1,MiscBirds/Speckled_Mousebird/bColStr4_pri,IGL,17
JARBXQ010000175.1,MiscBirds/Speckled_Mousebird/bColStr4_alt,IGH,54
CM054223.1,MiscBirds/Speckled_Mousebird/bColStr4_alt,IGL,17
JAVHSP010000381.1,MiscBirds/Northern_Gannet/bMorBas2_pri,IGH,66
CM062543.1,MiscBirds/Northern_Gannet/bMorBas2_pri,IGL,63
JAVHSO010000220.1,MiscBirds/Northern_Gannet/bMorBas2_alt,IGH,117
CM062577.1,MiscBirds/Northern_Gannet/bMorBas2_alt,IGL,20
CAJRAV010000001.1,MiscBirds/Eurasian_Nightjar/bCapEur3_pri,IGH,168
OU015542.1,MiscBirds/Eurasian_Nightjar/bCapEur3_pri,IGL,14
CAJRAW010002092.1,MiscBirds/Eurasian_Nightjar/bCapEur3_alt,IGH,216
CAJRAW010001258.1,MiscBirds/Eurasian_Nightjar/bCapEur3_alt,IGL,14
CM051797.1,MiscBirds/Lesser_Rhea/bPtePen1_pri,IGH,24
CM051777.1,MiscBirds/Lesser_Rhea/bPtePen1_pri,IGL,34
JAQOLW010000128.1,MiscBirds/Lesser_Rhea/bPtePen1_alt,IGH,24
JAQOLW010000339.1,MiscBirds/Lesser_Rhea/bPtePen1_alt,IGL,26
JAJGQY010000095.1,MiscBirds/Common_Swift/bApuApu2_pri,IGH,2
CM036518.1,MiscBirds/Common_Swift/bApuApu2_pri,IGL,21
JAJGQZ010001640.1,MiscBirds/Common_Swift/bApuApu2_alt,IGH,27
JAJGQZ010000805.1,MiscBirds/Common_Swift/bApuApu2_alt,IGL,20
CM036634.1,MiscBirds/Surucua_Trogon/bTroSur1_pri,IGL,23
JAJGSU010000564.1,MiscBirds/Surucua_Trogon/bTroSur1_alt,IGL,22
OZ196950.1,MiscBirds/RedBilled_Tropicbird/bPhaAeh10_pri,IGH,18
OZ196929.1,MiscBirds/RedBilled_Tropicbird/bPhaAeh10_pri,IGL,19
WNMG01000078.1,MiscBirds/Abyssinian_Ground_Hornbill/bBucAby1_pri,IGH,59
CM020048.1,MiscBirds/Abyssinian_Ground_Hornbill/bBucAby1_pri,IGL,15
WNMH01003450.1,MiscBirds/Abyssinian_Ground_Hornbill/bBucAby1_alt,IGH,29
WNMH01003252.1,MiscBirds/Abyssinian_Ground_Hornbill/bBucAby1_alt,IGL,16
JABXNV010000174.1,MiscBirds/Great_Potoo/bNycGra1_pri,IGH,35
CM023745.1,MiscBirds/Great_Potoo/bNycGra1_pri,IGL,22
JABXNW010001296.1,MiscBirds/Great_Potoo/bNycGra1_alt,IGH,35
JABXNW010000671.1,MiscBirds/Great_Potoo/bNycGra1_alt,IGL,25
WOXW01000105.1,MiscBirds/RedCrested_Turaco/bTauEry1_pri,IGH,49
CM019984.1,MiscBirds/RedCrested_Turaco/bTauEry1_pri,IGL,20
WOXX01003394.1,MiscBirds/RedCrested_Turaco/bTauEry1_alt,IGH,48
WOXX01002182.1,MiscBirds/RedCrested_Turaco/bTauEry1_alt,IGL,19
CM071420.1,MiscBirds/Macqueens_Bustard/bChlMac1_pri,IGH,31
CM071402.1,MiscBirds/Macqueens_Bustard/bChlMac1_pri,IGL,57
CM071384.1,MiscBirds/Macqueens_Bustard/bChlMac1_alt,IGH,30
CM071366.1,MiscBirds/Macqueens_Bustard/bChlMac1_alt,IGL,39
OZ077848.1,MiscBirds/Corys_Shearwater/bCalBor7_pri,IGH,51
OZ077828.1,MiscBirds/Corys_Shearwater/bCalBor7_pri,IGL,68
JAQJZH010000338.1,MiscBirds/Tawny_Frogmouth/bPodStr1_pri,IGH,16
CM051637.1,MiscBirds/Tawny_Frogmouth/bPodStr1_pri,IGL,16
JAQJZI010000277.1,MiscBirds/Tawny_Frogmouth/bPodStr1_alt,IGH,2
JAXIUQ010000319.1,MiscBirds/CuckooRoller/bLepDis1_pri,IGH,132
CM067796.1,MiscBirds/CuckooRoller/bLepDis1_pri,IGL,34
JAXIUR010000273.1,MiscBirds/CuckooRoller/bLepDis1_alt,IGH,89
CM067824.1,MiscBirds/CuckooRoller/bLepDis1_alt,IGL,60
WNMK01000063.1,MiscBirds/American_Flamingo/bPhoRub2_pri,IGH,78
CM020231.1,MiscBirds/American_Flamingo/bPhoRub2_pri,IGL,47
WNML01001384.1,MiscBirds/American_Flamingo/bPhoRub2_alt,IGL,59
JAVFKZ010000056.1,MiscBirds/Hoatzin/bOpiHoa1_pri,IGH,63
CM061394.1,MiscBirds/Hoatzin/bOpiHoa1_pri,IGL,57
JAVFLA010000168.1,MiscBirds/Hoatzin/bOpiHoa1_alt,IGH,29
CM061435.1,MiscBirds/Hoatzin/bOpiHoa1_alt,IGL,75
CM020296.1,MiscBirds/RedLegged_Seriema/bCarCri1_pri,IGH,53
CM020278.1,MiscBirds/RedLegged_Seriema/bCarCri1_pri,IGL,24
WNMP01002712.1,MiscBirds/RedLegged_Seriema/bCarCri1_alt,IGH,12
WNMP01001134.1,MiscBirds/RedLegged_Seriema/bCarCri1_alt,IGL,26
JAGFVN010000099.1,MiscBirds/Maguari_Stork/bCicMag1_pri,IGH,57
CM030206.1,MiscBirds/Maguari_Stork/bCicMag1_pri,IGL,13
JAGFVO010004217.1,MiscBirds/Maguari_Stork/bCicMag1_alt,IGH,135
JAGFVO010002616.1,MiscBirds/Maguari_Stork/bCicMag1_alt,IGL,14
JAJGQW010000131.1,MiscBirds/Whiskered_Treeswift/bHemCom1_pri,IGH,68
CM036602.1,MiscBirds/Whiskered_Treeswift/bHemCom1_pri,IGL,16
JAJGQX010002234.1,MiscBirds/Whiskered_Treeswift/bHemCom1_alt,IGH,16
JAJGQX010001156.1,MiscBirds/Whiskered_Treeswift/bHemCom1_alt,IGL,16
CM060010.1,MiscBirds/Dalmatian_Pelican/bPelCri1_pri,IGL,41
JAUANZ010001380.1,MiscBirds/Dalmatian_Pelican/bPelCri1_alt,IGL,44
WNMU01000037.1,MiscBirds/Carmine_BeeEater/bMerNub1_pri,IGH,75
CM020383.1,MiscBirds/Carmine_BeeEater/bMerNub1_pri,IGL,16
WNMV01001439.1,MiscBirds/Carmine_BeeEater/bMerNub1_alt,IGL,16
CM049918.1,MiscBirds/Humboldt_Penguin/bSphHub1_pri,IGH,41
CM049901.1,MiscBirds/Humboldt_Penguin/bSphHub1_pri,IGL,40
JAPZLK010002995.1,MiscBirds/Humboldt_Penguin/bSphHub1_alt,IGH,41
JAVGJA010000599.1,MiscBirds/RedThroated_Loon/bGavSte3_pri,IGH,55
CM061665.1,MiscBirds/RedThroated_Loon/bGavSte3_pri,IGL,18
JAVGIZ010000770.1,MiscBirds/RedThroated_Loon/bGavSte3_alt,IGH,19
CM061709.1,MiscBirds/RedThroated_Loon/bGavSte3_alt,IGL,20
JBDMAX010000146.1,MiscBirds/Mountain_OwletNightjar/bAegAlb1_pri,IGH,24
CM078478.1,MiscBirds/Mountain_OwletNightjar/bAegAlb1_pri,IGL,15
JBDMAY010000363.1,MiscBirds/Mountain_OwletNightjar/bAegAlb1_alt,IGH,24
CM078405.1,MiscBirds/Mountain_OwletNightjar/bAegAlb1_alt,IGL,25
CM020163.1,MiscBirds/YellowThroated_Sandgrouse/bPteGut1_pri,IGL,17
WNNF01000415.1,MiscBirds/YellowThroated_Sandgrouse/bPteGut1_alt,IGH,1
WNNF01001423.1,MiscBirds/YellowThroated_Sandgrouse/bPteGut1_alt,IGL,15
JASWHT010000018.1,Owls/Spotted_Owl/bStriOcc1_pri,IGL,28
JASWHU010000019.1,Owls/Spotted_Owl/bStriOcc1_alt,IGL,29
JAVFLD010000162.1,Owls/Tawny_Owl/bStrAlu1_pri,IGH,86
CM062893.1,Owls/Tawny_Owl/bStrAlu1_pri,IGL,25
JAVFLE010000124.1,Owls/Tawny_Owl/bStrAlu1_alt,IGH,104
CM062960.1,Owls/Tawny_Owl/bStrAlu1_alt,IGL,24
OZ222767.1,Owls/Little_Owl/bAthNoc1_pri,IGH,35
OZ222746.1,Owls/Little_Owl/bAthNoc1_pri,IGL,32
WNMM01000072.1,Waterfowl/Tufted_Duck/bAytFul2_pri,IGH,62
WNMN01000729.1,Waterfowl/Tufted_Duck/bAytFul2_alt,IGH,11
WNMN01000274.1,Waterfowl/Tufted_Duck/bAytFul2_alt,IGL,62
OZ124251.1,Waterfowl/Common_Pochard/bAytFer1_pri,IGH,53
OZ223647.1,Waterfowl/Greater_Scaup/bAytMar2_pri,IGH,58
OZ037828.1,Waterfowl/RedCrested_Pochard/bNetRuf1_pri,IGH,55
CAXIVA010000902.1,Waterfowl/RedCrested_Pochard/bNetRuf1_alt,IGH,58
CAXIVA010000483.1,Waterfowl/RedCrested_Pochard/bNetRuf1_alt,IGL,72
OZ077013.1,Waterfowl/Mallard/bAnaPla2_pri,IGH,103
NC_092617.1,Waterfowl/Mallard/bPekinDuck_T2T,IGH,86
NC_092602.1,Waterfowl/Mallard/bPekinDuck_T2T,IGL,100
WNMI02000088.1,Waterfowl/Mute_Swan/bCygOlo1_pri,IGH,72
CM020081.2,Waterfowl/Mute_Swan/bCygOlo1_pri,IGL,43
WNMJ02001716.1,Waterfowl/Mute_Swan/bCygOlo1_alt,IGL,42
OZ009996.1,Waterfowl/Northern_Pintail/bAnaAcu1_pri,IGH,219
OZ009980.1,Waterfowl/Northern_Pintail/bAnaAcu1_pri,IGL,104
CAWVPT010001860.1,Waterfowl/Northern_Pintail/bAnaAcu1_alt,IGH,78
CAWVPT010000992.1,Waterfowl/Northern_Pintail/bAnaAcu1_alt,IGL,90
OZ246744.1,Waterfowl/Canada_Goose/bBraCan1_pri,IGH,69
OZ246728.1,Waterfowl/Canada_Goose/bBraCan1_pri,IGL,46
CBDDMW010004221.1,Waterfowl/Canada_Goose/bBraCan1_alt,IGH,83
CBDDMW010000024.1,Waterfowl/Canada_Goose/bBraCan1_alt,IGL,33
CM079393.1,Waterfowl/Swan_Goose/bAnsCyg1_pri,IGL,33
OZ035921.1,Waterfowl/PinkFooted_Goose/bAnsBra1_pri,IGH,81
OZ035904.1,Waterfowl/PinkFooted_Goose/bAnsBra1_pri,IGL,35
CAXIUF010002715.1,Waterfowl/PinkFooted_Goose/bAnsBra1_alt,IGH,65
CAXIUF010000103.1,Waterfowl/PinkFooted_Goose/bAnsBra1_alt,IGL,29
OZ124291.1,Waterfowl/Domestic_Goose/bAnsAns1_pri,IGH,63
OZ124275.1,Waterfowl/Domestic_Goose/bAnsAns1_pri,IGL,36
OZ060866.1,Waterfowl/Common_Goldeneye/bBucCla1_pri,IGH,141
OZ060852.1,Waterfowl/Common_Goldeneye/bBucCla1_pri,IGL,62
CAXKXT010000777.1,Waterfowl/Common_Goldeneye/bBucCla1_alt,IGH,203
CAXKXT010000827.1,Waterfowl/Common_Goldeneye/bBucCla1_alt,IGL,78
OZ022460.1,Waterfowl/LongTailed_Duck/bClaHye2_pri,IGH,75
OZ022442.1,Waterfowl/LongTailed_Duck/bClaHye2_pri,IGL,61
CAXDIQ010001802.1,Waterfowl/LongTailed_Duck/bClaHye2_alt,IGH,86
OZ223826.1,Waterfowl/Tundra_Swan/bCygCol1_pri,IGH,63
OZ223811.1,Waterfowl/Tundra_Swan/bCygCol1_pri,IGL,33
CBCUAL010000031.1,Waterfowl/Tundra_Swan/bCygCol1_alt,IGH,63
CBCUAL010000016.1,Waterfowl/Tundra_Swan/bCygCol1_alt,IGL,33
CM072133.1,Waterfowl/Brazilian_Merganser/bMerOct1_alt,IGH,65
CM072115.1,Waterfowl/Brazilian_Merganser/bMerOct1_alt,IGL,57
CM072316.1,Waterfowl/Brazilian_Merganser/bMerOct1_pri,IGH,65
CM072298.1,Waterfowl/Brazilian_Merganser/bMerOct1_pri,IGL,68
JANXIN010000208.1,Woodpeckers/Acorn_Woodpecker/bMelFor1_pri,IGH,87
JANXIN010000060.1,Woodpeckers/Acorn_Woodpecker/bMelFor1_pri,IGL,35
JANXIO010000067.1,Woodpeckers/Acorn_Woodpecker/bMelFor1_alt,IGL,40
JACNMV010000086.1,Woodpeckers/Downy_Woodpecker/bDryPub1_pri,IGH,2
CM026018.1,Woodpeckers/Downy_Woodpecker/bDryPub1_pri,IGL,18
JACNMW010000788.1,Woodpeckers/Downy_Woodpecker/bDryPub1_alt,IGL,17
JADCQK010000172.1,Woodpeckers/RedFronted_Tinkerbird/bPogPus1_pri,IGH,25
CM026805.1,Woodpeckers/RedFronted_Tinkerbird/bPogPus1_pri,IGL,13
JADCQL010001572.1,Woodpeckers/RedFronted_Tinkerbird/bPogPus1_alt,IGL,14
JAPMHX010001827.1,Eagles/Harpy_Eagle/bHarHar1_alt,IGH,51
JAPMHX010003450.1,Eagles/Harpy_Eagle/bHarHar1_alt,IGH,19
JAPMHX010004408.1,Eagles/Harpy_Eagle/bHarHar1_alt,IGH,28
JAPMHX010004918.1,Eagles/Harpy_Eagle/bHarHar1_alt,IGH,28
JBIYQY010000100.1,Eagles/Crested_Eagle/bMorGui1_alt,IGH,60
JAMOAT010000034.1,Falcons/Lanner_Falcon/bFalBia1_pri,IGH,15
JAMOAT010000338.1,Falcons/Lanner_Falcon/bFalBia1_pri,IGH,11
CATOBR010000105.1,Landfowl/Western_Capercaillie/bTetUro1_pri,IGH,23
CATOBR010000106.1,Landfowl/Western_Capercaillie/bTetUro1_pri,IGH,8
CATOBR010000129.1,Landfowl/Western_Capercaillie/bTetUro1_pri,IGH,5
CM022643.1,Parrots/Budgerigar/bMelUnd1_pri,IGL,20
CM054387.1,Parrots/BlueAndGold_Macaw/bAraAra1_pri,IGL,14
CM054248.1,Parrots/BlueAndGold_Macaw/bAraAra1_alt,IGL,13
WNMX01001785.1,Plovers/Common_Tern/bSteHir1_alt,IGH,91
WNMX01001798.1,Plovers/Common_Tern/bSteHir1_alt,IGH,75
WNMX01001911.1,Plovers/Common_Tern/bSteHir1_alt,IGH,265
CAWVQZ010002885.1,Plovers/Lesser_BlackBacked_Gull/bLarFus1_alt,IGH,161
CAWVQZ010004017.1,Plovers/Lesser_BlackBacked_Gull/bLarFus1_alt,IGH,45
CAWVQZ010000295.1,Plovers/Lesser_BlackBacked_Gull/bLarFus1_alt,IGL,46
CAWVQZ010003713.1,Plovers/Lesser_BlackBacked_Gull/bLarFus1_alt,IGL,12
JBIYRB010000311.1,Suboscines/Xingu_ScaleBacked_Antbird/bWilVid1_pri,IGH,163
JBIYRB010000385.1,Suboscines/Xingu_ScaleBacked_Antbird/bWilVid1_pri,IGH,101
JAKDEX010009733.1,Songbirds/Bells_Sparrow/bArtBel1_alt,IGH,70
JAKDEX010017564.1,Songbirds/Bells_Sparrow/bArtBel1_alt,IGH,45
JAKDEX010019776.1,Songbirds/Bells_Sparrow/bArtBel1_alt,IGH,53
JAKDEX010039873.1,Songbirds/Bells_Sparrow/bArtBel1_alt,IGH,39
JAKDEX010009286.1,Songbirds/Bells_Sparrow/bArtBel1_alt,IGL,7
JBHOIO010000231.1,Songbirds/House_Finch/AL_1_pri,IGH,109
JBHOIO010000540.1,Songbirds/House_Finch/AL_1_pri,IGH,67
JBHOIN010000179.1,Songbirds/House_Finch/AL_2_alt,IGH,68
JBHOIN010000418.1,Songbirds/House_Finch/AL_2_alt,IGH,118
JBHOIM010000163.1,Songbirds/House_Finch/AL_2_pri,IGH,69
JBHOIM010000474.1,Songbirds/House_Finch/AL_2_pri,IGH,121
JBHOJF010001683.1,Songbirds/House_Finch/CA_1_alt,IGH,37
JBHOJF010002801.1,Songbirds/House_Finch/CA_1_alt,IGH,15
JBHOJF010004206.1,Songbirds/House_Finch/CA_1_alt,IGH,10
JBHOJE010001713.1,Songbirds/House_Finch/CA_1_pri,IGH,35
JBHOJE010002938.1,Songbirds/House_Finch/CA_1_pri,IGH,16
JBHOJE010003360.1,Songbirds/House_Finch/CA_1_pri,IGH,43
JBHOJE010004752.1,Songbirds/House_Finch/CA_1_pri,IGH,10
JBHOJD010001637.1,Songbirds/House_Finch/CA_2_alt,IGH,34
JBHOJD010002872.1,Songbirds/House_Finch/CA_2_alt,IGH,42
JBHOJC010001747.1,Songbirds/House_Finch/CA_2_pri,IGH,34
JBHOJC010003158.1,Songbirds/House_Finch/CA_2_pri,IGH,42
JBHOJC010000035.1,Songbirds/House_Finch/CA_2_pri,IGL,10
JBHOJC010002086.1,Songbirds/House_Finch/CA_2_pri,IGL,12
JBHOIB010000323.1,Songbirds/House_Finch/MA_2_alt,IGH,79
JBHOIB010000341.1,Songbirds/House_Finch/MA_2_alt,IGH,112
JBHOIB010000556.1,Songbirds/House_Finch/MA_2_alt,IGH,66
JBHOIA010000362.1,Songbirds/House_Finch/MA_2_pri,IGH,80
JBHOIA010000386.1,Songbirds/House_Finch/MA_2_pri,IGH,112
JBHOIA010000709.1,Songbirds/House_Finch/MA_2_pri,IGH,62
JBHOJB010000359.1,Songbirds/House_Finch/NM_1_alt,IGH,125
JBHOJB010000537.1,Songbirds/House_Finch/NM_1_alt,IGH,55
JBHOJA010000376.1,Songbirds/House_Finch/NM_1_pri,IGH,125
JBHOJA010000625.1,Songbirds/House_Finch/NM_1_pri,IGH,57
JBHOIZ010000235.1,Songbirds/House_Finch/NM_2_alt,IGH,145
JBHOIZ010000295.1,Songbirds/House_Finch/NM_2_alt,IGH,147
JBHOIY010000238.1,Songbirds/House_Finch/NM_2_pri,IGH,145
JBHOIY010000297.1,Songbirds/House_Finch/NM_2_pri,IGH,147
JBHOIH010000421.1,Songbirds/House_Finch/NY_1_alt,IGH,102
JBHOIH010000507.1,Songbirds/House_Finch/NY_1_alt,IGH,76
JBHOIG010000451.1,Songbirds/House_Finch/NY_1_pri,IGH,102
JBHOIG010000583.1,Songbirds/House_Finch/NY_1_pri,IGH,76
JBHOIF010000041.1,Songbirds/House_Finch/NY_2_alt,IGH,99
JBHOIF010000091.1,Songbirds/House_Finch/NY_2_alt,IGH,267
JBHOIE010000039.1,Songbirds/House_Finch/NY_2_pri,IGH,99
JBHOIE010000105.1,Songbirds/House_Finch/NY_2_pri,IGH,272
JBHOIL010000173.1,Songbirds/House_Finch/OH_1_alt,IGH,53
JBHOIL010000217.1,Songbirds/House_Finch/OH_1_alt,IGH,74
JBHOIK010000177.1,Songbirds/House_Finch/OH_1_pri,IGH,53
JBHOIK010000222.1,Songbirds/House_Finch/OH_1_pri,IGH,73
JBHOIJ010000107.1,Songbirds/House_Finch/OH_2_alt,IGH,72
JBHOIJ010000257.1,Songbirds/House_Finch/OH_2_alt,IGH,265
JBHOII010000263.1,Songbirds/House_Finch/OH_2_pri,IGH,262
JBHOII010000280.1,Songbirds/House_Finch/OH_2_pri,IGH,224
JBHOIS010000850.1,Songbirds/House_Finch/WA_1_pri,IGH,35
JBHOIS010000861.1,Songbirds/House_Finch/WA_1_pri,IGH,40
JBHOIR010000407.1,Songbirds/House_Finch/WA_2_alt,IGH,120
JBHOIR010000414.1,Songbirds/House_Finch/WA_2_alt,IGH,212
JBHOIR010000532.1,Songbirds/House_Finch/WA_2_alt,IGH,65
JBHOIQ010000416.1,Songbirds/House_Finch/WA_2_pri,IGH,117
JBHOIQ010000426.1,Songbirds/House_Finch/WA_2_pri,IGH,206
JBHOIQ010000561.1,Songbirds/House_Finch/WA_2_pri,IGH,65
WHPP01000581.1,Songbirds/New_Caledonian_Crow/bCorMon1_alt,IGL,102
WHPP01000582.1,Songbirds/New_Caledonian_Crow/bCorMon1_alt,IGL,89
JAYKTR010003706.1,Songbirds/Seaside_Sparrow/bAmmMai1_alt,IGH,51
JAYKTR010003885.1,Songbirds/Seaside_Sparrow/bAmmMai1_alt,IGH,174
JALCYM010008801.1,Songbirds/Song_Sparrow2/bMelMel1_alt,IGH,35
JALCYM010011207.1,Songbirds/Song_Sparrow2/bMelMel1_alt,IGH,74
JALCYM010027209.1,Songbirds/Song_Sparrow2/bMelMel1_alt,IGH,48
JACSVZ010000385.1,Songbirds/Paradise_Crow/bLycPry6_pri,IGH,37
JACSVZ010000499.1,Songbirds/Paradise_Crow/bLycPry6_pri,IGH,27
CBDDMP010000014.1,Songbirds/SilverEye/bZosLat1_pri,IGH,394
OZ246496.1,Songbirds/SilverEye/bZosLat1_pri,IGH,191
OZ246505.1,Songbirds/SilverEye/bZosLat1_pri,IGH,133
JAYKKP010000244.1,Songbirds/Song_Sparrow/bMelMel2_pri,IGH,110
JAYKKP010000318.1,Songbirds/Song_Sparrow/bMelMel2_pri,IGH,132
JBKSIQ010000049.1,Songbirds/Florida_scrub_jay/A.coerulescens_AC_1873_20946_pri,IGL,10
JBKSIQ010000084.1,Songbirds/Florida_scrub_jay/A.coerulescens_AC_1873_20946_pri,IGL,10
JBKSIQ010000106.1,Songbirds/Florida_scrub_jay/A.coerulescens_AC_1873_20946_pri,IGL,46
JBKSHX010000545.1,Songbirds/Woodhouse_scrub_jay/A.woodhouseii_AW_365327_pri,IGH,113
JBKSHX010000750.1,Songbirds/Woodhouse_scrub_jay/A.woodhouseii_AW_365327_pri,IGH,114
JBKSHV010000527.1,Songbirds/Woodhouse_scrub_jay/A.woodhouseii_AW_365337_pri,IGH,91
JBKSHV010000635.1,Songbirds/Woodhouse_scrub_jay/A.woodhouseii_AW_365337_pri,IGH,37
JBKSHU010000374.1,Songbirds/Woodhouse_scrub_jay/A.woodhouseii_AW_365338_pri,IGH,92
JBKSHU010000449.1,Songbirds/Woodhouse_scrub_jay/A.woodhouseii_AW_365338_pri,IGH,114
JBKSHS010000094.1,Songbirds/Woodhouse_scrub_jay/A.woodhouseii_AW_366487_pri,IGL,59
JBKSHS010000176.1,Songbirds/Woodhouse_scrub_jay/A.woodhouseii_AW_366487_pri,IGL,12
JBKSHL010000186.1,Songbirds/Woodhouse_scrub_jay/A.woodhouseii_AW_366499_pri,IGH,106
JBKSHL010000877.1,Songbirds/Woodhouse_scrub_jay/A.woodhouseii_AW_366499_pri,IGH,36
JBRFQW010000239.1,Songbirds/Tawny_bellied_seedeater/bSpoHyp5,IGH,473
JBRFQW010000243.1,Songbirds/Tawny_bellied_seedeater/bSpoHyp5,IGH,126
h1tg001098l,Songbirds/Large_ground_finch/Magnirostris_pri,IGH,36
h1tg001723l,Songbirds/Large_ground_finch/Magnirostris_pri,IGH,49
h1tg001081l,Songbirds/Small_ground_finch/Fuliginosa_pri,IGH,64
h1tg001441l,Songbirds/Small_ground_finch/Fuliginosa_pri,IGH,37
h1tg001645l,Songbirds/Small_ground_finch/Fuliginosa_pri,IGH,59
CADCXG010000239.1,Songbirds/Small_tree_finch/GCA_902806625_1,IGH,105
CADCXG010000263.1,Songbirds/Small_tree_finch/GCA_902806625_1,IGH,53
CATIVF010003401.1,Cormorants/European_Shag/bGulAri2_alt,IGL,4
CATIVF010009640.1,Cormorants/European_Shag/bGulAri2_alt,IGL,12
JAKCOY010000174.1,Cranes/Black_Rail/bLatJam1_alt,IGH,347
JAKCOY010000404.1,Cranes/Black_Rail/bLatJam1_alt,IGH,188
JAKCOY010000567.1,Cranes/Black_Rail/bLatJam1_alt,IGH,177
JAKCOX010000087.1,Cranes/Black_Rail/bLatJam1_pri,IGH,329
JAKCOX010000105.1,Cranes/Black_Rail/bLatJam1_pri,IGH,190
JAKCOX010000168.1,Cranes/Black_Rail/bLatJam1_pri,IGH,111
JAGIYU010000550.1,MiscBirds/Common_Cuckoo/bCucCan1_alt,IGH,8
JAGIYU010000994.1,MiscBirds/Common_Cuckoo/bCucCan1_alt,IGH,8
CM036649.1,MiscBirds/Surucua_Trogon/bTroSur1_pri,IGH,181
JAJGST010000065.1,MiscBirds/Surucua_Trogon/bTroSur1_pri,IGH,64
JAQJZI010000609.1,MiscBirds/Tawny_Frogmouth/bPodStr1_alt,IGL,9
JAQJZI010000674.1,MiscBirds/Tawny_Frogmouth/bPodStr1_alt,IGL,7
JAQJZI010000748.1,MiscBirds/Tawny_Frogmouth/bPodStr1_alt,IGL,9
WNML01003301.1,MiscBirds/American_Flamingo/bPhoRub2_alt,IGH,37
WNML01003314.1,MiscBirds/American_Flamingo/bPhoRub2_alt,IGH,60
WNMV01002981.1,MiscBirds/Carmine_BeeEater/bMerNub1_alt,IGH,15
WNMV01003232.1,MiscBirds/Carmine_BeeEater/bMerNub1_alt,IGH,33
WNMV01003258.1,MiscBirds/Carmine_BeeEater/bMerNub1_alt,IGH,36
JASWHT010000551.1,Owls/Spotted_Owl/bStriOcc1_pri,IGH,39
JASWHT010000583.1,Owls/Spotted_Owl/bStriOcc1_pri,IGH,39
JASWHU010000617.1,Owls/Spotted_Owl/bStriOcc1_alt,IGH,39
JASWHU010000646.1,Owls/Spotted_Owl/bStriOcc1_alt,IGH,39
CM020316.1,Waterfowl/Tufted_Duck/bAytFul2_pri,IGL,58
OZ124232.1,Waterfowl/Common_Pochard/bAytFer1_pri,IGL,71
OZ223636.1,Waterfowl/Greater_Scaup/bAytMar2_pri,IGL,67
OZ037808.1,Waterfowl/RedCrested_Pochard/bNetRuf1_pri,IGL,70
OZ076993.1,Waterfowl/Mallard/bAnaPla2_pri,IGL,77
WNMJ02005474.1,Waterfowl/Mute_Swan/bCygOlo1_alt,IGH,70
WNMJ02005475.1,Waterfowl/Mute_Swan/bCygOlo1_alt,IGH,34
WNMJ02005493.1,Waterfowl/Mute_Swan/bCygOlo1_alt,IGH,17
WNMJ02005539.1,Waterfowl/Mute_Swan/bCygOlo1_alt,IGH,47
CM079415.1,Waterfowl/Swan_Goose/bAnsCyg1_pri,IGH,65
JBECYW010000050.1,Waterfowl/Swan_Goose/bAnsCyg1_pri,IGH,65
CAXDIQ010000802.1,Waterfowl/LongTailed_Duck/bClaHye2_alt,IGL,3
JANXIO010000235.1,Woodpeckers/Acorn_Woodpecker/bMelFor1_alt,IGH,80
CM137354.1,Eagles/Philippine_eagle/bPitJef1_pri,IGH,67
CM137332.1,Eagles/Philippine_eagle/bPitJef1_pri,IGL,59
JBKSKC010000533.1,Songbirds/Woodhouse_scrub_jay/A.woodhouseii_AW_365336_alt,IGH,110
JBKSKC010000120.1,Songbirds/Woodhouse_scrub_jay/A.woodhouseii_AW_365336_alt,IGL,51
JBKSKB010000408.1,Songbirds/Woodhouse_scrub_jay/A.woodhouseii_AW_365336_pri,IGH,72
JBKSKB010000053.1,Songbirds/Woodhouse_scrub_jay/A.woodhouseii_AW_365336_pri,IGL,51
OZ187178.1,Doves/Eurasian_CollaredDove/bStrDea1_pri,TRA,37
OZ187156.1,Doves/Eurasian_CollaredDove/bStrDea1_pri,TRB,8
OZ187157.1,Doves/Eurasian_CollaredDove/bStrDea1_pri,TRG,6
OZ187178.1,Doves/Eurasian_CollaredDove/bStrDea1_pri,TRD,10
OY720083.1,Doves/Pink_Pigeon/bNesMay2_pri,TRA,49
OY720056.1,Doves/Pink_Pigeon/bNesMay2_pri,TRB,3
OY720057.1,Doves/Pink_Pigeon/bNesMay2_pri,TRG,22
OY720083.1,Doves/Pink_Pigeon/bNesMay2_pri,TRD,10
CAUJAQ010000298.1,Doves/Pink_Pigeon/bNesMay2_alt,TRA,53
CAUJAQ010000291.1,Doves/Pink_Pigeon/bNesMay2_alt,TRB,3
CAUJAQ010000298.1,Doves/Pink_Pigeon/bNesMay2_alt,TRD,16
CM069729.1,Doves/Nicobar_Pigeon/bCalNic1_pri,TRA,30
CM069706.1,Doves/Nicobar_Pigeon/bCalNic1_pri,TRB,3
CM069707.1,Doves/Nicobar_Pigeon/bCalNic1_pri,TRG,21
CM069729.1,Doves/Nicobar_Pigeon/bCalNic1_pri,TRD,7
CM069649.1,Doves/Nicobar_Pigeon/bCalNic1_alt,TRA,32
CM069626.1,Doves/Nicobar_Pigeon/bCalNic1_alt,TRB,5
CM069627.1,Doves/Nicobar_Pigeon/bCalNic1_alt,TRG,20
CM069649.1,Doves/Nicobar_Pigeon/bCalNic1_alt,TRD,7
CM073075.2,Doves/BandTailed_Pigeon/bPatFas1_alt,TRA,30
CM073054.2,Doves/BandTailed_Pigeon/bPatFas1_alt,TRB,4
CM073055.2,Doves/BandTailed_Pigeon/bPatFas1_alt,TRG,23
CM073075.2,Doves/BandTailed_Pigeon/bPatFas1_alt,TRD,8
CM073026.2,Doves/BandTailed_Pigeon/bPatFas1_pri,TRA,79
CM073005.2,Doves/BandTailed_Pigeon/bPatFas1_pri,TRB,4
CM073006.2,Doves/BandTailed_Pigeon/bPatFas1_pri,TRG,23
CM073026.2,Doves/BandTailed_Pigeon/bPatFas1_pri,TRD,7
CM070371.1,Doves/Rock_Dove/bColLiv1_pri,TRA,52
CM070350.1,Doves/Rock_Dove/bColLiv1_pri,TRG,31
CM070371.1,Doves/Rock_Dove/bColLiv1_pri,TRD,5
CM070945.1,Doves/Rock_Dove/bColLiv1_alt,TRA,62
CM070923.1,Doves/Rock_Dove/bColLiv1_alt,TRB,3
CM070924.1,Doves/Rock_Dove/bColLiv1_alt,TRG,23
CM070945.1,Doves/Rock_Dove/bColLiv1_alt,TRD,8
LR594576.2,Doves/European_Turtle_Dove/bStrTur1_pri,TRA,34
LR594552.1,Doves/European_Turtle_Dove/bStrTur1_pri,TRG,27
CABFKB020002270.1,Doves/European_Turtle_Dove/bStrTur1_alt,TRA,11
CABFKB020002877.1,Doves/European_Turtle_Dove/bStrTur1_alt,TRB,2
CABFKB020002270.1,Doves/European_Turtle_Dove/bStrTur1_alt,TRD,2
LR606187.1,Eagles/European_Golden_Eagle/bAquChr1_pri,TRB,6
LR606183.1,Eagles/European_Golden_Eagle/bAquChr1_pri,TRG,5
LR606188.1,Eagles/European_Golden_Eagle/bAquChr1_pri,TRD,10
CABFWM020000829.1,Eagles/European_Golden_Eagle/bAquChr1_alt,TRB,3
CABFWM020001643.1,Eagles/European_Golden_Eagle/bAquChr1_alt,TRG,5
OX381643.1,Eagles/WhiteTailed_Eagle/bHalAlb1_pri,TRA,22
OX381642.1,Eagles/WhiteTailed_Eagle/bHalAlb1_pri,TRB,6
OX381637.1,Eagles/WhiteTailed_Eagle/bHalAlb1_pri,TRG,5
OX381643.1,Eagles/WhiteTailed_Eagle/bHalAlb1_pri,TRD,7
CANHNM010000823.1,Eagles/WhiteTailed_Eagle/bHalAlb1_alt,TRA,20
CANHNM010002309.1,Eagles/WhiteTailed_Eagle/bHalAlb1_alt,TRB,1
CANHNM010000823.1,Eagles/WhiteTailed_Eagle/bHalAlb1_alt,TRD,6
CM048717.1,Eagles/Harpy_Eagle/bHarHar1_pri,TRA,35
CM048721.1,Eagles/Harpy_Eagle/bHarHar1_pri,TRB,4
CM048714.1,Eagles/Harpy_Eagle/bHarHar1_pri,TRG,5
CM048717.1,Eagles/Harpy_Eagle/bHarHar1_pri,TRD,11
JAPMHX010000588.1,Eagles/Harpy_Eagle/bHarHar1_alt,TRB,6
JAPMHX010000189.1,Eagles/Harpy_Eagle/bHarHar1_alt,TRG,5
CM098350.1,Eagles/Crested_Eagle/bMorGui1_pri,TRA,34
CM098358.1,Eagles/Crested_Eagle/bMorGui1_pri,TRB,4
CM098352.1,Eagles/Crested_Eagle/bMorGui1_pri,TRG,5
CM098350.1,Eagles/Crested_Eagle/bMorGui1_pri,TRD,17
CM098404.1,Eagles/Crested_Eagle/bMorGui1_alt,TRA,24
CM098412.1,Eagles/Crested_Eagle/bMorGui1_alt,TRB,4
CM098406.1,Eagles/Crested_Eagle/bMorGui1_alt,TRG,5
CM098404.1,Eagles/Crested_Eagle/bMorGui1_alt,TRD,9
OV839365.1,Eagles/Northern_Goshawk/bAccGen1_pri,TRA,15
OV839382.1,Eagles/Northern_Goshawk/bAccGen1_pri,TRB,6
OV839375.1,Eagles/Northern_Goshawk/bAccGen1_pri,TRG,4
OV839365.1,Eagles/Northern_Goshawk/bAccGen1_pri,TRD,13
CAKNBJ010003067.1,Eagles/Northern_Goshawk/bAccGen1_alt,TRB,1
CAKNBJ010001146.1,Eagles/Northern_Goshawk/bAccGen1_alt,TRG,4
JAQMCN010000759.1,Eagles/Bearded_Vulture/bGypBar2_alt,TRA,14
JAQMCN010002273.1,Eagles/Bearded_Vulture/bGypBar2_alt,TRB,1
JAQMCN010000394.1,Eagles/Bearded_Vulture/bGypBar2_alt,TRG,5
JAQMCN010001522.1,Eagles/Bearded_Vulture/bGypBar2_alt,TRD,10
CM051542.1,Eagles/Bearded_Vulture/bGypBar2_pri,TRA,21
CM051541.1,Eagles/Bearded_Vulture/bGypBar2_pri,TRB,4
CM051533.1,Eagles/Bearded_Vulture/bGypBar2_pri,TRG,5
CM051542.1,Eagles/Bearded_Vulture/bGypBar2_pri,TRD,6
OZ076928.1,Eagles/Common_Buzzard/bButBut1_pri,TRA,29
OZ076927.1,Eagles/Common_Buzzard/bButBut1_pri,TRB,6
OZ076921.1,Eagles/Common_Buzzard/bButBut1_pri,TRG,5
OZ076928.1,Eagles/Common_Buzzard/bButBut1_pri,TRD,8
JAUIRP010000009.1,Eagles/Golden_Eagle/bAquChr2_pri,TRA,12
JAUIRP010000008.1,Eagles/Golden_Eagle/bAquChr2_pri,TRB,6
JAUIRP010000004.1,Eagles/Golden_Eagle/bAquChr2_pri,TRG,5
JAUIRP010000009.1,Eagles/Golden_Eagle/bAquChr2_pri,TRD,12
JAUIRQ010000009.1,Eagles/Golden_Eagle/bAquChr2_alt,TRA,32
JAUIRQ010000008.1,Eagles/Golden_Eagle/bAquChr2_alt,TRB,8
JAUIRQ010000005.1,Eagles/Golden_Eagle/bAquChr2_alt,TRG,5
JAUIRQ010000009.1,Eagles/Golden_Eagle/bAquChr2_alt,TRD,11
CM137331.1,Eagles/Philippine_eagle/bPitJef1_pri,TRA,54
CM137330.1,Eagles/Philippine_eagle/bPitJef1_pri,TRB,4
CM137326.1,Eagles/Philippine_eagle/bPitJef1_pri,TRG,5
CM137331.1,Eagles/Philippine_eagle/bPitJef1_pri,TRD,13
CM042633.1,Falcons/Peregrine_Falcon/bFalPer1_pri,TRA,33
CM042634.1,Falcons/Peregrine_Falcon/bFalPer1_pri,TRB,5
CM042633.1,Falcons/Peregrine_Falcon/bFalPer1_pri,TRG,4
CM042646.1,Falcons/Peregrine_Falcon/bFalPer1_pri,TRD,4
JAMOAS010000603.1,Falcons/Peregrine_Falcon/bFalPer1_alt,TRA,14
JAMOAS010000069.1,Falcons/Peregrine_Falcon/bFalPer1_alt,TRG,6
JAMOAS010001596.1,Falcons/Peregrine_Falcon/bFalPer1_alt,TRD,4
CM026669.1,Falcons/Gyrfalcon/bFalRus1_pri,TRA,26
CM026670.1,Falcons/Gyrfalcon/bFalRus1_pri,TRB,5
CM026669.1,Falcons/Gyrfalcon/bFalRus1_pri,TRG,4
CM026683.1,Falcons/Gyrfalcon/bFalRus1_pri,TRD,6
JADCQP010005665.1,Falcons/Gyrfalcon/bFalRus1_alt,TRB,2
JADCQP010006810.1,Falcons/Gyrfalcon/bFalRus1_alt,TRG,4
JADCQP010007654.1,Falcons/Gyrfalcon/bFalRus1_alt,TRD,4
JAMOAU010000438.1,Falcons/Lanner_Falcon/bFalBia1_alt,TRA,26
JAMOAU010000468.1,Falcons/Lanner_Falcon/bFalBia1_alt,TRG,6
JAMOAU010002172.1,Falcons/Lanner_Falcon/bFalBia1_alt,TRD,5
CM042608.1,Falcons/Lanner_Falcon/bFalBia1_pri,TRA,37
CM042609.1,Falcons/Lanner_Falcon/bFalBia1_pri,TRB,5
CM042608.1,Falcons/Lanner_Falcon/bFalBia1_pri,TRG,6
CM042621.1,Falcons/Lanner_Falcon/bFalBia1_pri,TRD,4
CM042452.1,Falcons/Saker_Falcon/bFalChe1_pri,TRA,29
CM042453.1,Falcons/Saker_Falcon/bFalChe1_pri,TRB,5
CM042452.1,Falcons/Saker_Falcon/bFalChe1_pri,TRG,6
CM042468.1,Falcons/Saker_Falcon/bFalChe1_pri,TRD,5
JAMOAM010000212.1,Falcons/Saker_Falcon/bFalChe1_alt,TRA,30
JAMOAM010000883.1,Falcons/Saker_Falcon/bFalChe1_alt,TRG,6
JAMOAM010001920.1,Falcons/Saker_Falcon/bFalChe1_alt,TRD,2
JAGFVT010000009.1,Falcons/Lesser_Kestrel/bFalNau1_pri,TRA,27
JAGFVT010000006.1,Falcons/Lesser_Kestrel/bFalNau1_pri,TRB,5
JAGFVT010000009.1,Falcons/Lesser_Kestrel/bFalNau1_pri,TRG,11
CM030149.1,Falcons/Lesser_Kestrel/bFalNau1_alt,TRB,4
CM030148.1,Falcons/Lesser_Kestrel/bFalNau1_alt,TRG,11
OY723436.1,Falcons/Mauritius_Kestrel/bFalPun1_pri,TRA,35
OY723438.1,Falcons/Mauritius_Kestrel/bFalPun1_pri,TRB,3
OY723436.1,Falcons/Mauritius_Kestrel/bFalPun1_pri,TRG,6
CAUJKS010000066.1,Falcons/Mauritius_Kestrel/bFalPun1_alt,TRA,28
CAUJKS010000660.1,Falcons/Mauritius_Kestrel/bFalPun1_alt,TRG,6
CM036577.1,Ibises/Plumbeous_Ibis/bTheCae1_pri,TRA,15
CM036559.1,Ibises/Plumbeous_Ibis/bTheCae1_pri,TRB,17
CM036558.1,Ibises/Plumbeous_Ibis/bTheCae1_pri,TRG,5
CM036577.1,Ibises/Plumbeous_Ibis/bTheCae1_pri,TRD,22
JAJGSS010000569.1,Ibises/Plumbeous_Ibis/bTheCae1_alt,TRB,25
OZ238952.1,Ibises/Eurasian_Spoonbill/bPlaLeu2_pri,TRA,47
OZ238932.1,Ibises/Eurasian_Spoonbill/bPlaLeu2_pri,TRB,9
OZ238931.1,Ibises/Eurasian_Spoonbill/bPlaLeu2_pri,TRG,21
OZ238952.1,Ibises/Eurasian_Spoonbill/bPlaLeu2_pri,TRD,13
CM028549.1,Landfowl/White_Leghorn_Layer_Chicken/bGalGal1_pri,TRA,71
CM028523.1,Landfowl/White_Leghorn_Layer_Chicken/bGalGal1_pri,TRB,15
CM028524.1,Landfowl/White_Leghorn_Layer_Chicken/bGalGal1_pri,TRG,38
CM028549.1,Landfowl/White_Leghorn_Layer_Chicken/bGalGal1_pri,TRD,44
CM028482.1,Landfowl/White_Leghorn_Layer_Chicken/bGalGal1_alt,TRB,20
CM028483.1,Landfowl/White_Leghorn_Layer_Chicken/bGalGal1_alt,TRG,52
CM028508.1,Landfowl/White_Leghorn_Layer_Chicken/bGalGal1_alt,TRD,48
CM041500.1,Landfowl/Rock_Ptarmigan/bLagMut1_pri,TRA,36
CM041476.1,Landfowl/Rock_Ptarmigan/bLagMut1_pri,TRB,11
CM041500.1,Landfowl/Rock_Ptarmigan/bLagMut1_pri,TRD,9
JAMCCU010000755.1,Landfowl/Rock_Ptarmigan/bLagMut1_alt,TRA,37
JAMCCU010000855.1,Landfowl/Rock_Ptarmigan/bLagMut1_alt,TRB,11
JAMCCU010000253.1,Landfowl/Rock_Ptarmigan/bLagMut1_alt,TRG,14
JAMCCU010000755.1,Landfowl/Rock_Ptarmigan/bLagMut1_alt,TRD,9
CATOBQ010005310.1,Landfowl/Western_Capercaillie/bTetUro1_alt,TRB,8
OX596320.1,Landfowl/Western_Capercaillie/bTetUro1_pri,TRA,27
OX596294.1,Landfowl/Western_Capercaillie/bTetUro1_pri,TRB,9
OX596301.1,Landfowl/Western_Capercaillie/bTetUro1_pri,TRG,34
OX596320.1,Landfowl/Western_Capercaillie/bTetUro1_pri,TRD,7
CM078519.1,Landfowl/King_Quail/bCotChi1_alt,TRA,35
CM078496.1,Landfowl/King_Quail/bCotChi1_alt,TRB,5
CM078497.1,Landfowl/King_Quail/bCotChi1_alt,TRG,11
CM078519.1,Landfowl/King_Quail/bCotChi1_alt,TRD,21
CM078206.1,Landfowl/King_Quail/bCotChi1_pri,TRA,37
CM078183.1,Landfowl/King_Quail/bCotChi1_pri,TRB,5
CM078184.1,Landfowl/King_Quail/bCotChi1_pri,TRG,13
CM078206.1,Landfowl/King_Quail/bCotChi1_pri,TRD,20
JALIRH010000135.1,Landfowl/California_Quail/bCalCai1_pri,TRA,35
JALIRH010000067.1,Landfowl/California_Quail/bCalCai1_pri,TRB,4
JALIRH010000135.1,Landfowl/California_Quail/bCalCai1_pri,TRD,5
JALIRI010000085.1,Landfowl/California_Quail/bCalCai1_alt,TRA,30
JALIRI010000079.1,Landfowl/California_Quail/bCalCai1_alt,TRB,4
JALIRI010000085.1,Landfowl/California_Quail/bCalCai1_alt,TRD,5
JAUPFR010000030.1,Landfowl/Mountain_Quail/bOrePic1_pri,TRA,27
JAUPFR010000001.1,Landfowl/Mountain_Quail/bOrePic1_pri,TRB,6
JAUPFR010000007.1,Landfowl/Mountain_Quail/bOrePic1_pri,TRG,11
JAUPFR010000030.1,Landfowl/Mountain_Quail/bOrePic1_pri,TRD,3
JAUPFS010000025.1,Landfowl/Mountain_Quail/bOrePic1_alt,TRA,21
JAUPFS010000002.1,Landfowl/Mountain_Quail/bOrePic1_alt,TRB,5
JAUPFS010000006.1,Landfowl/Mountain_Quail/bOrePic1_alt,TRG,16
JAUPFS010000025.1,Landfowl/Mountain_Quail/bOrePic1_alt,TRD,3
CM000118.5,Landfowl/IMGT_Chicken/bGRCg6a_pri,TRA,75
CM000093.5,Landfowl/IMGT_Chicken/bGRCg6a_pri,TRB,16
CM000094.5,Landfowl/IMGT_Chicken/bGRCg6a_pri,TRG,40
CM000118.5,Landfowl/IMGT_Chicken/bGRCg6a_pri,TRD,45
CM013781.2,Parrots/Kakapo/bStrHab1_pri,TRA,8
CM013762.2,Parrots/Kakapo/bStrHab1_pri,TRB,4
CM013761.2,Parrots/Kakapo/bStrHab1_pri,TRG,1
CM013781.2,Parrots/Kakapo/bStrHab1_pri,TRD,4
CM022648.1,Parrots/Budgerigar/bMelUnd1_pri,TRA,8
CM022633.1,Parrots/Budgerigar/bMelUnd1_pri,TRB,8
CM022632.1,Parrots/Budgerigar/bMelUnd1_pri,TRG,1
CM022648.1,Parrots/Budgerigar/bMelUnd1_pri,TRD,6
CM054393.1,Parrots/BlueAndGold_Macaw/bAraAra1_pri,TRA,22
CM054378.1,Parrots/BlueAndGold_Macaw/bAraAra1_pri,TRB,13
CM054393.1,Parrots/BlueAndGold_Macaw/bAraAra1_pri,TRD,9
CM054254.1,Parrots/BlueAndGold_Macaw/bAraAra1_alt,TRA,16
CM054239.1,Parrots/BlueAndGold_Macaw/bAraAra1_alt,TRB,11
CM054254.1,Parrots/BlueAndGold_Macaw/bAraAra1_alt,TRD,10
CM077897.1,Parrots/YellowCrowned_Amazon/bAmaOch1_pri,TRA,10
CM077877.1,Parrots/YellowCrowned_Amazon/bAmaOch1_pri,TRB,14
CM077885.1,Parrots/YellowCrowned_Amazon/bAmaOch1_pri,TRG,2
CM077897.1,Parrots/YellowCrowned_Amazon/bAmaOch1_pri,TRD,7
CM077867.1,Parrots/YellowCrowned_Amazon/bAmaOch1_alt,TRA,12
CM077847.1,Parrots/YellowCrowned_Amazon/bAmaOch1_alt,TRB,14
CM077855.1,Parrots/YellowCrowned_Amazon/bAmaOch1_alt,TRG,2
CM077867.1,Parrots/YellowCrowned_Amazon/bAmaOch1_alt,TRD,12
CM073823.1,Parrots/Swift_Parrot/bLatDis1_pri,TRA,27
CM073807.1,Parrots/Swift_Parrot/bLatDis1_pri,TRB,8
CM073805.1,Parrots/Swift_Parrot/bLatDis1_pri,TRG,2
CM073823.1,Parrots/Swift_Parrot/bLatDis1_pri,TRD,6
CM073799.1,Parrots/Swift_Parrot/bLatDis1_alt,TRA,10
CM073783.1,Parrots/Swift_Parrot/bLatDis1_alt,TRB,7
CM073781.1,Parrots/Swift_Parrot/bLatDis1_alt,TRG,2
CM073799.1,Parrots/Swift_Parrot/bLatDis1_alt,TRD,7
CM098555.1,Parrots/Golden_Parakeet/bGuaGua1_pri,TRA,12
CM098541.1,Parrots/Golden_Parakeet/bGuaGua1_pri,TRB,9
CM098555.1,Parrots/Golden_Parakeet/bGuaGua1_pri,TRD,6
CM098652.1,Parrots/Golden_Parakeet/bGuaGua1_alt,TRA,11
CM098636.1,Parrots/Golden_Parakeet/bGuaGua1_alt,TRB,9
CM098652.1,Parrots/Golden_Parakeet/bGuaGua1_alt,TRD,6
OY725443.1,Parrots/Mauritius_Parakeet/bPsiEch3_pri,TRA,12
OY725422.1,Parrots/Mauritius_Parakeet/bPsiEch3_pri,TRB,6
OY725421.1,Parrots/Mauritius_Parakeet/bPsiEch3_pri,TRG,1
OY725443.1,Parrots/Mauritius_Parakeet/bPsiEch3_pri,TRD,7
CAUJLE010000131.1,Parrots/Mauritius_Parakeet/bPsiEch3_alt,TRA,8
CAUJLE010000151.1,Parrots/Mauritius_Parakeet/bPsiEch3_alt,TRG,1
CAUJLE010000131.1,Parrots/Mauritius_Parakeet/bPsiEch3_alt,TRD,7
CM030015.1,Plovers/European_Golden_Plover/bPluApr1_pri,TRA,20
CM030007.1,Plovers/European_Golden_Plover/bPluApr1_pri,TRB,11
CM030008.1,Plovers/European_Golden_Plover/bPluApr1_pri,TRG,9
CM030015.1,Plovers/European_Golden_Plover/bPluApr1_pri,TRD,11
JAGGDW010000855.1,Plovers/European_Golden_Plover/bPluApr1_alt,TRA,20
JAGGDW010000415.1,Plovers/European_Golden_Plover/bPluApr1_alt,TRB,9
JAGGDW010000778.1,Plovers/European_Golden_Plover/bPluApr1_alt,TRG,9
JAGGDW010000855.1,Plovers/European_Golden_Plover/bPluApr1_alt,TRD,12
OZ246540.1,Plovers/Northern_Lapwing/bVanVan1_pri,TRA,61
OZ246516.1,Plovers/Northern_Lapwing/bVanVan1_pri,TRB,15
OZ246517.1,Plovers/Northern_Lapwing/bVanVan1_pri,TRG,5
OZ246540.1,Plovers/Northern_Lapwing/bVanVan1_pri,TRD,9
CM018094.1,Plovers/Razorbill/bAlcTor1_pri,TRA,52
CM018076.1,Plovers/Razorbill/bAlcTor1_pri,TRB,32
CM018094.1,Plovers/Razorbill/bAlcTor1_pri,TRD,6
VMEC01001121.1,Plovers/Razorbill/bAlcTor1_alt,TRB,23
VMEC01001465.1,Plovers/Razorbill/bAlcTor1_alt,TRD,1
OZ067265.1,Plovers/Eurasian_Curlew/bNumArq3_pri,TRA,91
OZ067241.1,Plovers/Eurasian_Curlew/bNumArq3_pri,TRB,24
OZ067248.1,Plovers/Eurasian_Curlew/bNumArq3_pri,TRG,5
OZ067265.1,Plovers/Eurasian_Curlew/bNumArq3_pri,TRD,13
CM020454.1,Plovers/Common_Tern/bSteHir1_pri,TRA,52
CM020437.1,Plovers/Common_Tern/bSteHir1_pri,TRB,39
CM020438.1,Plovers/Common_Tern/bSteHir1_pri,TRG,36
CM020454.1,Plovers/Common_Tern/bSteHir1_pri,TRD,11
WNMX01001706.1,Plovers/Common_Tern/bSteHir1_alt,TRD,10
CM052048.1,Plovers/BlackLegged_Kittiwake/bRisTri1_pri,TRA,72
CM052030.1,Plovers/BlackLegged_Kittiwake/bRisTri1_pri,TRB,39
CM052031.1,Plovers/BlackLegged_Kittiwake/bRisTri1_pri,TRG,13
CM052048.1,Plovers/BlackLegged_Kittiwake/bRisTri1_pri,TRD,9
CM053003.1,Plovers/BlackLegged_Kittiwake/bRisTri1_alt,TRA,73
CM052985.1,Plovers/BlackLegged_Kittiwake/bRisTri1_alt,TRB,40
CM052986.1,Plovers/BlackLegged_Kittiwake/bRisTri1_alt,TRG,13
CM053003.1,Plovers/BlackLegged_Kittiwake/bRisTri1_alt,TRD,9
CAWUPG010000174.1,Plovers/BlackHeaded_Gull/bChrRid1_alt,TRA,87
CAWUPG010000335.1,Plovers/BlackHeaded_Gull/bChrRid1_alt,TRB,31
CAWUPG010000084.1,Plovers/BlackHeaded_Gull/bChrRid1_alt,TRG,80
OZ001750.1,Plovers/BlackHeaded_Gull/bChrRid1_pri,TRA,109
OZ001733.1,Plovers/BlackHeaded_Gull/bChrRid1_pri,TRB,24
OZ001734.1,Plovers/BlackHeaded_Gull/bChrRid1_pri,TRG,142
OZ001750.1,Plovers/BlackHeaded_Gull/bChrRid1_pri,TRD,11
OZ010771.1,Plovers/Lesser_BlackBacked_Gull/bLarFus1_pri,TRA,89
OZ010753.1,Plovers/Lesser_BlackBacked_Gull/bLarFus1_pri,TRB,41
OZ010754.1,Plovers/Lesser_BlackBacked_Gull/bLarFus1_pri,TRG,24
OZ010771.1,Plovers/Lesser_BlackBacked_Gull/bLarFus1_pri,TRD,12
CAWVQZ010000883.1,Plovers/Lesser_BlackBacked_Gull/bLarFus1_alt,TRB,44
CAWVQZ010001116.1,Plovers/Lesser_BlackBacked_Gull/bLarFus1_alt,TRG,17
OZ118765.1,Plovers/YellowLegged_Gull/bLarMic1_pri,TRA,89
OZ118746.1,Plovers/YellowLegged_Gull/bLarMic1_pri,TRB,61
OZ118747.1,Plovers/YellowLegged_Gull/bLarMic1_pri,TRG,30
OZ118765.1,Plovers/YellowLegged_Gull/bLarMic1_pri,TRD,11
CAXMZI010000214.1,Plovers/YellowLegged_Gull/bLarMic1_alt,TRB,36
CAXMZI010001478.1,Plovers/YellowLegged_Gull/bLarMic1_alt,TRD,11
OZ207404.1,Plovers/Herring_Gull/bLarArg3_pri,TRA,83
OZ207386.1,Plovers/Herring_Gull/bLarArg3_pri,TRB,53
OZ207387.1,Plovers/Herring_Gull/bLarArg3_pri,TRG,19
OZ207404.1,Plovers/Herring_Gull/bLarArg3_pri,TRD,14
JBFPNB010000023.1,Plovers/Snowy_Plover/bChaNiv1_pri,TRA,60
JBFPNB010000001.1,Plovers/Snowy_Plover/bChaNiv1_pri,TRB,13
JBFPNB010000002.1,Plovers/Snowy_Plover/bChaNiv1_pri,TRG,45
JBFPNB010000023.1,Plovers/Snowy_Plover/bChaNiv1_pri,TRD,13
JBFPNC010000021.1,Plovers/Snowy_Plover/bChaNiv1_alt,TRA,51
JBFPNC010000001.1,Plovers/Snowy_Plover/bChaNiv1_alt,TRB,14
JBFPNC010000002.1,Plovers/Snowy_Plover/bChaNiv1_alt,TRG,22
JBFPNC010000021.1,Plovers/Snowy_Plover/bChaNiv1_alt,TRD,13
CM070232.1,Suboscines/WhiteCrowned_Manakin/bDixPip1_pri,TRA,14
CM070208.1,Suboscines/WhiteCrowned_Manakin/bDixPip1_pri,TRB,7
CM070207.1,Suboscines/WhiteCrowned_Manakin/bDixPip1_pri,TRG,3
CM070232.1,Suboscines/WhiteCrowned_Manakin/bDixPip1_pri,TRD,2
CM070201.1,Suboscines/WhiteCrowned_Manakin/bDixPip1_alt,TRA,24
CM070177.1,Suboscines/WhiteCrowned_Manakin/bDixPip1_alt,TRB,9
CM070176.1,Suboscines/WhiteCrowned_Manakin/bDixPip1_alt,TRG,3
CM070201.1,Suboscines/WhiteCrowned_Manakin/bDixPip1_alt,TRD,2
JBIYRB010000064.1,Suboscines/Xingu_ScaleBacked_Antbird/bWilVid1_pri,TRA,19
CM098431.1,Suboscines/Xingu_ScaleBacked_Antbird/bWilVid1_pri,TRB,12
CM098438.1,Suboscines/Xingu_ScaleBacked_Antbird/bWilVid1_pri,TRG,11
CM098455.1,Suboscines/Xingu_ScaleBacked_Antbird/bWilVid1_pri,TRD,1
JBIYRC010000143.1,Suboscines/Xingu_ScaleBacked_Antbird/bWilVid1_alt,TRA,19
CM098486.1,Suboscines/Xingu_ScaleBacked_Antbird/bWilVid1_alt,TRB,12
CM098493.1,Suboscines/Xingu_ScaleBacked_Antbird/bWilVid1_alt,TRG,12
CM098510.1,Suboscines/Xingu_ScaleBacked_Antbird/bWilVid1_alt,TRD,1
CM020534.1,Suboscines/LancedTailed_Manakin/bChiLan1_pri,TRB,4
CM020533.1,Suboscines/LancedTailed_Manakin/bChiLan1_pri,TRG,3
CM020558.1,Suboscines/LancedTailed_Manakin/bChiLan1_pri,TRD,1
WNMD01003823.1,Suboscines/LancedTailed_Manakin/bChiLan1_alt,TRA,16
WNMD01003823.1,Suboscines/LancedTailed_Manakin/bChiLan1_alt,TRD,2
CM012139.1,Hummingbirds/Annas_Hummingbird/bCalAnn1_pri,TRA,9
CM012114.1,Hummingbirds/Annas_Hummingbird/bCalAnn1_pri,TRB,6
CM012115.1,Hummingbirds/Annas_Hummingbird/bCalAnn1_pri,TRG,3
RRCE01002940.1,Hummingbirds/Annas_Hummingbird/bCalAnn1_alt,TRA,9
RRCE01000194.1,Hummingbirds/Annas_Hummingbird/bCalAnn1_alt,TRG,3
JBEFNK010000029.1,Hummingbirds/Allens_Hummingbird/bSelSas1_pri,TRA,10
JBEFNK010000001.1,Hummingbirds/Allens_Hummingbird/bSelSas1_pri,TRB,6
JBEFNK010000002.1,Hummingbirds/Allens_Hummingbird/bSelSas1_pri,TRG,3
JBEFNL010000030.1,Hummingbirds/Allens_Hummingbird/bSelSas1_alt,TRA,11
JBEFNL010000001.1,Hummingbirds/Allens_Hummingbird/bSelSas1_alt,TRB,6
JBEFNL010000002.1,Hummingbirds/Allens_Hummingbird/bSelSas1_alt,TRG,3
CM104687.1,Hummingbirds/LongTailed_Hermit/bPhaSup1_pri,TRA,4
CM104660.1,Hummingbirds/LongTailed_Hermit/bPhaSup1_pri,TRB,4
CM104661.1,Hummingbirds/LongTailed_Hermit/bPhaSup1_pri,TRG,3
JAJQWK020000157.1,Hummingbirds/LongTailed_Hermit/bPhaSup1_alt,TRA,4
JAJQWK020000006.1,Hummingbirds/LongTailed_Hermit/bPhaSup1_alt,TRB,4
JAJQWK020000030.1,Hummingbirds/LongTailed_Hermit/bPhaSup1_alt,TRG,3
CM069772.1,Hummingbirds/Tourmaline_Sunangel/bHelExo1_pri,TRB,9
CM069773.1,Hummingbirds/Tourmaline_Sunangel/bHelExo1_pri,TRG,4
CM069805.1,Hummingbirds/Tourmaline_Sunangel/bHelExo1_alt,TRB,9
CM069806.1,Hummingbirds/Tourmaline_Sunangel/bHelExo1_alt,TRG,4
JAKDEW010000045.1,Songbirds/Bells_Sparrow/bArtBel1_pri,TRA,20
JAKDEW010000002.1,Songbirds/Bells_Sparrow/bArtBel1_pri,TRB,9
JAKDEW010000001.1,Songbirds/Bells_Sparrow/bArtBel1_pri,TRG,2
JAKDEW010000045.1,Songbirds/Bells_Sparrow/bArtBel1_pri,TRD,5
JAKDEX010000337.1,Songbirds/Bells_Sparrow/bArtBel1_alt,TRG,2
CM100636.1,Songbirds/Bengalese_Finch/bLonStr1_pri,TRA,26
CM100613.1,Songbirds/Bengalese_Finch/bLonStr1_pri,TRB,15
CM100612.1,Songbirds/Bengalese_Finch/bLonStr1_pri,TRG,2
CM100636.1,Songbirds/Bengalese_Finch/bLonStr1_pri,TRD,4
CM100683.1,Songbirds/Bengalese_Finch/bLonStr1_alt,TRA,49
CM100660.1,Songbirds/Bengalese_Finch/bLonStr1_alt,TRB,15
CM100659.1,Songbirds/Bengalese_Finch/bLonStr1_alt,TRG,2
CM100683.1,Songbirds/Bengalese_Finch/bLonStr1_alt,TRD,4
CM059956.1,Songbirds/BlackCapped_Chickadee/bPoeAtr1_pri,TRA,27
CM059930.1,Songbirds/BlackCapped_Chickadee/bPoeAtr1_pri,TRB,7
CM059931.1,Songbirds/BlackCapped_Chickadee/bPoeAtr1_pri,TRG,2
CM059956.1,Songbirds/BlackCapped_Chickadee/bPoeAtr1_pri,TRD,13
CM059917.1,Songbirds/BlackCapped_Chickadee/bPoeAtr1_alt,TRA,23
CM059891.1,Songbirds/BlackCapped_Chickadee/bPoeAtr1_alt,TRB,7
CM059892.1,Songbirds/BlackCapped_Chickadee/bPoeAtr1_alt,TRG,2
CM059917.1,Songbirds/BlackCapped_Chickadee/bPoeAtr1_alt,TRD,5
CM100557.1,Songbirds/Blue_Jay/bCyaCrs1_pri,TRA,40
CM100532.1,Songbirds/Blue_Jay/bCyaCrs1_pri,TRB,10
CM100531.1,Songbirds/Blue_Jay/bCyaCrs1_pri,TRG,2
CM100557.1,Songbirds/Blue_Jay/bCyaCrs1_pri,TRD,4
CM100601.1,Songbirds/Blue_Jay/bCyaCrs1_alt,TRA,43
CM100576.1,Songbirds/Blue_Jay/bCyaCrs1_alt,TRB,10
CM100575.1,Songbirds/Blue_Jay/bCyaCrs1_alt,TRG,2
CM100601.1,Songbirds/Blue_Jay/bCyaCrs1_alt,TRD,3
JAQMYR010000027.1,Songbirds/California_Scrub_Jay/bAphCal1_pri,TRA,32
JAQMYR010000002.1,Songbirds/California_Scrub_Jay/bAphCal1_pri,TRB,10
JAQMYR010000001.1,Songbirds/California_Scrub_Jay/bAphCal1_pri,TRG,2
JAQMYR010000027.1,Songbirds/California_Scrub_Jay/bAphCal1_pri,TRD,4
JAQMYS010000058.1,Songbirds/California_Scrub_Jay/bAphCal1_alt,TRA,36
JAQMYS010000002.1,Songbirds/California_Scrub_Jay/bAphCal1_alt,TRB,12
JAQMYS010000001.1,Songbirds/California_Scrub_Jay/bAphCal1_alt,TRG,2
JAQMYS010000058.1,Songbirds/California_Scrub_Jay/bAphCal1_alt,TRD,3
OY740751.1,Songbirds/Common_Chaffinch/bFriCoe1_pri,TRA,25
OY740725.1,Songbirds/Common_Chaffinch/bFriCoe1_pri,TRB,22
OY740724.1,Songbirds/Common_Chaffinch/bFriCoe1_pri,TRG,2
OY740751.1,Songbirds/Common_Chaffinch/bFriCoe1_pri,TRD,8
CAUPSH010001258.1,Songbirds/Common_Chaffinch/bFriCoe1_alt,TRA,31
CAUPSH010000584.1,Songbirds/Common_Chaffinch/bFriCoe1_alt,TRB,28
CAUPSH010001187.1,Songbirds/Common_Chaffinch/bFriCoe1_alt,TRG,3
CAUPSH010001258.1,Songbirds/Common_Chaffinch/bFriCoe1_alt,TRD,7
CM050556.1,Songbirds/Common_Myna/bAcrTri1_pri,TRA,73
CM050532.1,Songbirds/Common_Myna/bAcrTri1_pri,TRB,16
CM050531.1,Songbirds/Common_Myna/bAcrTri1_pri,TRG,2
CM050556.1,Songbirds/Common_Myna/bAcrTri1_pri,TRD,6
JAPZMP010001468.1,Songbirds/Common_Myna/bAcrTri1_alt,TRA,17
JAPZMP010000839.1,Songbirds/Common_Myna/bAcrTri1_alt,TRB,17
JAPZMP010000818.1,Songbirds/Common_Myna/bAcrTri1_alt,TRG,2
CM019927.1,Songbirds/Common_Yellowthroat/bGeoTri1_pri,TRA,34
CM019902.1,Songbirds/Common_Yellowthroat/bGeoTri1_pri,TRB,12
CM019901.1,Songbirds/Common_Yellowthroat/bGeoTri1_pri,TRG,3
CM019927.1,Songbirds/Common_Yellowthroat/bGeoTri1_pri,TRD,9
WSPK01001491.1,Songbirds/Common_Yellowthroat/bGeoTri1_alt,TRB,21
WSPK01002194.1,Songbirds/Common_Yellowthroat/bGeoTri1_alt,TRG,3
CM055940.1,Songbirds/Eastern_BlackEared_Wheatear/bOenMel1_pri,TRA,76
CM055913.1,Songbirds/Eastern_BlackEared_Wheatear/bOenMel1_pri,TRB,11
CM055915.1,Songbirds/Eastern_BlackEared_Wheatear/bOenMel1_pri,TRG,1
CM055940.1,Songbirds/Eastern_BlackEared_Wheatear/bOenMel1_pri,TRD,10
CM020491.1,Songbirds/European_Blackcap/bSylAtr1_pri,TRA,16
CM020466.1,Songbirds/European_Blackcap/bSylAtr1_pri,TRB,24
CM020465.1,Songbirds/European_Blackcap/bSylAtr1_pri,TRG,1
CM020491.1,Songbirds/European_Blackcap/bSylAtr1_pri,TRD,1
WNMZ01000570.1,Songbirds/European_Blackcap/bSylAtr1_alt,TRB,20
WNMZ01001274.1,Songbirds/European_Blackcap/bSylAtr1_alt,TRG,1
WNMZ01002136.1,Songbirds/European_Blackcap/bSylAtr1_alt,TRD,2
LR812131.1,Songbirds/European_Robin/bEriRub2_pri,TRA,45
LR812103.1,Songbirds/European_Robin/bEriRub2_pri,TRB,11
LR812105.2,Songbirds/European_Robin/bEriRub2_pri,TRG,2
LR812131.1,Songbirds/European_Robin/bEriRub2_pri,TRD,3
CAIGJN020002884.1,Songbirds/European_Robin/bEriRub2_alt,TRA,33
CAIGJN020001015.1,Songbirds/European_Robin/bEriRub2_alt,TRB,11
CAIGJN020002884.1,Songbirds/European_Robin/bEriRub2_alt,TRD,5
CM025982.1,Songbirds/Garden_Warbler/bSylBor1_pri,TRA,28
CM025958.1,Songbirds/Garden_Warbler/bSylBor1_pri,TRB,20
CM025957.1,Songbirds/Garden_Warbler/bSylBor1_pri,TRG,1
CM025982.1,Songbirds/Garden_Warbler/bSylBor1_pri,TRD,4
JACEWF010000024.1,Songbirds/Garden_Warbler/bSylBor1_alt,TRB,30
JACEWF010000004.1,Songbirds/Garden_Warbler/bSylBor1_alt,TRG,2
CM036346.1,Songbirds/Hawaiian_Crow/bCorHaw1_pri,TRA,55
CM036347.1,Songbirds/Hawaiian_Crow/bCorHaw1_pri,TRB,24
CM036346.1,Songbirds/Hawaiian_Crow/bCorHaw1_pri,TRG,2
CM036346.1,Songbirds/Hawaiian_Crow/bCorHaw1_pri,TRD,1
JAJGSZ010000258.1,Songbirds/Hawaiian_Crow/bCorHaw1_alt,TRA,4
JAJGSZ010001027.1,Songbirds/Hawaiian_Crow/bCorHaw1_alt,TRB,14
JAJGSZ010000338.1,Songbirds/Hawaiian_Crow/bCorHaw1_alt,TRG,2
JAJGSZ010000258.1,Songbirds/Hawaiian_Crow/bCorHaw1_alt,TRD,1
JBHOIP010000059.1,Songbirds/House_Finch/AL_1_alt,TRA,23
JBHOIP010000004.1,Songbirds/House_Finch/AL_1_alt,TRB,24
JBHOIP010000132.1,Songbirds/House_Finch/AL_1_alt,TRG,2
JBHOIP010000059.1,Songbirds/House_Finch/AL_1_alt,TRD,10
JBHOIO010000120.1,Songbirds/House_Finch/AL_1_pri,TRA,31
JBHOIO010000022.1,Songbirds/House_Finch/AL_1_pri,TRB,34
JBHOIO010000140.1,Songbirds/House_Finch/AL_1_pri,TRG,2
JBHOIO010000120.1,Songbirds/House_Finch/AL_1_pri,TRD,9
JBHOIN010000121.1,Songbirds/House_Finch/AL_2_alt,TRA,38
JBHOIN010000001.1,Songbirds/House_Finch/AL_2_alt,TRB,31
JBHOIN010000143.1,Songbirds/House_Finch/AL_2_alt,TRG,2
JBHOIN010000121.1,Songbirds/House_Finch/AL_2_alt,TRD,8
JBHOIM010000116.1,Songbirds/House_Finch/AL_2_pri,TRA,33
JBHOIM010000036.1,Songbirds/House_Finch/AL_2_pri,TRB,27
JBHOIM010000099.1,Songbirds/House_Finch/AL_2_pri,TRG,2
JBHOIM010000116.1,Songbirds/House_Finch/AL_2_pri,TRD,15
JBHOIX010000045.1,Songbirds/House_Finch/AZ_1_alt,TRA,21
JBHOIX010000061.1,Songbirds/House_Finch/AZ_1_alt,TRB,41
JBHOIX010000031.1,Songbirds/House_Finch/AZ_1_alt,TRG,2
JBHOIX010000045.1,Songbirds/House_Finch/AZ_1_alt,TRD,9
JBHOIW010000034.1,Songbirds/House_Finch/AZ_1_pri,TRA,33
JBHOIW010000008.1,Songbirds/House_Finch/AZ_1_pri,TRB,37
JBHOIW010000088.1,Songbirds/House_Finch/AZ_1_pri,TRG,2
JBHOIW010000034.1,Songbirds/House_Finch/AZ_1_pri,TRD,11
JBHOIV010000084.1,Songbirds/House_Finch/AZ_2_alt,TRA,33
JBHOIV010000024.1,Songbirds/House_Finch/AZ_2_alt,TRB,25
JBHOIV010000004.1,Songbirds/House_Finch/AZ_2_alt,TRG,2
JBHOIV010000084.1,Songbirds/House_Finch/AZ_2_alt,TRD,8
JBHOIU010000133.1,Songbirds/House_Finch/AZ_2_pri,TRA,25
JBHOIU010000020.1,Songbirds/House_Finch/AZ_2_pri,TRB,31
JBHOIU010000184.1,Songbirds/House_Finch/AZ_2_pri,TRG,2
JBHOIU010000133.1,Songbirds/House_Finch/AZ_2_pri,TRD,8
JBHOJF010001015.1,Songbirds/House_Finch/CA_1_alt,TRG,2
JBHOJE010000465.1,Songbirds/House_Finch/CA_1_pri,TRB,37
JBHOJD010000885.1,Songbirds/House_Finch/CA_2_alt,TRA,31
JBHOJD010000177.1,Songbirds/House_Finch/CA_2_alt,TRB,23
JBHOJD010000194.1,Songbirds/House_Finch/CA_2_alt,TRG,2
JBHOJD010000885.1,Songbirds/House_Finch/CA_2_alt,TRD,11
JBHOJC010001350.1,Songbirds/House_Finch/CA_2_pri,TRA,20
JBHOJC010000435.1,Songbirds/House_Finch/CA_2_pri,TRB,31
JBHOJC010000213.1,Songbirds/House_Finch/CA_2_pri,TRG,2
JBHOJC010001861.1,Songbirds/House_Finch/CA_2_pri,TRD,9
JBHOID010000051.1,Songbirds/House_Finch/MA_1_alt,TRA,20
JBHOID010000009.1,Songbirds/House_Finch/MA_1_alt,TRB,35
JBHOID010000066.1,Songbirds/House_Finch/MA_1_alt,TRG,2
JBHOID010000051.1,Songbirds/House_Finch/MA_1_alt,TRD,14
JBHOIC010000081.1,Songbirds/House_Finch/MA_1_pri,TRA,27
JBHOIC010000016.1,Songbirds/House_Finch/MA_1_pri,TRB,43
JBHOIC010000055.1,Songbirds/House_Finch/MA_1_pri,TRG,2
JBHOIC010000081.1,Songbirds/House_Finch/MA_1_pri,TRD,13
JBHOIB010000034.1,Songbirds/House_Finch/MA_2_alt,TRA,31
JBHOIB010000009.1,Songbirds/House_Finch/MA_2_alt,TRB,43
JBHOIB010000197.1,Songbirds/House_Finch/MA_2_alt,TRG,2
JBHOIB010000034.1,Songbirds/House_Finch/MA_2_alt,TRD,9
JBHOIA010000089.1,Songbirds/House_Finch/MA_2_pri,TRA,30
JBHOIA010000040.1,Songbirds/House_Finch/MA_2_pri,TRB,27
JBHOIA010000298.1,Songbirds/House_Finch/MA_2_pri,TRG,2
JBHOIA010000089.1,Songbirds/House_Finch/MA_2_pri,TRD,6
JBHOJB010000144.1,Songbirds/House_Finch/NM_1_alt,TRA,28
JBHOJB010000018.1,Songbirds/House_Finch/NM_1_alt,TRB,53
JBHOJB010000082.1,Songbirds/House_Finch/NM_1_alt,TRG,2
JBHOJB010000144.1,Songbirds/House_Finch/NM_1_alt,TRD,13
JBHOJA010000007.1,Songbirds/House_Finch/NM_1_pri,TRA,35
JBHOJA010000020.1,Songbirds/House_Finch/NM_1_pri,TRB,61
JBHOJA010000255.1,Songbirds/House_Finch/NM_1_pri,TRG,2
JBHOJA010000007.1,Songbirds/House_Finch/NM_1_pri,TRD,10
JBHOIZ010000039.1,Songbirds/House_Finch/NM_2_alt,TRA,34
JBHOIZ010000005.1,Songbirds/House_Finch/NM_2_alt,TRB,45
JBHOIZ010000051.1,Songbirds/House_Finch/NM_2_alt,TRG,2
JBHOIZ010000039.1,Songbirds/House_Finch/NM_2_alt,TRD,8
JBHOIY010000107.1,Songbirds/House_Finch/NM_2_pri,TRA,33
JBHOIY010000030.1,Songbirds/House_Finch/NM_2_pri,TRB,39
JBHOIY010000196.1,Songbirds/House_Finch/NM_2_pri,TRG,2
JBHOIY010000107.1,Songbirds/House_Finch/NM_2_pri,TRD,7
JBHOIH010000136.1,Songbirds/House_Finch/NY_1_alt,TRA,23
JBHOIH010000028.1,Songbirds/House_Finch/NY_1_alt,TRB,21
JBHOIH010000205.1,Songbirds/House_Finch/NY_1_alt,TRG,2
JBHOIH010000136.1,Songbirds/House_Finch/NY_1_alt,TRD,12
JBHOIG010000167.1,Songbirds/House_Finch/NY_1_pri,TRA,34
JBHOIG010000005.1,Songbirds/House_Finch/NY_1_pri,TRB,43
JBHOIG010000157.1,Songbirds/House_Finch/NY_1_pri,TRG,2
JBHOIG010000167.1,Songbirds/House_Finch/NY_1_pri,TRD,11
JBHOIF010000061.1,Songbirds/House_Finch/NY_2_alt,TRA,27
JBHOIF010000020.1,Songbirds/House_Finch/NY_2_alt,TRB,25
JBHOIF010000013.1,Songbirds/House_Finch/NY_2_alt,TRG,2
JBHOIF010000061.1,Songbirds/House_Finch/NY_2_alt,TRD,11
JBHOIE010000102.1,Songbirds/House_Finch/NY_2_pri,TRA,33
JBHOIE010000055.1,Songbirds/House_Finch/NY_2_pri,TRB,27
JBHOIE010000064.1,Songbirds/House_Finch/NY_2_pri,TRG,2
JBHOIE010000102.1,Songbirds/House_Finch/NY_2_pri,TRD,15
JBHOIL010000046.1,Songbirds/House_Finch/OH_1_alt,TRA,33
JBHOIL010000053.1,Songbirds/House_Finch/OH_1_alt,TRB,37
JBHOIL010000339.1,Songbirds/House_Finch/OH_1_alt,TRG,2
JBHOIL010000046.1,Songbirds/House_Finch/OH_1_alt,TRD,8
JBHOIK010000126.1,Songbirds/House_Finch/OH_1_pri,TRA,23
JBHOIK010000013.1,Songbirds/House_Finch/OH_1_pri,TRB,43
JBHOIK010000066.1,Songbirds/House_Finch/OH_1_pri,TRG,2
JBHOIK010000126.1,Songbirds/House_Finch/OH_1_pri,TRD,10
JBHOIJ010000017.1,Songbirds/House_Finch/OH_2_alt,TRA,24
JBHOIJ010000099.1,Songbirds/House_Finch/OH_2_alt,TRB,25
JBHOIJ010000067.1,Songbirds/House_Finch/OH_2_alt,TRG,2
JBHOIJ010000017.1,Songbirds/House_Finch/OH_2_alt,TRD,8
JBHOII010000080.1,Songbirds/House_Finch/OH_2_pri,TRA,30
JBHOII010000053.1,Songbirds/House_Finch/OH_2_pri,TRB,25
JBHOII010000089.1,Songbirds/House_Finch/OH_2_pri,TRG,2
JBHOII010000080.1,Songbirds/House_Finch/OH_2_pri,TRD,8
JBHOIT010000056.1,Songbirds/House_Finch/WA_1_alt,TRA,34
JBHOIT010000054.1,Songbirds/House_Finch/WA_1_alt,TRB,26
JBHOIT010000014.1,Songbirds/House_Finch/WA_1_alt,TRG,2
JBHOIT010000056.1,Songbirds/House_Finch/WA_1_alt,TRD,12
JBHOIS010000203.1,Songbirds/House_Finch/WA_1_pri,TRA,32
JBHOIS010000064.1,Songbirds/House_Finch/WA_1_pri,TRB,34
JBHOIS010000153.1,Songbirds/House_Finch/WA_1_pri,TRG,2
JBHOIS010000203.1,Songbirds/House_Finch/WA_1_pri,TRD,10
JBHOIR010000037.1,Songbirds/House_Finch/WA_2_alt,TRA,28
JBHOIR010000042.1,Songbirds/House_Finch/WA_2_alt,TRB,39
JBHOIR010000224.1,Songbirds/House_Finch/WA_2_alt,TRG,2
JBHOIR010000037.1,Songbirds/House_Finch/WA_2_alt,TRD,11
JBHOIQ010000028.1,Songbirds/House_Finch/WA_2_pri,TRA,29
JBHOIQ010000046.1,Songbirds/House_Finch/WA_2_pri,TRB,23
JBHOIQ010000251.1,Songbirds/House_Finch/WA_2_pri,TRG,2
JBHOIQ010000028.1,Songbirds/House_Finch/WA_2_pri,TRD,7
JAPYKD010000065.1,Songbirds/House_Finch/bHaeMex1.alt,TRA,27
JAPYKD010000086.1,Songbirds/House_Finch/bHaeMex1.alt,TRB,25
JAPYKD010000552.1,Songbirds/House_Finch/bHaeMex1.alt,TRG,2
JAPYKD010000065.1,Songbirds/House_Finch/bHaeMex1.alt,TRD,11
CM050251.1,Songbirds/House_Finch/bHaeMex1.pri,TRA,23
CM050225.1,Songbirds/House_Finch/bHaeMex1.pri,TRB,29
CM050236.1,Songbirds/House_Finch/bHaeMex1.pri,TRG,2
CM050251.1,Songbirds/House_Finch/bHaeMex1.pri,TRD,10
CM071452.1,Songbirds/House_Sparrow/bPasDom1_pri,TRA,43
CM071427.1,Songbirds/House_Sparrow/bPasDom1_pri,TRB,9
CM071426.1,Songbirds/House_Sparrow/bPasDom1_pri,TRG,2
CM071452.1,Songbirds/House_Sparrow/bPasDom1_pri,TRD,6
CM071491.1,Songbirds/House_Sparrow/bPasDom1_alt,TRA,43
CM071465.1,Songbirds/House_Sparrow/bPasDom1_alt,TRG,2
CM071491.1,Songbirds/House_Sparrow/bPasDom1_alt,TRD,6
JAQCNU010000904.1,Songbirds/Nelsons_Sparrow/bAmmNel1_alt,TRA,23
JAQCNU010000280.1,Songbirds/Nelsons_Sparrow/bAmmNel1_alt,TRB,21
JAQCNU010000598.1,Songbirds/Nelsons_Sparrow/bAmmNel1_alt,TRG,2
JAQCNU010000904.1,Songbirds/Nelsons_Sparrow/bAmmNel1_alt,TRD,7
CM050606.1,Songbirds/Nelsons_Sparrow/bAmmNel1_pri,TRA,37
CM050582.1,Songbirds/Nelsons_Sparrow/bAmmNel1_pri,TRB,15
CM050581.1,Songbirds/Nelsons_Sparrow/bAmmNel1_pri,TRG,2
CM050606.1,Songbirds/Nelsons_Sparrow/bAmmNel1_pri,TRD,5
CM018832.1,Songbirds/New_Caledonian_Crow/bCorMon1_pri,TRA,30
CM018808.1,Songbirds/New_Caledonian_Crow/bCorMon1_pri,TRB,12
CM018807.1,Songbirds/New_Caledonian_Crow/bCorMon1_pri,TRG,2
CM018832.1,Songbirds/New_Caledonian_Crow/bCorMon1_pri,TRD,1
WHPP01000612.1,Songbirds/New_Caledonian_Crow/bCorMon1_alt,TRA,31
WHPP01000143.1,Songbirds/New_Caledonian_Crow/bCorMon1_alt,TRB,14
WHPP01000127.1,Songbirds/New_Caledonian_Crow/bCorMon1_alt,TRG,2
WHPP01000612.1,Songbirds/New_Caledonian_Crow/bCorMon1_alt,TRD,1
CM036740.1,Songbirds/RedWinged_Blackbird/bAgePho2_pri,TRA,18
CM036715.2,Songbirds/RedWinged_Blackbird/bAgePho2_pri,TRB,43
CM036714.1,Songbirds/RedWinged_Blackbird/bAgePho2_pri,TRG,2
CM036740.1,Songbirds/RedWinged_Blackbird/bAgePho2_pri,TRD,8
CM051209.1,Songbirds/Saltmarsh_Sparrow/bAmmCau1_pri,TRA,41
CM051184.1,Songbirds/Saltmarsh_Sparrow/bAmmCau1_pri,TRB,15
CM051183.1,Songbirds/Saltmarsh_Sparrow/bAmmCau1_pri,TRG,2
CM051209.1,Songbirds/Saltmarsh_Sparrow/bAmmCau1_pri,TRD,5
JAQIHC010000608.1,Songbirds/Saltmarsh_Sparrow/bAmmCau1_alt,TRA,28
JAQIHC010000244.1,Songbirds/Saltmarsh_Sparrow/bAmmCau1_alt,TRB,15
JAQIHC010001159.1,Songbirds/Saltmarsh_Sparrow/bAmmCau1_alt,TRG,2
JAQIHC010000608.1,Songbirds/Saltmarsh_Sparrow/bAmmCau1_alt,TRD,6
CM063162.1,Songbirds/Savannah_Sparrow/bPasSan2_pri,TRA,34
CM063128.1,Songbirds/Savannah_Sparrow/bPasSan2_pri,TRB,21
CM063127.1,Songbirds/Savannah_Sparrow/bPasSan2_pri,TRG,2
CM063162.1,Songbirds/Savannah_Sparrow/bPasSan2_pri,TRD,6
JAVKUX010000762.1,Songbirds/Savannah_Sparrow/bPasSan2_alt,TRA,26
JAVKUX010000023.1,Songbirds/Savannah_Sparrow/bPasSan2_alt,TRB,33
JAVKUX010000057.1,Songbirds/Savannah_Sparrow/bPasSan2_alt,TRG,2
JAVKUX010000762.1,Songbirds/Savannah_Sparrow/bPasSan2_alt,TRD,6
JAKOOL010000047.1,Songbirds/Savannah_Sparrow2/bPasSan1_pri,TRA,21
JAKOOL010000032.1,Songbirds/Savannah_Sparrow2/bPasSan1_pri,TRB,29
JAKOOL010000074.1,Songbirds/Savannah_Sparrow2/bPasSan1_pri,TRG,2
JAKOOL010000047.1,Songbirds/Savannah_Sparrow2/bPasSan1_pri,TRD,5
JAKOOM010000864.1,Songbirds/Savannah_Sparrow2/bPasSan1_alt,TRA,32
JAKOOM010000930.1,Songbirds/Savannah_Sparrow2/bPasSan1_alt,TRG,2
JAKOOM010000864.1,Songbirds/Savannah_Sparrow2/bPasSan1_alt,TRD,5
CM069691.1,Songbirds/Seaside_Sparrow/bAmmMai1_pri,TRA,21
CM069666.1,Songbirds/Seaside_Sparrow/bAmmMai1_pri,TRG,2
CM069691.1,Songbirds/Seaside_Sparrow/bAmmMai1_pri,TRD,6
JAYKTR010002846.1,Songbirds/Seaside_Sparrow/bAmmMai1_alt,TRA,31
JAYKTR010003155.1,Songbirds/Seaside_Sparrow/bAmmMai1_alt,TRB,1
JAYKTR010002887.1,Songbirds/Seaside_Sparrow/bAmmMai1_alt,TRG,2
JAYKTR010002846.1,Songbirds/Seaside_Sparrow/bAmmMai1_alt,TRD,9
JALCYL010000072.1,Songbirds/Song_Sparrow2/bMelMel1_pri,TRA,23
JALCYL010000003.1,Songbirds/Song_Sparrow2/bMelMel1_pri,TRB,23
JALCYL010000001.1,Songbirds/Song_Sparrow2/bMelMel1_pri,TRG,2
JALCYL010000072.1,Songbirds/Song_Sparrow2/bMelMel1_pri,TRD,7
JALCYM010000984.1,Songbirds/Song_Sparrow2/bMelMel1_alt,TRB,37
JALCYM010003499.1,Songbirds/Song_Sparrow2/bMelMel1_alt,TRD,7
JANXIP010000138.1,Songbirds/Stellers_Jay/bCyaSte1_pri,TRA,16
JANXIP010000001.1,Songbirds/Stellers_Jay/bCyaSte1_pri,TRB,12
JANXIP010000049.1,Songbirds/Stellers_Jay/bCyaSte1_pri,TRG,2
JANXIP010000138.1,Songbirds/Stellers_Jay/bCyaSte1_pri,TRD,4
JANXIQ010000141.1,Songbirds/Stellers_Jay/bCyaSte1_alt,TRA,55
JANXIQ010000007.1,Songbirds/Stellers_Jay/bCyaSte1_alt,TRB,12
JANXIQ010000002.1,Songbirds/Stellers_Jay/bCyaSte1_alt,TRG,2
JANXIQ010000141.1,Songbirds/Stellers_Jay/bCyaSte1_alt,TRD,3
CM020358.1,Songbirds/Swainsons_Thrush/bCatUst1_pri,TRA,56
CM020337.1,Songbirds/Swainsons_Thrush/bCatUst1_pri,TRB,11
CM020336.1,Songbirds/Swainsons_Thrush/bCatUst1_pri,TRG,1
CM020358.1,Songbirds/Swainsons_Thrush/bCatUst1_pri,TRD,3
WNMR02002955.1,Songbirds/Swainsons_Thrush/bCatUst1_alt,TRA,33
WNMR02000847.1,Songbirds/Swainsons_Thrush/bCatUst1_alt,TRB,15
WNMR02000481.1,Songbirds/Swainsons_Thrush/bCatUst1_alt,TRG,1
JAQMCR010000655.1,Songbirds/Swamp_Sparrow/bMelGeo1_alt,TRA,25
JAQMCR010000271.1,Songbirds/Swamp_Sparrow/bMelGeo1_alt,TRB,15
JAQMCR010000668.1,Songbirds/Swamp_Sparrow/bMelGeo1_alt,TRG,2
JAQMCR010000655.1,Songbirds/Swamp_Sparrow/bMelGeo1_alt,TRD,5
CM051590.1,Songbirds/Swamp_Sparrow/bMelGeo1_pri,TRA,21
CM051564.1,Songbirds/Swamp_Sparrow/bMelGeo1_pri,TRB,33
CM051563.1,Songbirds/Swamp_Sparrow/bMelGeo1_pri,TRG,2
CM051590.1,Songbirds/Swamp_Sparrow/bMelGeo1_pri,TRD,11
JALJCS010000031.1,Songbirds/Tricolored_Blackbird/bAgeTri1_pri,TRA,37
JALJCS010000009.1,Songbirds/Tricolored_Blackbird/bAgeTri1_pri,TRB,23
JALJCS010000006.1,Songbirds/Tricolored_Blackbird/bAgeTri1_pri,TRG,2
JALJCS010000031.1,Songbirds/Tricolored_Blackbird/bAgeTri1_pri,TRD,5
JALJCT010000027.1,Songbirds/Tricolored_Blackbird/bAgeTri1_alt,TRA,20
JALJCT010000003.1,Songbirds/Tricolored_Blackbird/bAgeTri1_alt,TRB,25
JALJCT010000001.1,Songbirds/Tricolored_Blackbird/bAgeTri1_alt,TRG,2
JALJCT010000027.1,Songbirds/Tricolored_Blackbird/bAgeTri1_alt,TRD,6
CM049551.1,Songbirds/Village_Indigobird/bVidCha1_pri,TRA,31
CM049527.1,Songbirds/Village_Indigobird/bVidCha1_pri,TRB,9
CM049526.1,Songbirds/Village_Indigobird/bVidCha1_pri,TRG,1
CM049551.1,Songbirds/Village_Indigobird/bVidCha1_pri,TRD,1
OZ238490.1,Songbirds/Western_Jackdaw/bColMon1_pri,TRA,46
OZ238467.1,Songbirds/Western_Jackdaw/bColMon1_pri,TRB,14
OZ238465.1,Songbirds/Western_Jackdaw/bColMon1_pri,TRG,2
OZ238490.1,Songbirds/Western_Jackdaw/bColMon1_pri,TRD,3
OY759701.1,Songbirds/WhiteThroated_Dipper/bCinCin1_pri,TRA,30
OY759678.1,Songbirds/WhiteThroated_Dipper/bCinCin1_pri,TRB,7
OY759677.1,Songbirds/WhiteThroated_Dipper/bCinCin1_pri,TRG,2
OY759701.1,Songbirds/WhiteThroated_Dipper/bCinCin1_pri,TRD,6
CAVLEX010000014.1,Songbirds/WhiteThroated_Dipper/bCinCin1_alt,TRA,37
CAVLEX010000432.1,Songbirds/WhiteThroated_Dipper/bCinCin1_alt,TRB,6
CAVLEX010000724.1,Songbirds/WhiteThroated_Dipper/bCinCin1_alt,TRG,2
CAVLEX010000014.1,Songbirds/WhiteThroated_Dipper/bCinCin1_alt,TRD,6
CM106253.1,Songbirds/WhiteThroated_Sparrow/bZonAlb1_pri,TRA,34
CM106232.1,Songbirds/WhiteThroated_Sparrow/bZonAlb1_pri,TRB,20
CM106231.1,Songbirds/WhiteThroated_Sparrow/bZonAlb1_pri,TRG,2
CM106253.1,Songbirds/WhiteThroated_Sparrow/bZonAlb1_pri,TRD,9
CM106213.1,Songbirds/WhiteThroated_Sparrow/bZonAlb1_alt,TRA,30
CM106192.1,Songbirds/WhiteThroated_Sparrow/bZonAlb1_alt,TRB,18
CM106191.1,Songbirds/WhiteThroated_Sparrow/bZonAlb1_alt,TRG,2
CM106213.1,Songbirds/WhiteThroated_Sparrow/bZonAlb1_alt,TRD,12
JARCOQ010000027.1,Songbirds/Wrentit/bChaFas1_pri,TRA,24
JARCOQ010000002.1,Songbirds/Wrentit/bChaFas1_pri,TRB,15
JARCOQ010000001.1,Songbirds/Wrentit/bChaFas1_pri,TRG,2
JARCOQ010000027.1,Songbirds/Wrentit/bChaFas1_pri,TRD,2
JARCOR010000027.1,Songbirds/Wrentit/bChaFas1_alt,TRA,24
JARCOR010000002.1,Songbirds/Wrentit/bChaFas1_alt,TRB,15
JARCOR010000001.1,Songbirds/Wrentit/bChaFas1_alt,TRG,2
JARCOR010000027.1,Songbirds/Wrentit/bChaFas1_alt,TRD,2
JANCRA010000044.1,Songbirds/Yellow_Warbler/bSetPet1_pri,TRA,22
JANCRA010000009.1,Songbirds/Yellow_Warbler/bSetPet1_pri,TRB,13
JANCRA010000026.1,Songbirds/Yellow_Warbler/bSetPet1_pri,TRG,2
JANCRA010000044.1,Songbirds/Yellow_Warbler/bSetPet1_pri,TRD,6
JANCRB010000044.1,Songbirds/Yellow_Warbler/bSetPet1_alt,TRA,25
JANCRB010000005.1,Songbirds/Yellow_Warbler/bSetPet1_alt,TRB,15
JANCRB010000332.1,Songbirds/Yellow_Warbler/bSetPet1_alt,TRG,2
JANCRB010000044.1,Songbirds/Yellow_Warbler/bSetPet1_alt,TRD,7
CM109816.1,Songbirds/Zebra_Finch/bTaeGut7_pri,TRA,9
CM109788.1,Songbirds/Zebra_Finch/bTaeGut7_pri,TRB,13
CM109790.1,Songbirds/Zebra_Finch/bTaeGut7_pri,TRG,2
CM109816.1,Songbirds/Zebra_Finch/bTaeGut7_pri,TRD,2
CM109777.1,Songbirds/Zebra_Finch/bTaeGut7_alt,TRA,9
CM109749.1,Songbirds/Zebra_Finch/bTaeGut7_alt,TRB,17
CM109751.1,Songbirds/Zebra_Finch/bTaeGut7_alt,TRG,2
CM109777.1,Songbirds/Zebra_Finch/bTaeGut7_alt,TRD,2
JACSVZ010000002.1,Songbirds/Paradise_Crow/bLycPry6_pri,TRG,2
JACSVZ010000027.1,Songbirds/Paradise_Crow/bLycPry6_pri,TRD,1
OZ246497.1,Songbirds/SilverEye/bZosLat1_pri,TRA,97
OZ246476.1,Songbirds/SilverEye/bZosLat1_pri,TRB,14
OZ246475.1,Songbirds/SilverEye/bZosLat1_pri,TRG,1
OZ246497.1,Songbirds/SilverEye/bZosLat1_pri,TRD,14
CM069584.1,Songbirds/Song_Sparrow/bMelMel2_pri,TRA,21
CM069556.1,Songbirds/Song_Sparrow/bMelMel2_pri,TRB,25
CM069555.1,Songbirds/Song_Sparrow/bMelMel2_pri,TRG,2
CM069584.1,Songbirds/Song_Sparrow/bMelMel2_pri,TRD,7
JAYKKQ010001577.1,Songbirds/Song_Sparrow/bMelMel2_alt,TRA,24
JAYKKQ010001492.1,Songbirds/Song_Sparrow/bMelMel2_alt,TRB,15
JAYKKQ010001577.1,Songbirds/Song_Sparrow/bMelMel2_alt,TRD,7
CM026873.1,Songbirds/Barn_Swallow/bHirRus1_pri,TRA,22
CM026848.1,Songbirds/Barn_Swallow/bHirRus1_pri,TRB,21
CM026847.1,Songbirds/Barn_Swallow/bHirRus1_pri,TRG,2
CM026873.1,Songbirds/Barn_Swallow/bHirRus1_pri,TRD,4
JADDRQ030001336.1,Songbirds/Barn_Swallow/bHirRus1_alt,TRA,14
JADDRQ030000757.1,Songbirds/Barn_Swallow/bHirRus1_alt,TRB,6
JADDRQ030001177.1,Songbirds/Barn_Swallow/bHirRus1_alt,TRG,2
JADDRQ030001336.1,Songbirds/Barn_Swallow/bHirRus1_alt,TRD,1
JBKSJB010000066.1,Songbirds/Florida_scrub_jay/A.coerulescens_AC_1603_72852_pri,TRA,25
JBKSJB010000021.1,Songbirds/Florida_scrub_jay/A.coerulescens_AC_1603_72852_pri,TRB,12
JBKSJB010000070.1,Songbirds/Florida_scrub_jay/A.coerulescens_AC_1603_72852_pri,TRG,2
JBKSJB010000066.1,Songbirds/Florida_scrub_jay/A.coerulescens_AC_1603_72852_pri,TRD,3
JBKSJA010000576.1,Songbirds/Florida_scrub_jay/A.coerulescens_AC_1603_72872_pri,TRA,29
JBKSJA010000011.1,Songbirds/Florida_scrub_jay/A.coerulescens_AC_1603_72872_pri,TRB,12
JBKSJA010000052.1,Songbirds/Florida_scrub_jay/A.coerulescens_AC_1603_72872_pri,TRG,2
JBKSJA010000576.1,Songbirds/Florida_scrub_jay/A.coerulescens_AC_1603_72872_pri,TRD,2
JBKSIZ010000093.1,Songbirds/Florida_scrub_jay/A.coerulescens_AC_1713_89780_pri,TRA,25
JBKSIZ010000002.1,Songbirds/Florida_scrub_jay/A.coerulescens_AC_1713_89780_pri,TRB,10
JBKSIZ010000055.1,Songbirds/Florida_scrub_jay/A.coerulescens_AC_1713_89780_pri,TRG,2
JBKSIZ010000093.1,Songbirds/Florida_scrub_jay/A.coerulescens_AC_1713_89780_pri,TRD,4
JBKSIY010000052.1,Songbirds/Florida_scrub_jay/A.coerulescens_AC_1873_10093_pri,TRA,31
JBKSIY010000004.1,Songbirds/Florida_scrub_jay/A.coerulescens_AC_1873_10093_pri,TRB,8
JBKSIY010000098.1,Songbirds/Florida_scrub_jay/A.coerulescens_AC_1873_10093_pri,TRG,2
JBKSIY010000052.1,Songbirds/Florida_scrub_jay/A.coerulescens_AC_1873_10093_pri,TRD,5
JBKSIX010000057.1,Songbirds/Florida_scrub_jay/A.coerulescens_AC_1873_10702_pri,TRA,25
JBKSIX010000022.1,Songbirds/Florida_scrub_jay/A.coerulescens_AC_1873_10702_pri,TRB,18
JBKSIX010000002.1,Songbirds/Florida_scrub_jay/A.coerulescens_AC_1873_10702_pri,TRG,2
JBKSIX010000057.1,Songbirds/Florida_scrub_jay/A.coerulescens_AC_1873_10702_pri,TRD,5
JBKSIW010000083.1,Songbirds/Florida_scrub_jay/A.coerulescens_AC_1873_10717_pri,TRA,28
JBKSIW010000014.1,Songbirds/Florida_scrub_jay/A.coerulescens_AC_1873_10717_pri,TRB,14
JBKSIW010000018.1,Songbirds/Florida_scrub_jay/A.coerulescens_AC_1873_10717_pri,TRG,2
JBKSIW010000083.1,Songbirds/Florida_scrub_jay/A.coerulescens_AC_1873_10717_pri,TRD,2
JBKSIV010000108.1,Songbirds/Florida_scrub_jay/A.coerulescens_AC_1873_10752_pri,TRA,29
JBKSIV010000002.1,Songbirds/Florida_scrub_jay/A.coerulescens_AC_1873_10752_pri,TRB,10
JBKSIV010000098.1,Songbirds/Florida_scrub_jay/A.coerulescens_AC_1873_10752_pri,TRG,2
JBKSIV010000108.1,Songbirds/Florida_scrub_jay/A.coerulescens_AC_1873_10752_pri,TRD,2
JBKSIU010000085.1,Songbirds/Florida_scrub_jay/A.coerulescens_AC_1873_10831_pri,TRA,22
JBKSIU010000009.1,Songbirds/Florida_scrub_jay/A.coerulescens_AC_1873_10831_pri,TRB,10
JBKSIU010000020.1,Songbirds/Florida_scrub_jay/A.coerulescens_AC_1873_10831_pri,TRG,2
JBKSIU010000085.1,Songbirds/Florida_scrub_jay/A.coerulescens_AC_1873_10831_pri,TRD,5
JBKSIT010000006.1,Songbirds/Florida_scrub_jay/A.coerulescens_AC_1873_20908_pri,TRA,31
JBKSIT010000002.1,Songbirds/Florida_scrub_jay/A.coerulescens_AC_1873_20908_pri,TRB,14
JBKSIT010000068.1,Songbirds/Florida_scrub_jay/A.coerulescens_AC_1873_20908_pri,TRG,2
JBKSIT010000006.1,Songbirds/Florida_scrub_jay/A.coerulescens_AC_1873_20908_pri,TRD,5
JBKSIS010000012.1,Songbirds/Florida_scrub_jay/A.coerulescens_AC_1873_20930_pri,TRA,31
JBKSIS010000011.1,Songbirds/Florida_scrub_jay/A.coerulescens_AC_1873_20930_pri,TRB,18
JBKSIS010000022.1,Songbirds/Florida_scrub_jay/A.coerulescens_AC_1873_20930_pri,TRG,2
JBKSIS010000012.1,Songbirds/Florida_scrub_jay/A.coerulescens_AC_1873_20930_pri,TRD,5
JBKSIR010000083.1,Songbirds/Florida_scrub_jay/A.coerulescens_AC_1873_20934_pri,TRA,22
JBKSIR010000011.1,Songbirds/Florida_scrub_jay/A.coerulescens_AC_1873_20934_pri,TRB,12
JBKSIR010000021.1,Songbirds/Florida_scrub_jay/A.coerulescens_AC_1873_20934_pri,TRG,2
JBKSIR010000083.1,Songbirds/Florida_scrub_jay/A.coerulescens_AC_1873_20934_pri,TRD,6
JBKSIP010000062.1,Songbirds/Florida_scrub_jay/A.coerulescens_AC_1873_20954_pri,TRB,12
JBKSIP010000051.1,Songbirds/Florida_scrub_jay/A.coerulescens_AC_1873_20954_pri,TRG,2
JBKSIO010000074.1,Songbirds/Florida_scrub_jay/A.coerulescens_AC_1873_20970_pri,TRA,30
JBKSIO010000049.1,Songbirds/Florida_scrub_jay/A.coerulescens_AC_1873_20970_pri,TRB,12
JBKSIO010000077.1,Songbirds/Florida_scrub_jay/A.coerulescens_AC_1873_20970_pri,TRG,2
JBKSIO010000074.1,Songbirds/Florida_scrub_jay/A.coerulescens_AC_1873_20970_pri,TRD,2
JBKSIQ010000040.1,Songbirds/Florida_scrub_jay/A.coerulescens_AC_1873_20946_pri,TRA,45
JBKSIQ010000003.1,Songbirds/Florida_scrub_jay/A.coerulescens_AC_1873_20946_pri,TRB,12
JBKSIQ010000046.1,Songbirds/Florida_scrub_jay/A.coerulescens_AC_1873_20946_pri,TRG,2
JBKSIQ010000040.1,Songbirds/Florida_scrub_jay/A.coerulescens_AC_1873_20946_pri,TRD,2
JBKSIN010000090.1,Songbirds/Island_scrub_jay/A.insularis_AI_1363_74536_pri,TRA,22
JBKSIN010000043.1,Songbirds/Island_scrub_jay/A.insularis_AI_1363_74536_pri,TRB,12
JBKSIN010000207.1,Songbirds/Island_scrub_jay/A.insularis_AI_1363_74536_pri,TRG,2
JBKSIN010000090.1,Songbirds/Island_scrub_jay/A.insularis_AI_1363_74536_pri,TRD,3
JBKSIM010000073.1,Songbirds/Island_scrub_jay/A.insularis_AI_1363_74537_pri,TRA,30
JBKSIM010000004.1,Songbirds/Island_scrub_jay/A.insularis_AI_1363_74537_pri,TRB,14
JBKSIM010000009.1,Songbirds/Island_scrub_jay/A.insularis_AI_1363_74537_pri,TRG,2
JBKSIM010000073.1,Songbirds/Island_scrub_jay/A.insularis_AI_1363_74537_pri,TRD,3
JBKSIL010000063.1,Songbirds/Island_scrub_jay/A.insularis_AI_1363_74539_pri,TRA,40
JBKSIL010000018.1,Songbirds/Island_scrub_jay/A.insularis_AI_1363_74539_pri,TRB,14
JBKSIL010000007.1,Songbirds/Island_scrub_jay/A.insularis_AI_1363_74539_pri,TRG,2
JBKSIL010000063.1,Songbirds/Island_scrub_jay/A.insularis_AI_1363_74539_pri,TRD,3
JBKSIK010000159.1,Songbirds/Island_scrub_jay/A.insularis_AI_1363_74544_pri,TRA,25
JBKSIK010000017.1,Songbirds/Island_scrub_jay/A.insularis_AI_1363_74544_pri,TRB,12
JBKSIK010000060.1,Songbirds/Island_scrub_jay/A.insularis_AI_1363_74544_pri,TRG,2
JBKSIK010000159.1,Songbirds/Island_scrub_jay/A.insularis_AI_1363_74544_pri,TRD,3
JBKSIJ010000075.1,Songbirds/Island_scrub_jay/A.insularis_AI_1363_74563_pri,TRA,39
JBKSIJ010000032.1,Songbirds/Island_scrub_jay/A.insularis_AI_1363_74563_pri,TRB,14
JBKSIJ010000025.1,Songbirds/Island_scrub_jay/A.insularis_AI_1363_74563_pri,TRG,2
JBKSIJ010000075.1,Songbirds/Island_scrub_jay/A.insularis_AI_1363_74563_pri,TRD,3
JBKSII010000024.1,Songbirds/Island_scrub_jay/A.insularis_AI_1363_74565_pri,TRA,25
JBKSII010000080.1,Songbirds/Island_scrub_jay/A.insularis_AI_1363_74565_pri,TRB,14
JBKSII010000060.1,Songbirds/Island_scrub_jay/A.insularis_AI_1363_74565_pri,TRG,2
JBKSII010000024.1,Songbirds/Island_scrub_jay/A.insularis_AI_1363_74565_pri,TRD,3
JBKSIH010000016.1,Songbirds/Island_scrub_jay/A.insularis_AI_1603_79174_pri,TRA,25
JBKSIH010000013.1,Songbirds/Island_scrub_jay/A.insularis_AI_1603_79174_pri,TRB,12
JBKSIH010000003.1,Songbirds/Island_scrub_jay/A.insularis_AI_1603_79174_pri,TRG,2
JBKSIH010000016.1,Songbirds/Island_scrub_jay/A.insularis_AI_1603_79174_pri,TRD,3
JBKSIG010000008.1,Songbirds/Island_scrub_jay/A.insularis_AI_1603_79203_pri,TRB,12
JBKSIG010000006.1,Songbirds/Island_scrub_jay/A.insularis_AI_1603_79203_pri,TRG,2
JBKSIF010000168.1,Songbirds/Island_scrub_jay/A.insularis_AI_1603_79218_pri,TRA,22
JBKSIF010000037.1,Songbirds/Island_scrub_jay/A.insularis_AI_1603_79218_pri,TRB,12
JBKSIF010000072.1,Songbirds/Island_scrub_jay/A.insularis_AI_1603_79218_pri,TRG,2
JBKSIF010000168.1,Songbirds/Island_scrub_jay/A.insularis_AI_1603_79218_pri,TRD,3
JBKSIE010000153.1,Songbirds/Island_scrub_jay/A.insularis_AI_1603_79232_pri,TRA,39
JBKSIE010000007.1,Songbirds/Island_scrub_jay/A.insularis_AI_1603_79232_pri,TRB,14
JBKSIE010000059.1,Songbirds/Island_scrub_jay/A.insularis_AI_1603_79232_pri,TRG,2
JBKSIE010000153.1,Songbirds/Island_scrub_jay/A.insularis_AI_1603_79232_pri,TRD,3
JBKSID010000054.1,Songbirds/Island_scrub_jay/A.insularis_AI_1603_79302_pri,TRA,22
JBKSID010000037.1,Songbirds/Island_scrub_jay/A.insularis_AI_1603_79302_pri,TRB,12
JBKSID010000086.1,Songbirds/Island_scrub_jay/A.insularis_AI_1603_79302_pri,TRG,2
JBKSID010000054.1,Songbirds/Island_scrub_jay/A.insularis_AI_1603_79302_pri,TRD,3
JBKSIC010000043.1,Songbirds/Island_scrub_jay/A.insularis_AI_1603_79315_pri,TRA,39
JBKSIC010000020.1,Songbirds/Island_scrub_jay/A.insularis_AI_1603_79315_pri,TRB,12
JBKSIC010000032.1,Songbirds/Island_scrub_jay/A.insularis_AI_1603_79315_pri,TRG,2
JBKSIC010000043.1,Songbirds/Island_scrub_jay/A.insularis_AI_1603_79315_pri,TRD,3
JBKSIB010000117.1,Songbirds/Island_scrub_jay/A.insularis_AI_1703_64680_pri,TRA,25
JBKSIB010000013.1,Songbirds/Island_scrub_jay/A.insularis_AI_1703_64680_pri,TRB,14
JBKSIB010000035.1,Songbirds/Island_scrub_jay/A.insularis_AI_1703_64680_pri,TRG,2
JBKSIB010000117.1,Songbirds/Island_scrub_jay/A.insularis_AI_1703_64680_pri,TRD,3
JBKSIA010000115.1,Songbirds/Island_scrub_jay/A.insularis_AI_1833_00513_pri,TRA,25
JBKSIA010000038.1,Songbirds/Island_scrub_jay/A.insularis_AI_1833_00513_pri,TRB,12
JBKSIA010000007.1,Songbirds/Island_scrub_jay/A.insularis_AI_1833_00513_pri,TRG,2
JBKSIA010000115.1,Songbirds/Island_scrub_jay/A.insularis_AI_1833_00513_pri,TRD,3
JBKSHZ010000044.1,Songbirds/Island_scrub_jay/A.insularis_AI_1833_00687_pri,TRA,25
JBKSHZ010000034.1,Songbirds/Island_scrub_jay/A.insularis_AI_1833_00687_pri,TRB,12
JBKSHZ010000118.1,Songbirds/Island_scrub_jay/A.insularis_AI_1833_00687_pri,TRG,2
JBKSHZ010000044.1,Songbirds/Island_scrub_jay/A.insularis_AI_1833_00687_pri,TRD,3
JBKSHY010000273.1,Songbirds/Woodhouse_scrub_jay/A.woodhouseii_AW_365326_pri,TRA,36
JBKSHY010000006.1,Songbirds/Woodhouse_scrub_jay/A.woodhouseii_AW_365326_pri,TRB,10
JBKSHY010000053.1,Songbirds/Woodhouse_scrub_jay/A.woodhouseii_AW_365326_pri,TRG,2
JBKSHY010000273.1,Songbirds/Woodhouse_scrub_jay/A.woodhouseii_AW_365326_pri,TRD,6
JBKSHX010000118.1,Songbirds/Woodhouse_scrub_jay/A.woodhouseii_AW_365327_pri,TRA,34
JBKSHX010000040.1,Songbirds/Woodhouse_scrub_jay/A.woodhouseii_AW_365327_pri,TRB,12
JBKSHX010000061.1,Songbirds/Woodhouse_scrub_jay/A.woodhouseii_AW_365327_pri,TRG,2
JBKSHX010000118.1,Songbirds/Woodhouse_scrub_jay/A.woodhouseii_AW_365327_pri,TRD,5
JBKSHW010000334.1,Songbirds/Woodhouse_scrub_jay/A.woodhouseii_AW_365335_pri,TRA,30
JBKSHW010000026.1,Songbirds/Woodhouse_scrub_jay/A.woodhouseii_AW_365335_pri,TRB,12
JBKSHW010000029.1,Songbirds/Woodhouse_scrub_jay/A.woodhouseii_AW_365335_pri,TRG,2
JBKSHW010000334.1,Songbirds/Woodhouse_scrub_jay/A.woodhouseii_AW_365335_pri,TRD,1
JBKSHV010000083.1,Songbirds/Woodhouse_scrub_jay/A.woodhouseii_AW_365337_pri,TRA,56
JBKSHV010000018.1,Songbirds/Woodhouse_scrub_jay/A.woodhouseii_AW_365337_pri,TRB,14
JBKSHV010000100.1,Songbirds/Woodhouse_scrub_jay/A.woodhouseii_AW_365337_pri,TRG,2
JBKSHV010000083.1,Songbirds/Woodhouse_scrub_jay/A.woodhouseii_AW_365337_pri,TRD,7
JBKSHU010000167.1,Songbirds/Woodhouse_scrub_jay/A.woodhouseii_AW_365338_pri,TRA,33
JBKSHU010000026.1,Songbirds/Woodhouse_scrub_jay/A.woodhouseii_AW_365338_pri,TRB,10
JBKSHU010000109.1,Songbirds/Woodhouse_scrub_jay/A.woodhouseii_AW_365338_pri,TRG,2
JBKSHU010000167.1,Songbirds/Woodhouse_scrub_jay/A.woodhouseii_AW_365338_pri,TRD,6
JBKSHT010000350.1,Songbirds/Woodhouse_scrub_jay/A.woodhouseii_AW_365339_pri,TRA,24
JBKSHT010000004.1,Songbirds/Woodhouse_scrub_jay/A.woodhouseii_AW_365339_pri,TRB,12
JBKSHT010000001.1,Songbirds/Woodhouse_scrub_jay/A.woodhouseii_AW_365339_pri,TRG,2
JBKSHT010000350.1,Songbirds/Woodhouse_scrub_jay/A.woodhouseii_AW_365339_pri,TRD,12
JBKSHS010000133.1,Songbirds/Woodhouse_scrub_jay/A.woodhouseii_AW_366487_pri,TRA,23
JBKSHS010000006.1,Songbirds/Woodhouse_scrub_jay/A.woodhouseii_AW_366487_pri,TRB,10
JBKSHS010000200.1,Songbirds/Woodhouse_scrub_jay/A.woodhouseii_AW_366487_pri,TRG,2
JBKSHS010000133.1,Songbirds/Woodhouse_scrub_jay/A.woodhouseii_AW_366487_pri,TRD,6
JBKSHR010000379.1,Songbirds/Woodhouse_scrub_jay/A.woodhouseii_AW_366488_pri,TRA,37
JBKSHR010000007.1,Songbirds/Woodhouse_scrub_jay/A.woodhouseii_AW_366488_pri,TRB,14
JBKSHR010000049.1,Songbirds/Woodhouse_scrub_jay/A.woodhouseii_AW_366488_pri,TRG,2
JBKSHR010000379.1,Songbirds/Woodhouse_scrub_jay/A.woodhouseii_AW_366488_pri,TRD,6
JBKSHQ010000082.1,Songbirds/Woodhouse_scrub_jay/A.woodhouseii_AW_366490_pri,TRA,45
JBKSHQ010000022.1,Songbirds/Woodhouse_scrub_jay/A.woodhouseii_AW_366490_pri,TRB,12
JBKSHQ010000034.1,Songbirds/Woodhouse_scrub_jay/A.woodhouseii_AW_366490_pri,TRG,2
JBKSHQ010000082.1,Songbirds/Woodhouse_scrub_jay/A.woodhouseii_AW_366490_pri,TRD,4
JBKSHP010000139.1,Songbirds/Woodhouse_scrub_jay/A.woodhouseii_AW_366493_pri,TRA,28
JBKSHP010000038.1,Songbirds/Woodhouse_scrub_jay/A.woodhouseii_AW_366493_pri,TRB,12
JBKSHP010000193.1,Songbirds/Woodhouse_scrub_jay/A.woodhouseii_AW_366493_pri,TRG,2
JBKSHP010000139.1,Songbirds/Woodhouse_scrub_jay/A.woodhouseii_AW_366493_pri,TRD,2
JBKSHO010000258.1,Songbirds/Woodhouse_scrub_jay/A.woodhouseii_AW_366494_pri,TRA,23
JBKSHO010000060.1,Songbirds/Woodhouse_scrub_jay/A.woodhouseii_AW_366494_pri,TRB,12
JBKSHO010000153.1,Songbirds/Woodhouse_scrub_jay/A.woodhouseii_AW_366494_pri,TRG,2
JBKSHO010000258.1,Songbirds/Woodhouse_scrub_jay/A.woodhouseii_AW_366494_pri,TRD,5
JBKSHN010000777.1,Songbirds/Woodhouse_scrub_jay/A.woodhouseii_AW_366497_pri,TRA,34
JBKSHN010000044.1,Songbirds/Woodhouse_scrub_jay/A.woodhouseii_AW_366497_pri,TRB,10
JBKSHN010000057.1,Songbirds/Woodhouse_scrub_jay/A.woodhouseii_AW_366497_pri,TRG,2
JBKSHN010000777.1,Songbirds/Woodhouse_scrub_jay/A.woodhouseii_AW_366497_pri,TRD,2
JBKSHM010000129.1,Songbirds/Woodhouse_scrub_jay/A.woodhouseii_AW_366498_pri,TRA,27
JBKSHM010000089.1,Songbirds/Woodhouse_scrub_jay/A.woodhouseii_AW_366498_pri,TRB,12
JBKSHM010000122.1,Songbirds/Woodhouse_scrub_jay/A.woodhouseii_AW_366498_pri,TRG,2
JBKSHM010000129.1,Songbirds/Woodhouse_scrub_jay/A.woodhouseii_AW_366498_pri,TRD,3
JBKSHL010000197.1,Songbirds/Woodhouse_scrub_jay/A.woodhouseii_AW_366499_pri,TRA,42
JBKSHL010000414.1,Songbirds/Woodhouse_scrub_jay/A.woodhouseii_AW_366499_pri,TRB,8
JBKSHL010000131.1,Songbirds/Woodhouse_scrub_jay/A.woodhouseii_AW_366499_pri,TRG,2
JBKSHL010000197.1,Songbirds/Woodhouse_scrub_jay/A.woodhouseii_AW_366499_pri,TRD,3
JBKSKC010000260.1,Songbirds/Woodhouse_scrub_jay/A.woodhouseii_AW_365336_alt,TRA,39
JBKSKC010000070.1,Songbirds/Woodhouse_scrub_jay/A.woodhouseii_AW_365336_alt,TRB,10
JBKSKC010000264.1,Songbirds/Woodhouse_scrub_jay/A.woodhouseii_AW_365336_alt,TRG,2
JBKSKC010000260.1,Songbirds/Woodhouse_scrub_jay/A.woodhouseii_AW_365336_alt,TRD,6
JBKSKB010000205.1,Songbirds/Woodhouse_scrub_jay/A.woodhouseii_AW_365336_pri,TRA,38
JBKSKB010000019.1,Songbirds/Woodhouse_scrub_jay/A.woodhouseii_AW_365336_pri,TRB,12
JBKSKB010000252.1,Songbirds/Woodhouse_scrub_jay/A.woodhouseii_AW_365336_pri,TRG,2
JBKSKB010000205.1,Songbirds/Woodhouse_scrub_jay/A.woodhouseii_AW_365336_pri,TRD,8
JBKSHK010000125.1,Songbirds/Yucatan_jay/C.yucatanicus_CY_8788_pri,TRA,33
JBKSHK010000008.1,Songbirds/Yucatan_jay/C.yucatanicus_CY_8788_pri,TRB,10
JBKSHK010000001.1,Songbirds/Yucatan_jay/C.yucatanicus_CY_8788_pri,TRG,2
JBKSHK010000125.1,Songbirds/Yucatan_jay/C.yucatanicus_CY_8788_pri,TRD,2
JBVOXG010000241.1,Songbirds/Chestnut_seedeater/bSpoCin1_alt,TRA,16
JBVOXG010000024.1,Songbirds/Chestnut_seedeater/bSpoCin1_alt,TRB,29
JBVOXG010000265.1,Songbirds/Chestnut_seedeater/bSpoCin1_alt,TRG,3
JBVOXG010000241.1,Songbirds/Chestnut_seedeater/bSpoCin1_alt,TRD,5
JBVOXI010000193.1,Songbirds/Chestnut_seedeater/bSpoCin2_alt,TRA,25
JBVOXI010000204.1,Songbirds/Chestnut_seedeater/bSpoCin2_alt,TRB,17
JBVOXI010000431.1,Songbirds/Chestnut_seedeater/bSpoCin2_alt,TRG,2
JBVOXI010000193.1,Songbirds/Chestnut_seedeater/bSpoCin2_alt,TRD,2
JBVOXF010000030.1,Songbirds/Chestnut_seedeater/bSpoCin3_pri,TRA,15
JBVOXF010000001.1,Songbirds/Chestnut_seedeater/bSpoCin3_pri,TRB,25
JBVOXF010000013.1,Songbirds/Chestnut_seedeater/bSpoCin3_pri,TRG,3
JBVOXF010000030.1,Songbirds/Chestnut_seedeater/bSpoCin3_pri,TRD,3
JBVOXH010000035.1,Songbirds/Chestnut_seedeater/bSpoCin4_pri,TRA,14
JBVOXH010000002.1,Songbirds/Chestnut_seedeater/bSpoCin4_pri,TRB,43
JBVOXH010000007.1,Songbirds/Chestnut_seedeater/bSpoCin4_pri,TRG,3
JBVOXH010000035.1,Songbirds/Chestnut_seedeater/bSpoCin4_pri,TRD,2
JBVOWU010000069.1,Songbirds/Dark_throated_seedeater/bSpoRuf1_alt,TRA,17
JBVOWU010000517.1,Songbirds/Dark_throated_seedeater/bSpoRuf1_alt,TRB,17
JBVOWU010000047.1,Songbirds/Dark_throated_seedeater/bSpoRuf1_alt,TRG,3
JBVOWU010000069.1,Songbirds/Dark_throated_seedeater/bSpoRuf1_alt,TRD,6
JBVOWS010000206.1,Songbirds/Dark_throated_seedeater/bSpoRuf2_alt,TRA,23
JBVOWS010000047.1,Songbirds/Dark_throated_seedeater/bSpoRuf2_alt,TRB,27
JBVOWS010000327.1,Songbirds/Dark_throated_seedeater/bSpoRuf2_alt,TRG,3
JBVOWS010000206.1,Songbirds/Dark_throated_seedeater/bSpoRuf2_alt,TRD,5
JBVOWR010000033.1,Songbirds/Dark_throated_seedeater/bSpoRuf3_pri,TRA,31
JBVOWR010000002.1,Songbirds/Dark_throated_seedeater/bSpoRuf3_pri,TRB,19
JBVOWR010000013.1,Songbirds/Dark_throated_seedeater/bSpoRuf3_pri,TRG,2
JBVOWR010000033.1,Songbirds/Dark_throated_seedeater/bSpoRuf3_pri,TRD,10
JBVOWT010000059.1,Songbirds/Dark_throated_seedeater/bSpoRuf4_pri,TRA,15
JBVOWT010000015.1,Songbirds/Dark_throated_seedeater/bSpoRuf4_pri,TRB,19
JBVOWT010000027.1,Songbirds/Dark_throated_seedeater/bSpoRuf4_pri,TRG,3
JBVOWT010000059.1,Songbirds/Dark_throated_seedeater/bSpoRuf4_pri,TRD,3
JBVOXE010000037.1,Songbirds/Grey_and_chestnut_seedeater/bSpoHyp1_alt,TRA,21
JBVOXE010000047.1,Songbirds/Grey_and_chestnut_seedeater/bSpoHyp1_alt,TRB,23
JBVOXE010000155.1,Songbirds/Grey_and_chestnut_seedeater/bSpoHyp1_alt,TRG,3
JBVOXE010000037.1,Songbirds/Grey_and_chestnut_seedeater/bSpoHyp1_alt,TRD,9
JBVOXD010000036.1,Songbirds/Grey_and_chestnut_seedeater/bSpoHyp2_pri,TRA,18
JBVOXD010000001.1,Songbirds/Grey_and_chestnut_seedeater/bSpoHyp2_pri,TRB,21
JBVOXD010000004.1,Songbirds/Grey_and_chestnut_seedeater/bSpoHyp2_pri,TRG,2
JBVOXD010000036.1,Songbirds/Grey_and_chestnut_seedeater/bSpoHyp2_pri,TRD,5
JBRFQN010000097.1,Songbirds/Ibera_seedeater/bSpoIbe1,TRA,19
JBRFQN010000437.1,Songbirds/Ibera_seedeater/bSpoIbe1,TRB,23
JBRFQN010000159.1,Songbirds/Ibera_seedeater/bSpoIbe1,TRG,2
JBRFQN010000097.1,Songbirds/Ibera_seedeater/bSpoIbe1,TRD,3
JBRFQP010000128.1,Songbirds/Ibera_seedeater/bSpoIbe2,TRA,22
JBRFQP010000017.1,Songbirds/Ibera_seedeater/bSpoIbe2,TRB,35
JBRFQP010000039.1,Songbirds/Ibera_seedeater/bSpoIbe2,TRG,3
JBRFQP010000128.1,Songbirds/Ibera_seedeater/bSpoIbe2,TRD,5
JBRFQT010000088.1,Songbirds/Ibera_seedeater/bSpoIbe3,TRA,16
JBRFQT010000054.1,Songbirds/Ibera_seedeater/bSpoIbe3,TRB,19
JBRFQT010000437.1,Songbirds/Ibera_seedeater/bSpoIbe3,TRG,2
JBRFQT010000088.1,Songbirds/Ibera_seedeater/bSpoIbe3,TRD,2
JBRFQR010000270.1,Songbirds/Ibera_seedeater/bSpoIbe4,TRA,32
JBRFQR010000016.1,Songbirds/Ibera_seedeater/bSpoIbe4,TRB,17
JBRFQR010000146.1,Songbirds/Ibera_seedeater/bSpoIbe4,TRG,2
JBRFQR010000270.1,Songbirds/Ibera_seedeater/bSpoIbe4,TRD,3
JBRFQM010000040.1,Songbirds/Ibera_seedeater/bSpoIbe5,TRA,26
JBRFQM010000001.1,Songbirds/Ibera_seedeater/bSpoIbe5,TRB,27
JBRFQM010000007.1,Songbirds/Ibera_seedeater/bSpoIbe5,TRG,2
JBRFQM010000040.1,Songbirds/Ibera_seedeater/bSpoIbe5,TRD,4
JBRFQO010000039.1,Songbirds/Ibera_seedeater/bSpoIbe6,TRA,27
JBRFQO010000002.1,Songbirds/Ibera_seedeater/bSpoIbe6,TRB,19
JBRFQO010000001.1,Songbirds/Ibera_seedeater/bSpoIbe6,TRG,2
JBRFQO010000039.1,Songbirds/Ibera_seedeater/bSpoIbe6,TRD,5
JBRFQQ010000064.1,Songbirds/Ibera_seedeater/bSpoIbe7,TRA,24
JBRFQQ010000012.1,Songbirds/Ibera_seedeater/bSpoIbe7,TRB,21
JBRFQQ010000006.1,Songbirds/Ibera_seedeater/bSpoIbe7,TRG,3
JBRFQQ010000064.1,Songbirds/Ibera_seedeater/bSpoIbe7,TRD,3
JBRFQS010000033.1,Songbirds/Ibera_seedeater/bSpoIbe8,TRA,27
JBRFQS010000001.1,Songbirds/Ibera_seedeater/bSpoIbe8,TRB,15
JBRFQS010000013.1,Songbirds/Ibera_seedeater/bSpoIbe8,TRG,2
JBRFQS010000033.1,Songbirds/Ibera_seedeater/bSpoIbe8,TRD,9
JBVOWY010000094.1,Songbirds/Marsh_seedeater/bSpoPal1_alt,TRA,23
JBVOWY010000204.1,Songbirds/Marsh_seedeater/bSpoPal1_alt,TRB,14
JBVOWY010000063.1,Songbirds/Marsh_seedeater/bSpoPal1_alt,TRG,2
JBVOWY010000094.1,Songbirds/Marsh_seedeater/bSpoPal1_alt,TRD,6
JBVOXA010000167.1,Songbirds/Marsh_seedeater/bSpoPal2_alt,TRA,21
JBVOXA010000073.1,Songbirds/Marsh_seedeater/bSpoPal2_alt,TRB,17
JBVOXA010000359.1,Songbirds/Marsh_seedeater/bSpoPal2_alt,TRG,2
JBVOXA010000167.1,Songbirds/Marsh_seedeater/bSpoPal2_alt,TRD,4
JBVOWZ010000066.1,Songbirds/Marsh_seedeater/bSpoPal3_pri,TRA,29
JBVOWZ010000003.1,Songbirds/Marsh_seedeater/bSpoPal3_pri,TRB,11
JBVOWZ010000009.1,Songbirds/Marsh_seedeater/bSpoPal3_pri,TRG,3
JBVOWZ010000066.1,Songbirds/Marsh_seedeater/bSpoPal3_pri,TRD,12
JBVOXB010000051.1,Songbirds/Marsh_seedeater/bSpoPal4_pri,TRA,26
JBVOXB010000013.1,Songbirds/Marsh_seedeater/bSpoPal4_pri,TRB,18
JBVOXB010000015.1,Songbirds/Marsh_seedeater/bSpoPal4_pri,TRG,3
JBVOXB010000051.1,Songbirds/Marsh_seedeater/bSpoPal4_pri,TRD,2
JBVOXC010000597.1,Songbirds/Marsh_seedeater/bSpoPal5_alt,TRA,17
JBVOXC010000219.1,Songbirds/Marsh_seedeater/bSpoPal5_alt,TRB,13
JBVOXC010000335.1,Songbirds/Marsh_seedeater/bSpoPal5_alt,TRG,2
JBVOXC010000597.1,Songbirds/Marsh_seedeater/bSpoPal5_alt,TRD,5
JBVOWX010000052.1,Songbirds/Marsh_seedeater/bSpoPal6_pri,TRA,23
JBVOWX010000001.1,Songbirds/Marsh_seedeater/bSpoPal6_pri,TRB,15
JBVOWX010000011.1,Songbirds/Marsh_seedeater/bSpoPal6_pri,TRG,1
JBVOWX010000052.1,Songbirds/Marsh_seedeater/bSpoPal6_pri,TRD,8
JBVOWW010000431.1,Songbirds/Pearly_bellied_seedeater/bSpoPil1_alt,TRA,22
JBVOWW010000035.1,Songbirds/Pearly_bellied_seedeater/bSpoPil1_alt,TRB,15
JBVOWW010000312.1,Songbirds/Pearly_bellied_seedeater/bSpoPil1_alt,TRG,3
JBVOWW010000431.1,Songbirds/Pearly_bellied_seedeater/bSpoPil1_alt,TRD,3
JBVOWV010000125.1,Songbirds/Pearly_bellied_seedeater/bSpoPil2_pri,TRA,22
JBVOWV010000001.1,Songbirds/Pearly_bellied_seedeater/bSpoPil2_pri,TRB,29
JBVOWV010000007.1,Songbirds/Pearly_bellied_seedeater/bSpoPil2_pri,TRG,3
JBVOWV010000125.1,Songbirds/Pearly_bellied_seedeater/bSpoPil2_pri,TRD,4
JBRFQV010000135.1,Songbirds/Tawny_bellied_seedeater/bSpoHyp1,TRA,42
JBRFQV010000048.1,Songbirds/Tawny_bellied_seedeater/bSpoHyp1,TRB,21
JBRFQV010000478.1,Songbirds/Tawny_bellied_seedeater/bSpoHyp1,TRG,3
JBRFQV010000135.1,Songbirds/Tawny_bellied_seedeater/bSpoHyp1,TRD,3
JBRFQX010000052.1,Songbirds/Tawny_bellied_seedeater/bSpoHyp2,TRA,41
JBRFQX010000099.1,Songbirds/Tawny_bellied_seedeater/bSpoHyp2,TRB,35
JBRFQX010000005.1,Songbirds/Tawny_bellied_seedeater/bSpoHyp2,TRG,3
JBRFQX010000052.1,Songbirds/Tawny_bellied_seedeater/bSpoHyp2,TRD,4
JBRFQZ010000121.1,Songbirds/Tawny_bellied_seedeater/bSpoHyp3,TRA,16
JBRFQZ010000031.1,Songbirds/Tawny_bellied_seedeater/bSpoHyp3,TRB,21
JBRFQZ010000446.1,Songbirds/Tawny_bellied_seedeater/bSpoHyp3,TRG,3
JBRFQZ010000121.1,Songbirds/Tawny_bellied_seedeater/bSpoHyp3,TRD,6
JBRFQU010000040.1,Songbirds/Tawny_bellied_seedeater/bSpoHyp4,TRA,12
JBRFQU010000001.1,Songbirds/Tawny_bellied_seedeater/bSpoHyp4,TRB,19
JBRFQU010000006.1,Songbirds/Tawny_bellied_seedeater/bSpoHyp4,TRG,3
JBRFQU010000040.1,Songbirds/Tawny_bellied_seedeater/bSpoHyp4,TRD,1
JBRFQW010000064.1,Songbirds/Tawny_bellied_seedeater/bSpoHyp5,TRA,29
JBRFQW010000060.1,Songbirds/Tawny_bellied_seedeater/bSpoHyp5,TRB,25
JBRFQW010000032.1,Songbirds/Tawny_bellied_seedeater/bSpoHyp5,TRG,3
JBRFQW010000064.1,Songbirds/Tawny_bellied_seedeater/bSpoHyp5,TRD,4
JBRFQY010000037.1,Songbirds/Tawny_bellied_seedeater/bSpoHyp6,TRA,23
JBRFQY010000001.1,Songbirds/Tawny_bellied_seedeater/bSpoHyp6,TRB,23
JBRFQY010000005.1,Songbirds/Tawny_bellied_seedeater/bSpoHyp6,TRG,3
JBRFQY010000037.1,Songbirds/Tawny_bellied_seedeater/bSpoHyp6,TRD,5
h2tg000010l,Songbirds/Common_cactus_finch/Scandens_alt,TRA,38
h2tg000070l,Songbirds/Common_cactus_finch/Scandens_alt,TRB,13
h2tg000310l,Songbirds/Common_cactus_finch/Scandens_alt,TRG,3
h2tg000010l,Songbirds/Common_cactus_finch/Scandens_alt,TRD,8
h1tg000430l,Songbirds/Common_cactus_finch/Scandens_pri,TRA,24
h1tg000091l,Songbirds/Common_cactus_finch/Scandens_pri,TRB,19
h1tg000015l,Songbirds/Common_cactus_finch/Scandens_pri,TRG,3
h1tg000430l,Songbirds/Common_cactus_finch/Scandens_pri,TRD,6
h2tg000740l,Songbirds/Large_ground_finch/Magnirostris_alt,TRA,17
h2tg000644l,Songbirds/Large_ground_finch/Magnirostris_alt,TRB,11
h2tg000524l,Songbirds/Large_ground_finch/Magnirostris_alt,TRG,3
h2tg000740l,Songbirds/Large_ground_finch/Magnirostris_alt,TRD,6
h1tg000369l,Songbirds/Large_ground_finch/Magnirostris_pri,TRA,43
h1tg000034l,Songbirds/Large_ground_finch/Magnirostris_pri,TRB,11
h1tg000125l,Songbirds/Large_ground_finch/Magnirostris_pri,TRG,2
h1tg000369l,Songbirds/Large_ground_finch/Magnirostris_pri,TRD,8
h2tg000283l,Songbirds/Medium_ground_finch/Fortis_pri,TRA,24
h2tg000167l,Songbirds/Medium_ground_finch/Fortis_pri,TRB,21
h2tg000146l,Songbirds/Medium_ground_finch/Fortis_pri,TRG,3
h2tg000283l,Songbirds/Medium_ground_finch/Fortis_pri,TRD,6
u000001680,Songbirds/Medium_ground_finch/GeospizaFortis_HiC,TRA,40
u000001667,Songbirds/Medium_ground_finch/GeospizaFortis_HiC,TRB,13
u000001669,Songbirds/Medium_ground_finch/GeospizaFortis_HiC,TRG,2
u000001680,Songbirds/Medium_ground_finch/GeospizaFortis_HiC,TRD,8
h2tg000306l,Songbirds/Small_ground_finch/Fuliginosa_alt,TRA,26
h2tg000058l,Songbirds/Small_ground_finch/Fuliginosa_alt,TRB,11
h2tg000249l,Songbirds/Small_ground_finch/Fuliginosa_alt,TRG,3
h2tg000306l,Songbirds/Small_ground_finch/Fuliginosa_alt,TRD,6
h1tg000368l,Songbirds/Small_ground_finch/Fuliginosa_pri,TRA,24
h1tg000313l,Songbirds/Small_ground_finch/Fuliginosa_pri,TRB,25
h1tg000368l,Songbirds/Small_ground_finch/Fuliginosa_pri,TRD,6
LR761571.1,Songbirds/Small_tree_finch/GCA_902806625_1,TRB,3
LR761570.1,Songbirds/Small_tree_finch/GCA_902806625_1,TRG,3
CADCXG010000287.1,Songbirds/Small_tree_finch/GCA_902806625_1,TRD,6
OX451246.1,Cormorants/European_Shag/bGulAri2_pri,TRA,83
OX451222.1,Cormorants/European_Shag/bGulAri2_pri,TRB,3
OX451223.1,Cormorants/European_Shag/bGulAri2_pri,TRG,19
OX451246.1,Cormorants/European_Shag/bGulAri2_pri,TRD,8
CATIVF010000269.1,Cormorants/European_Shag/bGulAri2_alt,TRA,25
CATIVF010001134.1,Cormorants/European_Shag/bGulAri2_alt,TRB,3
CATIVF010009693.1,Cormorants/European_Shag/bGulAri2_alt,TRG,12
OY997627.1,Cormorants/Great_Cormorant/bPhaCar2_pri,TRA,20
OY997601.1,Cormorants/Great_Cormorant/bPhaCar2_pri,TRB,3
OY997602.1,Cormorants/Great_Cormorant/bPhaCar2_pri,TRG,27
OY997627.1,Cormorants/Great_Cormorant/bPhaCar2_pri,TRD,7
CAWUGX010001131.1,Cormorants/Great_Cormorant/bPhaCar2_alt,TRA,78
CAWUGX010000887.1,Cormorants/Great_Cormorant/bPhaCar2_alt,TRB,3
CAWUGX010001138.1,Cormorants/Great_Cormorant/bPhaCar2_alt,TRG,21
CAWUGX010001131.1,Cormorants/Great_Cormorant/bPhaCar2_alt,TRD,8
JAKCOY010000032.1,Cranes/Black_Rail/bLatJam1_alt,TRA,40
JAKCOY010000059.1,Cranes/Black_Rail/bLatJam1_alt,TRB,14
JAKCOY010000097.1,Cranes/Black_Rail/bLatJam1_alt,TRG,15
JAKCOX010000030.1,Cranes/Black_Rail/bLatJam1_pri,TRA,30
JAKCOX010000003.1,Cranes/Black_Rail/bLatJam1_pri,TRB,13
JAKCOX010000008.1,Cranes/Black_Rail/bLatJam1_pri,TRG,15
CM021641.1,Cranes/Grey_CrownedCrane/bBalReg1_pri,TRA,23
CM021618.1,Cranes/Grey_CrownedCrane/bBalReg1_pri,TRB,4
CM021619.1,Cranes/Grey_CrownedCrane/bBalReg1_pri,TRG,39
CM021641.1,Cranes/Grey_CrownedCrane/bBalReg1_pri,TRD,16
JAAIYD010000280.1,Cranes/Grey_CrownedCrane/bBalReg1_alt,TRB,8
JAAIYD010000758.1,Cranes/Grey_CrownedCrane/bBalReg1_alt,TRG,30
JAAIYD010000759.1,Cranes/Grey_CrownedCrane/bBalReg1_alt,TRD,15
CM054326.1,Cranes/Whooping_Crane/bGruAme1_pri,TRA,73
CM054305.1,Cranes/Whooping_Crane/bGruAme1_pri,TRB,6
CM054306.1,Cranes/Whooping_Crane/bGruAme1_pri,TRG,36
CM054326.1,Cranes/Whooping_Crane/bGruAme1_pri,TRD,16
CM054269.1,Cranes/Whooping_Crane/bGruAme1_alt,TRG,19
OZ067125.1,Cranes/Eurasian_Crane/bGruGru1_pri,TRA,50
OZ067103.1,Cranes/Eurasian_Crane/bGruGru1_pri,TRB,8
OZ067104.1,Cranes/Eurasian_Crane/bGruGru1_pri,TRG,37
OZ067125.1,Cranes/Eurasian_Crane/bGruGru1_pri,TRD,21
CM036928.1,Cranes/Takahe/bPorHoc1_pri,TRA,29
CM036905.1,Cranes/Takahe/bPorHoc1_pri,TRB,16
CM036906.1,Cranes/Takahe/bPorHoc1_pri,TRG,22
JAJHSZ010000004.1,Cranes/Takahe/bPorHoc1_alt,TRB,18
JAJHSZ010000001.1,Cranes/Takahe/bPorHoc1_alt,TRG,27
OZ175140.1,Cranes/Common_Moorhen/bGalChl1_pri,TRB,22
OZ175141.1,Cranes/Common_Moorhen/bGalChl1_pri,TRG,11
OZ175166.1,Cranes/Common_Moorhen/bGalChl1_pri,TRA,22
OZ175166.1,Cranes/Common_Moorhen/bGalChl1_pri,TRD,1
JAKCOZ010000040.1,Cranes/Virginia_Rail/bRalLim1_pri,TRA,36
JAKCOZ010000001.1,Cranes/Virginia_Rail/bRalLim1_pri,TRB,16
JAKCOZ010000014.1,Cranes/Virginia_Rail/bRalLim1_pri,TRG,24
JAKCPA010000306.1,Cranes/Virginia_Rail/bRalLim1_alt,TRG,23
JAKCPA010000047.1,Cranes/Virginia_Rail/bRalLim1_alt,TRA,32
JAKCPA010000005.1,Cranes/Virginia_Rail/bRalLim1_alt,TRB,16
JAKCPA010000047.1,Cranes/Virginia_Rail/bRalLim1_alt,TRD,2
CM106451.1,MiscBirds/Elegant_Crested_Tinamou/bEudEle1_pri,TRA,33
CM106427.1,MiscBirds/Elegant_Crested_Tinamou/bEudEle1_pri,TRB,21
CM106428.1,MiscBirds/Elegant_Crested_Tinamou/bEudEle1_pri,TRG,3
CM106413.1,MiscBirds/Elegant_Crested_Tinamou/bEudEle1_alt,TRA,34
CM106389.1,MiscBirds/Elegant_Crested_Tinamou/bEudEle1_alt,TRB,21
CM106390.1,MiscBirds/Elegant_Crested_Tinamou/bEudEle1_alt,TRG,3
CM050677.1,MiscBirds/Kagu/bRhyJub1_pri,TRA,13
CM050652.1,MiscBirds/Kagu/bRhyJub1_pri,TRB,6
CM050653.1,MiscBirds/Kagu/bRhyJub1_pri,TRG,5
JAQBHZ010001442.1,MiscBirds/Kagu/bRhyJub1_alt,TRA,2
JAQBHZ010000004.1,MiscBirds/Kagu/bRhyJub1_alt,TRG,7
CM030661.1,MiscBirds/Common_Cuckoo/bCucCan1_pri,TRA,23
CM030637.1,MiscBirds/Common_Cuckoo/bCucCan1_pri,TRB,10
CM030638.1,MiscBirds/Common_Cuckoo/bCucCan1_pri,TRG,3
CM030661.1,MiscBirds/Common_Cuckoo/bCucCan1_pri,TRD,3
JAGIYU010000002.1,MiscBirds/Common_Cuckoo/bCucCan1_alt,TRB,11
JAGIYU010000206.1,MiscBirds/Common_Cuckoo/bCucCan1_alt,TRG,3
JAGIYU010000421.1,MiscBirds/Common_Cuckoo/bCucCan1_alt,TRD,3
JAFCHQ010000149.1,MiscBirds/Rifleman/bAcaChl1_pri,TRA,24
CM029184.1,MiscBirds/Rifleman/bAcaChl1_pri,TRB,3
CM029183.1,MiscBirds/Rifleman/bAcaChl1_pri,TRG,8
JAFCHQ010000149.1,MiscBirds/Rifleman/bAcaChl1_pri,TRD,2
JAFCHR010002508.1,MiscBirds/Rifleman/bAcaChl1_alt,TRA,20
JAFCHR010000242.1,MiscBirds/Rifleman/bAcaChl1_alt,TRB,4
JAFCHR010000148.1,MiscBirds/Rifleman/bAcaChl1_alt,TRG,3
CM071236.1,MiscBirds/North_Island_Brown_Kiwi/bAptMan1_pri,TRA,67
CM071209.1,MiscBirds/North_Island_Brown_Kiwi/bAptMan1_pri,TRB,5
CM071210.1,MiscBirds/North_Island_Brown_Kiwi/bAptMan1_pri,TRG,3
CM071193.1,MiscBirds/North_Island_Brown_Kiwi/bAptMan1_alt,TRA,81
CM071166.1,MiscBirds/North_Island_Brown_Kiwi/bAptMan1_alt,TRB,5
CM071167.1,MiscBirds/North_Island_Brown_Kiwi/bAptMan1_alt,TRG,3
CM072409.1,MiscBirds/Emu/bDroNov1_pri,TRA,78
CM072389.1,MiscBirds/Emu/bDroNov1_pri,TRG,2
CM072370.1,MiscBirds/Emu/bDroNov1_alt,TRA,84
CM072349.1,MiscBirds/Emu/bDroNov1_alt,TRB,9
CM072350.1,MiscBirds/Emu/bDroNov1_alt,TRG,2
CM075612.1,MiscBirds/King_Vulture/bSarPap1_pri,TRA,53
CM075586.1,MiscBirds/King_Vulture/bSarPap1_pri,TRB,4
CM075587.1,MiscBirds/King_Vulture/bSarPap1_pri,TRG,5
CM075612.1,MiscBirds/King_Vulture/bSarPap1_pri,TRD,16
CM075573.1,MiscBirds/King_Vulture/bSarPap1_alt,TRA,61
CM075547.1,MiscBirds/King_Vulture/bSarPap1_alt,TRB,4
CM075548.1,MiscBirds/King_Vulture/bSarPap1_alt,TRG,5
CM075573.1,MiscBirds/King_Vulture/bSarPap1_alt,TRD,21
CM081610.1,MiscBirds/Common_Ostrich/bStrCam1_pri,TRA,22
CM081586.1,MiscBirds/Common_Ostrich/bStrCam1_pri,TRB,40
CM081587.1,MiscBirds/Common_Ostrich/bStrCam1_pri,TRG,3
CM081571.1,MiscBirds/Common_Ostrich/bStrCam1_alt,TRA,16
CM081547.1,MiscBirds/Common_Ostrich/bStrCam1_alt,TRB,12
CM081548.1,MiscBirds/Common_Ostrich/bStrCam1_alt,TRG,3
CM054345.1,MiscBirds/Speckled_Mousebird/bColStr4_pri,TRB,2
CM054349.1,MiscBirds/Speckled_Mousebird/bColStr4_pri,TRG,5
CM054207.1,MiscBirds/Speckled_Mousebird/bColStr4_alt,TRB,2
CM054211.1,MiscBirds/Speckled_Mousebird/bColStr4_alt,TRG,5
CM062557.1,MiscBirds/Northern_Gannet/bMorBas2_pri,TRA,43
CM062534.1,MiscBirds/Northern_Gannet/bMorBas2_pri,TRB,5
CM062533.1,MiscBirds/Northern_Gannet/bMorBas2_pri,TRG,6
CM062557.1,MiscBirds/Northern_Gannet/bMorBas2_pri,TRD,12
CM062591.1,MiscBirds/Northern_Gannet/bMorBas2_alt,TRA,39
CM062568.1,MiscBirds/Northern_Gannet/bMorBas2_alt,TRB,3
CM062567.1,MiscBirds/Northern_Gannet/bMorBas2_alt,TRG,6
CM062591.1,MiscBirds/Northern_Gannet/bMorBas2_alt,TRD,20
OU015549.1,MiscBirds/Eurasian_Nightjar/bCapEur3_pri,TRA,16
OU015523.1,MiscBirds/Eurasian_Nightjar/bCapEur3_pri,TRB,4
OU015530.1,MiscBirds/Eurasian_Nightjar/bCapEur3_pri,TRG,8
OU015549.1,MiscBirds/Eurasian_Nightjar/bCapEur3_pri,TRD,8
CAJRAW010002166.1,MiscBirds/Eurasian_Nightjar/bCapEur3_alt,TRA,13
CAJRAW010002097.1,MiscBirds/Eurasian_Nightjar/bCapEur3_alt,TRB,4
CAJRAW010000008.1,MiscBirds/Eurasian_Nightjar/bCapEur3_alt,TRG,5
CAJRAW010001420.1,MiscBirds/Eurasian_Nightjar/bCapEur3_alt,TRD,7
CM051786.1,MiscBirds/Lesser_Rhea/bPtePen1_pri,TRA,24
CM051761.1,MiscBirds/Lesser_Rhea/bPtePen1_pri,TRB,14
CM051762.1,MiscBirds/Lesser_Rhea/bPtePen1_pri,TRG,5
JAQOLW010000060.1,MiscBirds/Lesser_Rhea/bPtePen1_alt,TRA,26
JAQOLW010000101.1,MiscBirds/Lesser_Rhea/bPtePen1_alt,TRB,12
JAQOLW010000026.1,MiscBirds/Lesser_Rhea/bPtePen1_alt,TRG,2
CM036527.1,MiscBirds/Common_Swift/bApuApu2_pri,TRA,10
CM036503.1,MiscBirds/Common_Swift/bApuApu2_pri,TRB,5
CM036504.1,MiscBirds/Common_Swift/bApuApu2_pri,TRG,3
CM036527.1,MiscBirds/Common_Swift/bApuApu2_pri,TRD,2
JAJGQZ010000028.1,MiscBirds/Common_Swift/bApuApu2_alt,TRB,5
JAJGQZ010000826.1,MiscBirds/Common_Swift/bApuApu2_alt,TRG,3
CM036639.1,MiscBirds/Surucua_Trogon/bTroSur1_pri,TRA,31
CM036617.1,MiscBirds/Surucua_Trogon/bTroSur1_pri,TRB,3
CM036622.1,MiscBirds/Surucua_Trogon/bTroSur1_pri,TRG,3
CM036639.1,MiscBirds/Surucua_Trogon/bTroSur1_pri,TRD,4
JAJGSU010000890.1,MiscBirds/Surucua_Trogon/bTroSur1_alt,TRG,3
JAJGSU010000794.1,MiscBirds/Surucua_Trogon/bTroSur1_alt,TRD,4
OZ196937.1,MiscBirds/RedBilled_Tropicbird/bPhaAeh10_pri,TRA,14
OZ196911.1,MiscBirds/RedBilled_Tropicbird/bPhaAeh10_pri,TRB,2
OZ196912.1,MiscBirds/RedBilled_Tropicbird/bPhaAeh10_pri,TRG,5
OZ196937.1,MiscBirds/RedBilled_Tropicbird/bPhaAeh10_pri,TRD,1
CM020049.1,MiscBirds/Abyssinian_Ground_Hornbill/bBucAby1_pri,TRA,17
CM020053.1,MiscBirds/Abyssinian_Ground_Hornbill/bBucAby1_pri,TRB,6
CM020054.1,MiscBirds/Abyssinian_Ground_Hornbill/bBucAby1_pri,TRG,2
CM020049.1,MiscBirds/Abyssinian_Ground_Hornbill/bBucAby1_pri,TRD,20
WNMH01002552.1,MiscBirds/Abyssinian_Ground_Hornbill/bBucAby1_alt,TRB,6
WNMH01002111.1,MiscBirds/Abyssinian_Ground_Hornbill/bBucAby1_alt,TRG,2
CM023757.1,MiscBirds/Great_Potoo/bNycGra1_pri,TRA,22
CM023736.1,MiscBirds/Great_Potoo/bNycGra1_pri,TRB,4
CM023738.1,MiscBirds/Great_Potoo/bNycGra1_pri,TRG,4
CM023757.1,MiscBirds/Great_Potoo/bNycGra1_pri,TRD,13
JABXNW010000152.1,MiscBirds/Great_Potoo/bNycGra1_alt,TRB,4
JABXNW010000894.1,MiscBirds/Great_Potoo/bNycGra1_alt,TRG,4
JABXNW010001070.1,MiscBirds/Great_Potoo/bNycGra1_alt,TRD,6
CM019990.1,MiscBirds/RedCrested_Turaco/bTauEry1_pri,TRA,45
CM019966.1,MiscBirds/RedCrested_Turaco/bTauEry1_pri,TRB,16
CM019972.1,MiscBirds/RedCrested_Turaco/bTauEry1_pri,TRG,16
CM019990.1,MiscBirds/RedCrested_Turaco/bTauEry1_pri,TRD,5
WOXX01002720.1,MiscBirds/RedCrested_Turaco/bTauEry1_alt,TRA,3
WOXX01002644.1,MiscBirds/RedCrested_Turaco/bTauEry1_alt,TRG,11
WOXX01002721.1,MiscBirds/RedCrested_Turaco/bTauEry1_alt,TRD,3
CM071410.1,MiscBirds/Macqueens_Bustard/bChlMac1_pri,TRA,16
CM071386.1,MiscBirds/Macqueens_Bustard/bChlMac1_pri,TRB,4
CM071387.1,MiscBirds/Macqueens_Bustard/bChlMac1_pri,TRG,9
CM071410.1,MiscBirds/Macqueens_Bustard/bChlMac1_pri,TRD,2
CM071374.1,MiscBirds/Macqueens_Bustard/bChlMac1_alt,TRA,16
CM071350.1,MiscBirds/Macqueens_Bustard/bChlMac1_alt,TRB,4
CM071351.1,MiscBirds/Macqueens_Bustard/bChlMac1_alt,TRG,15
CM071374.1,MiscBirds/Macqueens_Bustard/bChlMac1_alt,TRD,2
OZ077832.1,MiscBirds/Corys_Shearwater/bCalBor7_pri,TRA,72
OZ077811.1,MiscBirds/Corys_Shearwater/bCalBor7_pri,TRB,6
OZ077812.1,MiscBirds/Corys_Shearwater/bCalBor7_pri,TRG,4
OZ077832.1,MiscBirds/Corys_Shearwater/bCalBor7_pri,TRD,17
CM051647.1,MiscBirds/Tawny_Frogmouth/bPodStr1_pri,TRA,26
CM051651.1,MiscBirds/Tawny_Frogmouth/bPodStr1_pri,TRB,4
CM051623.1,MiscBirds/Tawny_Frogmouth/bPodStr1_pri,TRG,5
CM051647.1,MiscBirds/Tawny_Frogmouth/bPodStr1_pri,TRD,7
JAQJZI010000143.1,MiscBirds/Tawny_Frogmouth/bPodStr1_alt,TRA,21
JAQJZI010000582.1,MiscBirds/Tawny_Frogmouth/bPodStr1_alt,TRB,4
JAQJZI010000549.1,MiscBirds/Tawny_Frogmouth/bPodStr1_alt,TRG,5
JAQJZI010000143.1,MiscBirds/Tawny_Frogmouth/bPodStr1_alt,TRD,6
CM067803.1,MiscBirds/CuckooRoller/bLepDis1_pri,TRA,66
CM067780.1,MiscBirds/CuckooRoller/bLepDis1_pri,TRB,11
CM067786.1,MiscBirds/CuckooRoller/bLepDis1_pri,TRG,4
CM067833.1,MiscBirds/CuckooRoller/bLepDis1_alt,TRA,9
CM067809.1,MiscBirds/CuckooRoller/bLepDis1_alt,TRB,11
CM067815.1,MiscBirds/CuckooRoller/bLepDis1_alt,TRG,4
CM067833.1,MiscBirds/CuckooRoller/bLepDis1_alt,TRD,4
CM020238.1,MiscBirds/American_Flamingo/bPhoRub2_pri,TRA,22
CM020215.1,MiscBirds/American_Flamingo/bPhoRub2_pri,TRB,6
CM020216.1,MiscBirds/American_Flamingo/bPhoRub2_pri,TRG,40
CM020238.1,MiscBirds/American_Flamingo/bPhoRub2_pri,TRD,9
WNML01001942.1,MiscBirds/American_Flamingo/bPhoRub2_alt,TRB,8
CM061407.1,MiscBirds/Hoatzin/bOpiHoa1_pri,TRA,20
CM061382.1,MiscBirds/Hoatzin/bOpiHoa1_pri,TRB,11
CM061385.1,MiscBirds/Hoatzin/bOpiHoa1_pri,TRG,10
CM061407.1,MiscBirds/Hoatzin/bOpiHoa1_pri,TRD,11
CM061448.1,MiscBirds/Hoatzin/bOpiHoa1_alt,TRA,20
CM061423.1,MiscBirds/Hoatzin/bOpiHoa1_alt,TRB,8
CM061426.1,MiscBirds/Hoatzin/bOpiHoa1_alt,TRG,6
CM061448.1,MiscBirds/Hoatzin/bOpiHoa1_alt,TRD,11
CM020257.1,MiscBirds/RedLegged_Seriema/bCarCri1_pri,TRB,12
CM020283.1,MiscBirds/RedLegged_Seriema/bCarCri1_pri,TRG,7
CM020291.1,MiscBirds/RedLegged_Seriema/bCarCri1_pri,TRD,3
WNMP01000006.1,MiscBirds/RedLegged_Seriema/bCarCri1_alt,TRD,6
CM030214.1,MiscBirds/Maguari_Stork/bCicMag1_pri,TRA,13
CM030193.1,MiscBirds/Maguari_Stork/bCicMag1_pri,TRB,6
CM030194.1,MiscBirds/Maguari_Stork/bCicMag1_pri,TRG,4
CM030214.1,MiscBirds/Maguari_Stork/bCicMag1_pri,TRD,6
JAGFVO010003978.1,MiscBirds/Maguari_Stork/bCicMag1_alt,TRB,3
JAGFVO010003691.1,MiscBirds/Maguari_Stork/bCicMag1_alt,TRG,4
CM036609.1,MiscBirds/Whiskered_Treeswift/bHemCom1_pri,TRA,24
CM036586.1,MiscBirds/Whiskered_Treeswift/bHemCom1_pri,TRB,3
CM036587.1,MiscBirds/Whiskered_Treeswift/bHemCom1_pri,TRG,4
CM036609.1,MiscBirds/Whiskered_Treeswift/bHemCom1_pri,TRD,4
JAJGQX010001302.1,MiscBirds/Whiskered_Treeswift/bHemCom1_alt,TRG,4
JAJGQX010001843.1,MiscBirds/Whiskered_Treeswift/bHemCom1_alt,TRD,4
CM060017.1,MiscBirds/Dalmatian_Pelican/bPelCri1_pri,TRA,53
CM060000.1,MiscBirds/Dalmatian_Pelican/bPelCri1_pri,TRB,5
CM060017.1,MiscBirds/Dalmatian_Pelican/bPelCri1_pri,TRD,5
JAUANZ010003896.1,MiscBirds/Dalmatian_Pelican/bPelCri1_alt,TRD,9
CM020407.1,MiscBirds/Carmine_BeeEater/bMerNub1_pri,TRA,38
CM020382.1,MiscBirds/Carmine_BeeEater/bMerNub1_pri,TRB,4
CM020385.1,MiscBirds/Carmine_BeeEater/bMerNub1_pri,TRG,5
WNMV01002731.1,MiscBirds/Carmine_BeeEater/bMerNub1_alt,TRA,36
WNMV01001637.1,MiscBirds/Carmine_BeeEater/bMerNub1_alt,TRB,4
WNMV01001823.1,MiscBirds/Carmine_BeeEater/bMerNub1_alt,TRG,6
CM049908.1,MiscBirds/Humboldt_Penguin/bSphHub1_pri,TRA,60
CM049887.1,MiscBirds/Humboldt_Penguin/bSphHub1_pri,TRB,4
CM049888.1,MiscBirds/Humboldt_Penguin/bSphHub1_pri,TRG,4
CM049908.1,MiscBirds/Humboldt_Penguin/bSphHub1_pri,TRD,30
JAPZLK010000125.1,MiscBirds/Humboldt_Penguin/bSphHub1_alt,TRA,57
JAPZLK010002135.1,MiscBirds/Humboldt_Penguin/bSphHub1_alt,TRB,4
JAPZLK010002984.1,MiscBirds/Humboldt_Penguin/bSphHub1_alt,TRG,2
JAPZLK010000125.1,MiscBirds/Humboldt_Penguin/bSphHub1_alt,TRD,18
CM061672.1,MiscBirds/RedThroated_Loon/bGavSte3_pri,TRA,49
CM061645.1,MiscBirds/RedThroated_Loon/bGavSte3_pri,TRB,4
CM061650.1,MiscBirds/RedThroated_Loon/bGavSte3_pri,TRG,4
CM061672.1,MiscBirds/RedThroated_Loon/bGavSte3_pri,TRD,8
CM061716.1,MiscBirds/RedThroated_Loon/bGavSte3_alt,TRA,50
CM061689.1,MiscBirds/RedThroated_Loon/bGavSte3_alt,TRB,4
CM061694.1,MiscBirds/RedThroated_Loon/bGavSte3_alt,TRG,4
CM061716.1,MiscBirds/RedThroated_Loon/bGavSte3_alt,TRD,7
JBDMAX010000034.1,MiscBirds/Mountain_OwletNightjar/bAegAlb1_pri,TRA,39
CM078463.1,MiscBirds/Mountain_OwletNightjar/bAegAlb1_pri,TRB,3
CM078460.1,MiscBirds/Mountain_OwletNightjar/bAegAlb1_pri,TRG,5
JBDMAX010000035.1,MiscBirds/Mountain_OwletNightjar/bAegAlb1_pri,TRD,8
CM078390.1,MiscBirds/Mountain_OwletNightjar/bAegAlb1_alt,TRB,6
CM078387.1,MiscBirds/Mountain_OwletNightjar/bAegAlb1_alt,TRG,5
JBDMAY010000033.1,MiscBirds/Mountain_OwletNightjar/bAegAlb1_alt,TRD,10
CM020170.1,MiscBirds/YellowThroated_Sandgrouse/bPteGut1_pri,TRA,33
CM020141.1,MiscBirds/YellowThroated_Sandgrouse/bPteGut1_pri,TRB,3
CM020144.1,MiscBirds/YellowThroated_Sandgrouse/bPteGut1_pri,TRG,4
CM020170.1,MiscBirds/YellowThroated_Sandgrouse/bPteGut1_pri,TRD,2
WNNF01001749.1,MiscBirds/YellowThroated_Sandgrouse/bPteGut1_alt,TRA,15
WNNF01001558.1,MiscBirds/YellowThroated_Sandgrouse/bPteGut1_alt,TRB,3
WNNF01001123.1,MiscBirds/YellowThroated_Sandgrouse/bPteGut1_alt,TRG,3
JASWHT010000025.1,Owls/Spotted_Owl/bStriOcc1_pri,TRA,50
JASWHT010000002.1,Owls/Spotted_Owl/bStriOcc1_pri,TRB,4
JASWHT010000001.1,Owls/Spotted_Owl/bStriOcc1_pri,TRG,5
JASWHT010000025.1,Owls/Spotted_Owl/bStriOcc1_pri,TRD,7
JASWHU010000025.1,Owls/Spotted_Owl/bStriOcc1_alt,TRA,49
JASWHU010000002.1,Owls/Spotted_Owl/bStriOcc1_alt,TRB,4
JASWHU010000001.1,Owls/Spotted_Owl/bStriOcc1_alt,TRG,5
JASWHU010000025.1,Owls/Spotted_Owl/bStriOcc1_alt,TRD,7
CM062899.1,Owls/Tawny_Owl/bStrAlu1_pri,TRA,69
CM062877.1,Owls/Tawny_Owl/bStrAlu1_pri,TRB,4
CM062876.1,Owls/Tawny_Owl/bStrAlu1_pri,TRG,5
CM062899.1,Owls/Tawny_Owl/bStrAlu1_pri,TRD,9
CM062966.1,Owls/Tawny_Owl/bStrAlu1_alt,TRA,67
CM062944.1,Owls/Tawny_Owl/bStrAlu1_alt,TRB,4
CM062943.1,Owls/Tawny_Owl/bStrAlu1_alt,TRG,5
CM062966.1,Owls/Tawny_Owl/bStrAlu1_alt,TRD,15
OZ222754.1,Owls/Little_Owl/bAthNoc1_pri,TRA,54
OZ222731.1,Owls/Little_Owl/bAthNoc1_pri,TRG,5
OZ222754.1,Owls/Little_Owl/bAthNoc1_pri,TRD,12
CM020323.1,Waterfowl/Tufted_Duck/bAytFul2_pri,TRA,36
CM020300.1,Waterfowl/Tufted_Duck/bAytFul2_pri,TRB,15
CM020301.1,Waterfowl/Tufted_Duck/bAytFul2_pri,TRG,21
CM020323.1,Waterfowl/Tufted_Duck/bAytFul2_pri,TRD,8
WNMN01000246.1,Waterfowl/Tufted_Duck/bAytFul2_alt,TRB,15
WNMN01000089.1,Waterfowl/Tufted_Duck/bAytFul2_alt,TRG,19
WNMN01000534.1,Waterfowl/Tufted_Duck/bAytFul2_alt,TRD,12
OZ124238.1,Waterfowl/Common_Pochard/bAytFer1_pri,TRA,39
OZ124214.1,Waterfowl/Common_Pochard/bAytFer1_pri,TRB,10
OZ124215.1,Waterfowl/Common_Pochard/bAytFer1_pri,TRG,20
OZ124238.1,Waterfowl/Common_Pochard/bAytFer1_pri,TRD,10
OZ223644.1,Waterfowl/Greater_Scaup/bAytMar2_pri,TRA,52
OZ223620.1,Waterfowl/Greater_Scaup/bAytMar2_pri,TRB,20
OZ223621.1,Waterfowl/Greater_Scaup/bAytMar2_pri,TRG,23
OZ223644.1,Waterfowl/Greater_Scaup/bAytMar2_pri,TRD,10
OZ037815.1,Waterfowl/RedCrested_Pochard/bNetRuf1_pri,TRA,58
OZ037790.1,Waterfowl/RedCrested_Pochard/bNetRuf1_pri,TRB,14
OZ037791.1,Waterfowl/RedCrested_Pochard/bNetRuf1_pri,TRG,19
OZ037815.1,Waterfowl/RedCrested_Pochard/bNetRuf1_pri,TRD,10
CAXIVA010000496.1,Waterfowl/RedCrested_Pochard/bNetRuf1_alt,TRA,46
CAXIVA010000115.1,Waterfowl/RedCrested_Pochard/bNetRuf1_alt,TRG,15
CAXIVA010000496.1,Waterfowl/RedCrested_Pochard/bNetRuf1_alt,TRD,14
OZ077001.1,Waterfowl/Mallard/bAnaPla2_pri,TRA,52
OZ076975.1,Waterfowl/Mallard/bAnaPla2_pri,TRB,16
OZ076976.1,Waterfowl/Mallard/bAnaPla2_pri,TRG,22
OZ077001.1,Waterfowl/Mallard/bAnaPla2_pri,TRD,18
NC_092614.1,Waterfowl/Mallard/bPekinDuck_T2T,TRA,47
NC_092587.1,Waterfowl/Mallard/bPekinDuck_T2T,TRB,15
NC_092588.1,Waterfowl/Mallard/bPekinDuck_T2T,TRG,19
NC_092614.1,Waterfowl/Mallard/bPekinDuck_T2T,TRD,17
CM020089.2,Waterfowl/Mute_Swan/bCygOlo1_pri,TRA,30
CM020065.2,Waterfowl/Mute_Swan/bCygOlo1_pri,TRB,10
CM020066.2,Waterfowl/Mute_Swan/bCygOlo1_pri,TRG,17
CM020089.2,Waterfowl/Mute_Swan/bCygOlo1_pri,TRD,10
OZ009988.1,Waterfowl/Northern_Pintail/bAnaAcu1_pri,TRA,46
OZ009962.1,Waterfowl/Northern_Pintail/bAnaAcu1_pri,TRB,12
OZ009963.1,Waterfowl/Northern_Pintail/bAnaAcu1_pri,TRG,17
OZ009988.1,Waterfowl/Northern_Pintail/bAnaAcu1_pri,TRD,15
CAWVPT010000185.1,Waterfowl/Northern_Pintail/bAnaAcu1_alt,TRB,11
CAWVPT010000373.1,Waterfowl/Northern_Pintail/bAnaAcu1_alt,TRG,18
CAWVPT010000441.1,Waterfowl/Northern_Pintail/bAnaAcu1_alt,TRD,15
OZ246735.1,Waterfowl/Canada_Goose/bBraCan1_pri,TRA,43
OZ246712.1,Waterfowl/Canada_Goose/bBraCan1_pri,TRB,7
OZ246713.1,Waterfowl/Canada_Goose/bBraCan1_pri,TRG,12
OZ246735.1,Waterfowl/Canada_Goose/bBraCan1_pri,TRD,13
CBDDMW010000114.1,Waterfowl/Canada_Goose/bBraCan1_alt,TRA,49
CBDDMW010000159.1,Waterfowl/Canada_Goose/bBraCan1_alt,TRB,12
CBDDMW010000071.1,Waterfowl/Canada_Goose/bBraCan1_alt,TRG,16
CBDDMW010000114.1,Waterfowl/Canada_Goose/bBraCan1_alt,TRD,7
CM079398.1,Waterfowl/Swan_Goose/bAnsCyg1_pri,TRA,54
CM079377.1,Waterfowl/Swan_Goose/bAnsCyg1_pri,TRB,13
CM079378.1,Waterfowl/Swan_Goose/bAnsCyg1_pri,TRG,24
CM079398.1,Waterfowl/Swan_Goose/bAnsCyg1_pri,TRD,11
OZ035909.1,Waterfowl/PinkFooted_Goose/bAnsBra1_pri,TRA,40
OZ035886.1,Waterfowl/PinkFooted_Goose/bAnsBra1_pri,TRB,8
OZ035887.1,Waterfowl/PinkFooted_Goose/bAnsBra1_pri,TRG,12
OZ035909.1,Waterfowl/PinkFooted_Goose/bAnsBra1_pri,TRD,13
CAXIUF010001142.1,Waterfowl/PinkFooted_Goose/bAnsBra1_alt,TRA,26
CAXIUF010000042.1,Waterfowl/PinkFooted_Goose/bAnsBra1_alt,TRB,9
CAXIUF010002957.1,Waterfowl/PinkFooted_Goose/bAnsBra1_alt,TRG,8
CAXIUF010001142.1,Waterfowl/PinkFooted_Goose/bAnsBra1_alt,TRD,12
OZ124280.1,Waterfowl/Domestic_Goose/bAnsAns1_pri,TRA,49
OZ124256.1,Waterfowl/Domestic_Goose/bAnsAns1_pri,TRB,7
OZ124257.1,Waterfowl/Domestic_Goose/bAnsAns1_pri,TRG,22
OZ124280.1,Waterfowl/Domestic_Goose/bAnsAns1_pri,TRD,8
OZ060860.1,Waterfowl/Common_Goldeneye/bBucCla1_pri,TRA,45
OZ060833.1,Waterfowl/Common_Goldeneye/bBucCla1_pri,TRB,12
OZ060839.1,Waterfowl/Common_Goldeneye/bBucCla1_pri,TRG,40
OZ060860.1,Waterfowl/Common_Goldeneye/bBucCla1_pri,TRD,8
CAXKXT010000124.1,Waterfowl/Common_Goldeneye/bBucCla1_alt,TRA,39
CAXKXT010000069.1,Waterfowl/Common_Goldeneye/bBucCla1_alt,TRB,11
CAXKXT010000124.1,Waterfowl/Common_Goldeneye/bBucCla1_alt,TRD,10
OZ022448.1,Waterfowl/LongTailed_Duck/bClaHye2_pri,TRA,49
OZ022426.1,Waterfowl/LongTailed_Duck/bClaHye2_pri,TRB,13
OZ022427.1,Waterfowl/LongTailed_Duck/bClaHye2_pri,TRG,16
OZ022448.1,Waterfowl/LongTailed_Duck/bClaHye2_pri,TRD,10
CAXDIQ010001152.1,Waterfowl/LongTailed_Duck/bClaHye2_alt,TRA,3
CAXDIQ010000460.1,Waterfowl/LongTailed_Duck/bClaHye2_alt,TRB,13
CAXDIQ010000119.1,Waterfowl/LongTailed_Duck/bClaHye2_alt,TRG,16
OZ223820.1,Waterfowl/Tundra_Swan/bCygCol1_pri,TRA,32
OZ223794.1,Waterfowl/Tundra_Swan/bCygCol1_pri,TRB,11
OZ223795.1,Waterfowl/Tundra_Swan/bCygCol1_pri,TRG,7
OZ223820.1,Waterfowl/Tundra_Swan/bCygCol1_pri,TRD,8
CBCUAL010000025.1,Waterfowl/Tundra_Swan/bCygCol1_alt,TRA,32
CBCUAL010000001.1,Waterfowl/Tundra_Swan/bCygCol1_alt,TRB,11
CBCUAL010000002.1,Waterfowl/Tundra_Swan/bCygCol1_alt,TRG,7
CBCUAL010000025.1,Waterfowl/Tundra_Swan/bCygCol1_alt,TRD,8
CM072124.1,Waterfowl/Brazilian_Merganser/bMerOct1_alt,TRA,26
CM072100.1,Waterfowl/Brazilian_Merganser/bMerOct1_alt,TRB,12
CM072101.1,Waterfowl/Brazilian_Merganser/bMerOct1_alt,TRG,14
CM072124.1,Waterfowl/Brazilian_Merganser/bMerOct1_alt,TRD,5
CM072307.1,Waterfowl/Brazilian_Merganser/bMerOct1_pri,TRA,28
CM072283.1,Waterfowl/Brazilian_Merganser/bMerOct1_pri,TRB,8
CM072284.1,Waterfowl/Brazilian_Merganser/bMerOct1_pri,TRG,8
CM072307.1,Waterfowl/Brazilian_Merganser/bMerOct1_pri,TRD,5
JANXIN010000008.1,Woodpeckers/Acorn_Woodpecker/bMelFor1_pri,TRB,8
JANXIN010000035.1,Woodpeckers/Acorn_Woodpecker/bMelFor1_pri,TRG,2
JANXIO010000021.1,Woodpeckers/Acorn_Woodpecker/bMelFor1_alt,TRB,6
JANXIO010000019.1,Woodpeckers/Acorn_Woodpecker/bMelFor1_alt,TRG,2
JANXIO010000125.1,Woodpeckers/Acorn_Woodpecker/bMelFor1_alt,TRD,2
CM026008.1,Woodpeckers/Downy_Woodpecker/bDryPub1_pri,TRB,4
CM025997.1,Woodpeckers/Downy_Woodpecker/bDryPub1_pri,TRG,2
CM026035.1,Woodpeckers/Downy_Woodpecker/bDryPub1_pri,TRD,1
JACNMW010000081.1,Woodpeckers/Downy_Woodpecker/bDryPub1_alt,TRB,4
JACNMW010000067.1,Woodpeckers/Downy_Woodpecker/bDryPub1_alt,TRG,2
JACNMW010000623.1,Woodpeckers/Downy_Woodpecker/bDryPub1_alt,TRD,1
CM026815.1,Woodpeckers/RedFronted_Tinkerbird/bPogPus1_pri,TRA,12
CM026790.1,Woodpeckers/RedFronted_Tinkerbird/bPogPus1_pri,TRB,7
CM026807.1,Woodpeckers/RedFronted_Tinkerbird/bPogPus1_pri,TRG,2
CM026815.1,Woodpeckers/RedFronted_Tinkerbird/bPogPus1_pri,TRD,1
JADCQL010001123.1,Woodpeckers/RedFronted_Tinkerbird/bPogPus1_alt,TRB,7
JADCQL010000938.1,Woodpeckers/RedFronted_Tinkerbird/bPogPus1_alt,TRG,1
JADCQL010001562.1,Woodpeckers/RedFronted_Tinkerbird/bPogPus1_alt,TRD,1
CM070349.1,Doves/Rock_Dove/bColLiv1_pri,TRB,5
CABFKC020000064.1,Doves/European_Turtle_Dove/bStrTur1_pri,TRB,5
JAMOAS010000961.1,Falcons/Peregrine_Falcon/bFalPer1_alt,TRB,3
JAMOAU010001379.1,Falcons/Lanner_Falcon/bFalBia1_alt,TRB,3
JAMOAM010000725.1,Falcons/Saker_Falcon/bFalChe1_alt,TRB,3
JAGFVT010000026.1,Falcons/Lesser_Kestrel/bFalNau1_pri,TRD,5
CM030148.1,Falcons/Lesser_Kestrel/bFalNau1_alt,TRA,9
CM030162.1,Falcons/Lesser_Kestrel/bFalNau1_alt,TRD,4
OY723452.1,Falcons/Mauritius_Kestrel/bFalPun1_pri,TRD,3
CATOBQ010004220.1,Landfowl/Western_Capercaillie/bTetUro1_alt,TRD,3
CM020558.1,Suboscines/LancedTailed_Manakin/bChiLan1_pri,TRA,3
WNMD01001044.1,Suboscines/LancedTailed_Manakin/bChiLan1_alt,TRB,8
JAKDEX010003007.1,Songbirds/Bells_Sparrow/bArtBel1_alt,TRD,4
JACEWF010000261.1,Songbirds/Garden_Warbler/bSylBor1_alt,TRD,3
CADCXG010000287.1,Songbirds/Small_tree_finch/GCA_902806625_1,TRA,8
CATIVF010000416.1,Cormorants/European_Shag/bGulAri2_alt,TRD,5
CM054268.1,Cranes/Whooping_Crane/bGruAme1_alt,TRB,8
CM050677.1,MiscBirds/Kagu/bRhyJub1_pri,TRD,4
CM072388.1,MiscBirds/Emu/bDroNov1_pri,TRB,9
CM067803.1,MiscBirds/CuckooRoller/bLepDis1_pri,TRD,4
JAGFVO010004153.1,MiscBirds/Maguari_Stork/bCicMag1_alt,TRD,5
JAJGQX010000426.1,MiscBirds/Whiskered_Treeswift/bHemCom1_alt,TRB,3
JAUANZ010003519.1,MiscBirds/Dalmatian_Pelican/bPelCri1_alt,TRB,3
OZ222730.1,Owls/Little_Owl/bAthNoc1_pri,TRB,4
WNMJ02004663.1,Waterfowl/Mute_Swan/bCygOlo1_alt,TRB,3
CM026035.1,Woodpeckers/Downy_Woodpecker/bDryPub1_pri,TRA,9
JADCQL010001562.1,Woodpeckers/RedFronted_Tinkerbird/bPogPus1_alt,TRA,4
CABFKC020000094.1,Doves/European_Turtle_Dove/bStrTur1_pri,TRD,4
LR594576.2,Doves/European_Turtle_Dove/bStrTur1_pri,TRD,12
CABFKB020001666.1,Doves/European_Turtle_Dove/bStrTur1_alt,TRG,11
CABFKB020001668.1,Doves/European_Turtle_Dove/bStrTur1_alt,TRG,8
LR606188.1,Eagles/European_Golden_Eagle/bAquChr1_pri,TRA,6
UFQG04000078.1,Eagles/European_Golden_Eagle/bAquChr1_pri,TRA,8
CABFWM020003761.1,Eagles/European_Golden_Eagle/bAquChr1_alt,TRA,3
CABFWM020003762.1,Eagles/European_Golden_Eagle/bAquChr1_alt,TRA,3
CABFWM020003766.1,Eagles/European_Golden_Eagle/bAquChr1_alt,TRA,4
CABFWM020002116.1,Eagles/European_Golden_Eagle/bAquChr1_alt,TRD,8
CABFWM020003772.1,Eagles/European_Golden_Eagle/bAquChr1_alt,TRD,5
CABFWM020003852.1,Eagles/European_Golden_Eagle/bAquChr1_alt,TRD,6
JAPMHX010000763.1,Eagles/Harpy_Eagle/bHarHar1_alt,TRA,23
JAPMHX010003125.1,Eagles/Harpy_Eagle/bHarHar1_alt,TRA,15
JAPMHX010000928.1,Eagles/Harpy_Eagle/bHarHar1_alt,TRD,5
JAPMHX010003125.1,Eagles/Harpy_Eagle/bHarHar1_alt,TRD,4
JADCQP010008344.1,Falcons/Gyrfalcon/bFalRus1_alt,TRA,10
JADCQP010008350.1,Falcons/Gyrfalcon/bFalRus1_alt,TRA,14
JADCQP010008359.1,Falcons/Gyrfalcon/bFalRus1_alt,TRA,8
JAJGSS010000654.1,Ibises/Plumbeous_Ibis/bTheCae1_alt,TRA,4
JAJGSS010000674.1,Ibises/Plumbeous_Ibis/bTheCae1_alt,TRA,13
JAJGSS010000715.1,Ibises/Plumbeous_Ibis/bTheCae1_alt,TRA,6
JAJGSS010000607.1,Ibises/Plumbeous_Ibis/bTheCae1_alt,TRD,14
JAJGSS010000732.1,Ibises/Plumbeous_Ibis/bTheCae1_alt,TRD,4
CM041482.1,Landfowl/Rock_Ptarmigan/bLagMut1_pri,TRG,17
CM041503.1,Landfowl/Rock_Ptarmigan/bLagMut1_pri,TRG,4
CATOBQ010000313.1,Landfowl/Western_Capercaillie/bTetUro1_alt,TRA,12
CATOBQ010002382.1,Landfowl/Western_Capercaillie/bTetUro1_alt,TRA,19
JALIRH010000006.1,Landfowl/California_Quail/bCalCai1_pri,TRG,29
JALIRH010000030.1,Landfowl/California_Quail/bCalCai1_pri,TRG,9
JALIRH010000047.1,Landfowl/California_Quail/bCalCai1_pri,TRG,6
JALIRH010000048.1,Landfowl/California_Quail/bCalCai1_pri,TRG,6
JALIRI010000033.1,Landfowl/California_Quail/bCalCai1_alt,TRG,28
JALIRI010000051.1,Landfowl/California_Quail/bCalCai1_alt,TRG,6
JALIRI010000083.1,Landfowl/California_Quail/bCalCai1_alt,TRG,6
CM018077.1,Plovers/Razorbill/bAlcTor1_pri,TRG,3
VMED01000019.1,Plovers/Razorbill/bAlcTor1_pri,TRG,3
VMEC01000548.1,Plovers/Razorbill/bAlcTor1_alt,TRA,4
VMEC01001223.1,Plovers/Razorbill/bAlcTor1_alt,TRA,8
VMEC01001999.1,Plovers/Razorbill/bAlcTor1_alt,TRA,9
VMEC01002143.1,Plovers/Razorbill/bAlcTor1_alt,TRA,4
VMEC01002663.1,Plovers/Razorbill/bAlcTor1_alt,TRA,6
VMEC01002905.1,Plovers/Razorbill/bAlcTor1_alt,TRA,11
VMEC01000082.1,Plovers/Razorbill/bAlcTor1_alt,TRG,29
VMEC01000765.1,Plovers/Razorbill/bAlcTor1_alt,TRG,25
WNMX01001706.1,Plovers/Common_Tern/bSteHir1_alt,TRA,39
WNMX01001709.1,Plovers/Common_Tern/bSteHir1_alt,TRA,10
WNMX01001710.1,Plovers/Common_Tern/bSteHir1_alt,TRA,13
WNMX01001914.1,Plovers/Common_Tern/bSteHir1_alt,TRA,20
WNMX01000485.1,Plovers/Common_Tern/bSteHir1_alt,TRB,12
WNMX01000494.1,Plovers/Common_Tern/bSteHir1_alt,TRB,28
WNMX01001613.1,Plovers/Common_Tern/bSteHir1_alt,TRG,29
WNMX01001615.1,Plovers/Common_Tern/bSteHir1_alt,TRG,6
WNMX01002193.1,Plovers/Common_Tern/bSteHir1_alt,TRG,7
CAWUPG010000174.1,Plovers/BlackHeaded_Gull/bChrRid1_alt,TRD,17
CAWUPG010000637.1,Plovers/BlackHeaded_Gull/bChrRid1_alt,TRD,8
CAWVQZ010000196.1,Plovers/Lesser_BlackBacked_Gull/bLarFus1_alt,TRA,62
CAWVQZ010001369.1,Plovers/Lesser_BlackBacked_Gull/bLarFus1_alt,TRA,22
CAWVQZ010001438.1,Plovers/Lesser_BlackBacked_Gull/bLarFus1_alt,TRD,4
CAWVQZ010007018.1,Plovers/Lesser_BlackBacked_Gull/bLarFus1_alt,TRD,4
CAXMZI010001478.1,Plovers/YellowLegged_Gull/bLarMic1_alt,TRA,29
CAXMZI010001621.1,Plovers/YellowLegged_Gull/bLarMic1_alt,TRA,20
CAXMZI010001792.1,Plovers/YellowLegged_Gull/bLarMic1_alt,TRA,7
CAXMZI010002174.1,Plovers/YellowLegged_Gull/bLarMic1_alt,TRA,15
CAXMZI010002208.1,Plovers/YellowLegged_Gull/bLarMic1_alt,TRA,20
CAXMZI010000619.1,Plovers/YellowLegged_Gull/bLarMic1_alt,TRG,39
CAXMZI010001145.1,Plovers/YellowLegged_Gull/bLarMic1_alt,TRG,37
CAXMZI010003213.1,Plovers/YellowLegged_Gull/bLarMic1_alt,TRG,11
WNMD01002426.1,Suboscines/LancedTailed_Manakin/bChiLan1_alt,TRG,3
WNMD01002446.1,Suboscines/LancedTailed_Manakin/bChiLan1_alt,TRG,3
RRCE01001536.1,Hummingbirds/Annas_Hummingbird/bCalAnn1_alt,TRB,6
RRCE01001545.1,Hummingbirds/Annas_Hummingbird/bCalAnn1_alt,TRB,3
CM069798.1,Hummingbirds/Tourmaline_Sunangel/bHelExo1_pri,TRA,9
CM069800.1,Hummingbirds/Tourmaline_Sunangel/bHelExo1_pri,TRA,5
CM069832.1,Hummingbirds/Tourmaline_Sunangel/bHelExo1_alt,TRA,5
JAVJNL010000051.1,Hummingbirds/Tourmaline_Sunangel/bHelExo1_alt,TRA,6
JAKDEX010003007.1,Songbirds/Bells_Sparrow/bArtBel1_alt,TRA,34
JAKDEX010016358.1,Songbirds/Bells_Sparrow/bArtBel1_alt,TRA,7
JAKDEX010034570.1,Songbirds/Bells_Sparrow/bArtBel1_alt,TRA,7
JAKDEX010001888.1,Songbirds/Bells_Sparrow/bArtBel1_alt,TRB,15
JAKDEX010016457.1,Songbirds/Bells_Sparrow/bArtBel1_alt,TRB,4
WSPK01003368.1,Songbirds/Common_Yellowthroat/bGeoTri1_alt,TRA,4
WSPK01004617.1,Songbirds/Common_Yellowthroat/bGeoTri1_alt,TRA,14
WNMZ01002127.1,Songbirds/European_Blackcap/bSylAtr1_alt,TRA,12
WNMZ01002133.1,Songbirds/European_Blackcap/bSylAtr1_alt,TRA,21
WNMZ01002134.1,Songbirds/European_Blackcap/bSylAtr1_alt,TRA,28
WNMZ01002136.1,Songbirds/European_Blackcap/bSylAtr1_alt,TRA,19
JACEWF010000261.1,Songbirds/Garden_Warbler/bSylBor1_alt,TRA,27
JACEWF010000262.1,Songbirds/Garden_Warbler/bSylBor1_alt,TRA,34
CM071466.1,Songbirds/House_Sparrow/bPasDom1_alt,TRB,9
JAKOOM010004608.1,Songbirds/Savannah_Sparrow2/bPasSan1_alt,TRB,3
JAKOOM010005019.1,Songbirds/Savannah_Sparrow2/bPasSan1_alt,TRB,12
JAKOOM010025569.1,Songbirds/Savannah_Sparrow2/bPasSan1_alt,TRB,4
CM069667.1,Songbirds/Seaside_Sparrow/bAmmMai1_pri,TRB,17
JAYKTQ010000203.1,Songbirds/Seaside_Sparrow/bAmmMai1_pri,TRB,20
JALCYM010003499.1,Songbirds/Song_Sparrow2/bMelMel1_alt,TRA,8
JALCYM010009403.1,Songbirds/Song_Sparrow2/bMelMel1_alt,TRA,12
JALCYM010009684.1,Songbirds/Song_Sparrow2/bMelMel1_alt,TRA,8
JALCYM010023409.1,Songbirds/Song_Sparrow2/bMelMel1_alt,TRA,6
JALCYM010027600.1,Songbirds/Song_Sparrow2/bMelMel1_alt,TRA,3
WNMR02003004.1,Songbirds/Swainsons_Thrush/bCatUst1_alt,TRD,6
WNMR02003037.1,Songbirds/Swainsons_Thrush/bCatUst1_alt,TRD,4
WNMR02003199.1,Songbirds/Swainsons_Thrush/bCatUst1_alt,TRD,4
JACSVZ010000027.1,Songbirds/Paradise_Crow/bLycPry6_pri,TRA,33
JACSVZ010000064.1,Songbirds/Paradise_Crow/bLycPry6_pri,TRA,23
JACSVZ010000001.1,Songbirds/Paradise_Crow/bLycPry6_pri,TRB,22
JACSVZ010000176.1,Songbirds/Paradise_Crow/bLycPry6_pri,TRB,7
JAAIYD010000759.1,Cranes/Grey_CrownedCrane/bBalReg1_alt,TRA,9
JAAIYD010000832.1,Cranes/Grey_CrownedCrane/bBalReg1_alt,TRA,14
JAAIYD010000924.1,Cranes/Grey_CrownedCrane/bBalReg1_alt,TRA,3
CM054289.1,Cranes/Whooping_Crane/bGruAme1_alt,TRA,7
JARBUR010000042.1,Cranes/Whooping_Crane/bGruAme1_alt,TRA,6
JARBUR010000043.1,Cranes/Whooping_Crane/bGruAme1_alt,TRA,7
JARBUR010000044.1,Cranes/Whooping_Crane/bGruAme1_alt,TRA,7
JARBUR010000133.1,Cranes/Whooping_Crane/bGruAme1_alt,TRA,7
JARBUR010000145.1,Cranes/Whooping_Crane/bGruAme1_alt,TRA,6
JARBUR010000178.1,Cranes/Whooping_Crane/bGruAme1_alt,TRA,4
JARBUR010000201.1,Cranes/Whooping_Crane/bGruAme1_alt,TRA,4
JARBUR010000285.1,Cranes/Whooping_Crane/bGruAme1_alt,TRA,6
JAJHSZ010000027.1,Cranes/Takahe/bPorHoc1_alt,TRA,33
JAJHSZ010000101.1,Cranes/Takahe/bPorHoc1_alt,TRA,13
JAGIYU010000420.1,MiscBirds/Common_Cuckoo/bCucCan1_alt,TRA,7
JAGIYU010000820.1,MiscBirds/Common_Cuckoo/bCucCan1_alt,TRA,22
CM054236.1,MiscBirds/Speckled_Mousebird/bColStr4_pri,TRA,12
CM054375.1,MiscBirds/Speckled_Mousebird/bColStr4_pri,TRA,9
JARBXP010000123.1,MiscBirds/Speckled_Mousebird/bColStr4_pri,TRA,2
CM054370.1,MiscBirds/Speckled_Mousebird/bColStr4_pri,TRD,5
JARBXP010000064.1,MiscBirds/Speckled_Mousebird/bColStr4_pri,TRD,7
JARBXP010000071.1,MiscBirds/Speckled_Mousebird/bColStr4_pri,TRD,10
JARBXP010000124.1,MiscBirds/Speckled_Mousebird/bColStr4_pri,TRD,22
JARBXQ010000072.1,MiscBirds/Speckled_Mousebird/bColStr4_alt,TRA,2
JARBXQ010000222.1,MiscBirds/Speckled_Mousebird/bColStr4_alt,TRA,2
CM054230.1,MiscBirds/Speckled_Mousebird/bColStr4_alt,TRD,22
JARBXQ010000072.1,MiscBirds/Speckled_Mousebird/bColStr4_alt,TRD,23
JAJGQZ010001328.1,MiscBirds/Common_Swift/bApuApu2_alt,TRA,3
JAJGQZ010001511.1,MiscBirds/Common_Swift/bApuApu2_alt,TRA,6
JAJGQZ010001579.1,MiscBirds/Common_Swift/bApuApu2_alt,TRA,7
JAJGQZ010001586.1,MiscBirds/Common_Swift/bApuApu2_alt,TRA,5
JAJGSU010000793.1,MiscBirds/Surucua_Trogon/bTroSur1_alt,TRA,12
JAJGSU010000800.1,MiscBirds/Surucua_Trogon/bTroSur1_alt,TRA,9
WNMH01000031.1,MiscBirds/Abyssinian_Ground_Hornbill/bBucAby1_alt,TRA,9
WNMH01000035.1,MiscBirds/Abyssinian_Ground_Hornbill/bBucAby1_alt,TRA,9
WNMH01000048.1,MiscBirds/Abyssinian_Ground_Hornbill/bBucAby1_alt,TRA,5
WNMH01000055.1,MiscBirds/Abyssinian_Ground_Hornbill/bBucAby1_alt,TRA,8
WNMH01000075.1,MiscBirds/Abyssinian_Ground_Hornbill/bBucAby1_alt,TRA,6
WNMH01000083.1,MiscBirds/Abyssinian_Ground_Hornbill/bBucAby1_alt,TRA,5
WNMH01003464.1,MiscBirds/Abyssinian_Ground_Hornbill/bBucAby1_alt,TRA,7
WNMH01003467.1,MiscBirds/Abyssinian_Ground_Hornbill/bBucAby1_alt,TRA,3
WNMH01000025.1,MiscBirds/Abyssinian_Ground_Hornbill/bBucAby1_alt,TRD,6
WNMH01003464.1,MiscBirds/Abyssinian_Ground_Hornbill/bBucAby1_alt,TRD,3
WNMH01003467.1,MiscBirds/Abyssinian_Ground_Hornbill/bBucAby1_alt,TRD,7
WNMH01003490.1,MiscBirds/Abyssinian_Ground_Hornbill/bBucAby1_alt,TRD,4
JABXNW010001069.1,MiscBirds/Great_Potoo/bNycGra1_alt,TRA,4
JABXNW010001172.1,MiscBirds/Great_Potoo/bNycGra1_alt,TRA,5
JABXNW010001210.1,MiscBirds/Great_Potoo/bNycGra1_alt,TRA,5
WOXX01002293.1,MiscBirds/RedCrested_Turaco/bTauEry1_alt,TRB,10
WOXX01002294.1,MiscBirds/RedCrested_Turaco/bTauEry1_alt,TRB,11
WOXX01002298.1,MiscBirds/RedCrested_Turaco/bTauEry1_alt,TRB,10
WNML01003181.1,MiscBirds/American_Flamingo/bPhoRub2_alt,TRA,14
WNML01003219.1,MiscBirds/American_Flamingo/bPhoRub2_alt,TRA,12
WNML01003312.1,MiscBirds/American_Flamingo/bPhoRub2_alt,TRA,6
WNML01003339.1,MiscBirds/American_Flamingo/bPhoRub2_alt,TRA,19
WNML01003341.1,MiscBirds/American_Flamingo/bPhoRub2_alt,TRA,10
WNML01003347.1,MiscBirds/American_Flamingo/bPhoRub2_alt,TRA,27
WNML01003367.1,MiscBirds/American_Flamingo/bPhoRub2_alt,TRA,15
WNML01003454.1,MiscBirds/American_Flamingo/bPhoRub2_alt,TRA,6
WNML01002742.1,MiscBirds/American_Flamingo/bPhoRub2_alt,TRG,8
WNML01003358.1,MiscBirds/American_Flamingo/bPhoRub2_alt,TRG,33
WNML01003196.1,MiscBirds/American_Flamingo/bPhoRub2_alt,TRD,8
WNML01003341.1,MiscBirds/American_Flamingo/bPhoRub2_alt,TRD,19
WNML01003370.1,MiscBirds/American_Flamingo/bPhoRub2_alt,TRD,5
CM020291.1,MiscBirds/RedLegged_Seriema/bCarCri1_pri,TRA,5
WNMO01000082.1,MiscBirds/RedLegged_Seriema/bCarCri1_pri,TRA,4
WNMP01000006.1,MiscBirds/RedLegged_Seriema/bCarCri1_alt,TRA,13
WNMP01000009.1,MiscBirds/RedLegged_Seriema/bCarCri1_alt,TRA,16
WNMP01002670.1,MiscBirds/RedLegged_Seriema/bCarCri1_alt,TRA,4
WNMP01002736.1,MiscBirds/RedLegged_Seriema/bCarCri1_alt,TRA,4
WNMP01002756.1,MiscBirds/RedLegged_Seriema/bCarCri1_alt,TRA,8
WNMP01002434.1,MiscBirds/RedLegged_Seriema/bCarCri1_alt,TRB,4
WNMP01002436.1,MiscBirds/RedLegged_Seriema/bCarCri1_alt,TRB,7
JAGFVO010004164.1,MiscBirds/Maguari_Stork/bCicMag1_alt,TRA,4
JAGFVO010004229.1,MiscBirds/Maguari_Stork/bCicMag1_alt,TRA,5
JAJGQX010001804.1,MiscBirds/Whiskered_Treeswift/bHemCom1_alt,TRA,18
JAJGQX010001805.1,MiscBirds/Whiskered_Treeswift/bHemCom1_alt,TRA,9
JAJGQX010001806.1,MiscBirds/Whiskered_Treeswift/bHemCom1_alt,TRA,6
JAJGQX010001807.1,MiscBirds/Whiskered_Treeswift/bHemCom1_alt,TRA,7
JAJGQX010001843.1,MiscBirds/Whiskered_Treeswift/bHemCom1_alt,TRA,6
CM060001.1,MiscBirds/Dalmatian_Pelican/bPelCri1_pri,TRG,9
JAUANY010000163.1,MiscBirds/Dalmatian_Pelican/bPelCri1_pri,TRG,11
JAUANZ010001396.1,MiscBirds/Dalmatian_Pelican/bPelCri1_alt,TRA,4
JAUANZ010003896.1,MiscBirds/Dalmatian_Pelican/bPelCri1_alt,TRA,17
JAUANZ010004243.1,MiscBirds/Dalmatian_Pelican/bPelCri1_alt,TRA,11
JAUANZ010006280.1,MiscBirds/Dalmatian_Pelican/bPelCri1_alt,TRA,14
JAUANZ010002238.1,MiscBirds/Dalmatian_Pelican/bPelCri1_alt,TRG,6
JAUANZ010006200.1,MiscBirds/Dalmatian_Pelican/bPelCri1_alt,TRG,6
JAUANZ010007131.1,MiscBirds/Dalmatian_Pelican/bPelCri1_alt,TRG,6
CM020412.1,MiscBirds/Carmine_BeeEater/bMerNub1_pri,TRD,3
WNMU01000079.1,MiscBirds/Carmine_BeeEater/bMerNub1_pri,TRD,3
WNMV01002866.1,MiscBirds/Carmine_BeeEater/bMerNub1_alt,TRD,3
WNMV01002867.1,MiscBirds/Carmine_BeeEater/bMerNub1_alt,TRD,5
WNMV01002936.1,MiscBirds/Carmine_BeeEater/bMerNub1_alt,TRD,3
WNMV01003018.1,MiscBirds/Carmine_BeeEater/bMerNub1_alt,TRD,3
WNMV01003118.1,MiscBirds/Carmine_BeeEater/bMerNub1_alt,TRD,3
WNMV01003122.1,MiscBirds/Carmine_BeeEater/bMerNub1_alt,TRD,3
JBDMAY010000033.1,MiscBirds/Mountain_OwletNightjar/bAegAlb1_alt,TRA,10
JBDMAY010000034.1,MiscBirds/Mountain_OwletNightjar/bAegAlb1_alt,TRA,6
WNMN01000534.1,Waterfowl/Tufted_Duck/bAytFul2_alt,TRA,12
WNMN01000661.1,Waterfowl/Tufted_Duck/bAytFul2_alt,TRA,18
WNMJ02004870.1,Waterfowl/Mute_Swan/bCygOlo1_alt,TRA,16
WNMJ02005013.1,Waterfowl/Mute_Swan/bCygOlo1_alt,TRA,8
WNMJ02003232.1,Waterfowl/Mute_Swan/bCygOlo1_alt,TRG,16
WNMJ02003246.1,Waterfowl/Mute_Swan/bCygOlo1_alt,TRG,20
WNMJ02004869.1,Waterfowl/Mute_Swan/bCygOlo1_alt,TRD,6
WNMJ02004870.1,Waterfowl/Mute_Swan/bCygOlo1_alt,TRD,9
WNMJ02004871.1,Waterfowl/Mute_Swan/bCygOlo1_alt,TRD,6
CAWVPT010000441.1,Waterfowl/Northern_Pintail/bAnaAcu1_alt,TRA,21
CAWVPT010001339.1,Waterfowl/Northern_Pintail/bAnaAcu1_alt,TRA,7
JANXIN010000119.1,Woodpeckers/Acorn_Woodpecker/bMelFor1_pri,TRA,5
JANXIN010000127.1,Woodpeckers/Acorn_Woodpecker/bMelFor1_pri,TRA,5
JANXIN010000182.1,Woodpeckers/Acorn_Woodpecker/bMelFor1_pri,TRA,21
JANXIN010000277.1,Woodpeckers/Acorn_Woodpecker/bMelFor1_pri,TRA,17
JANXIO010000125.1,Woodpeckers/Acorn_Woodpecker/bMelFor1_alt,TRA,5
JANXIO010000179.1,Woodpeckers/Acorn_Woodpecker/bMelFor1_alt,TRA,25
JACNMW010000623.1,Woodpeckers/Downy_Woodpecker/bDryPub1_alt,TRA,10
JACNMW010001007.1,Woodpeckers/Downy_Woodpecker/bDryPub1_alt,TRA,10
