group,Locus,id,n_v,span_bp,density_per_mb
Bird,IGH,European_Shag/bGulAri2_alt,15,10867,1380.3257568786235
Bird,IGL,European_Shag/bGulAri2_alt,12,12271,977.9154103170075
Bird,TRA,European_Shag/bGulAri2_alt,25,324154,77.12383620131172
Bird,TRB,European_Shag/bGulAri2_alt,3,57327,52.33136218535768
Bird,TRG,European_Shag/bGulAri2_alt,12,30743,390.33275867677196
Bird,IGH,European_Shag/bGulAri2_pri,49,26975,1816.4967562557924
Bird,IGL,European_Shag/bGulAri2_pri,18,25073,717.9037211342878
Bird,TRA,European_Shag/bGulAri2_pri,83,793102,104.65236501736221
Bird,TRB,European_Shag/bGulAri2_pri,3,57327,52.33136218535768
Bird,TRG,European_Shag/bGulAri2_pri,19,65974,287.99223936702333
Bird,IGH,Great_Cormorant/bPhaCar2_alt,103,53083,1940.3575532656407
Bird,IGL,Great_Cormorant/bPhaCar2_alt,30,42563,704.8375349481945
Bird,TRA,Great_Cormorant/bPhaCar2_alt,78,905497,86.14053939438783
Bird,TRB,Great_Cormorant/bPhaCar2_alt,3,57480,52.192066805845506
Bird,TRG,Great_Cormorant/bPhaCar2_alt,21,106573,197.04803280380585
Bird,IGH,Great_Cormorant/bPhaCar2_pri,140,78259,1788.931624477696
Bird,IGL,Great_Cormorant/bPhaCar2_pri,18,31106,578.6664952099273
Bird,TRA,Great_Cormorant/bPhaCar2_pri,20,405557,49.31489285106656
Bird,TRB,Great_Cormorant/bPhaCar2_pri,3,57511,52.16393385613187
Bird,TRG,Great_Cormorant/bPhaCar2_pri,27,140688,191.91402251791197
Bird,IGH,Black_Rail/bLatJam1_alt,347,1056408,328.4715753761804
Bird,IGL,Black_Rail/bLatJam1_alt,34,65778,516.8901456413998
Bird,TRA,Black_Rail/bLatJam1_alt,40,344718,116.03687651935785
Bird,TRB,Black_Rail/bLatJam1_alt,14,94709,147.82122079211058
Bird,TRG,Black_Rail/bLatJam1_alt,15,56802,264.0752086194148
Bird,IGH,Black_Rail/bLatJam1_pri,329,472160,696.797695696374
Bird,IGL,Black_Rail/bLatJam1_pri,35,67012,522.2945144153285
Bird,TRA,Black_Rail/bLatJam1_pri,30,259065,115.80105378958949
Bird,TRB,Black_Rail/bLatJam1_pri,13,87897,147.9003834033016
Bird,TRG,Black_Rail/bLatJam1_pri,15,56684,264.6249382541811
Bird,IGH,Common_Moorhen/bGalChl1_pri,784,2493699,314.392394591328
Bird,IGL,Common_Moorhen/bGalChl1_pri,30,59969,500.25846687455186
Bird,TRA,Common_Moorhen/bGalChl1_pri,22,121849,180.55133813162192
Bird,TRB,Common_Moorhen/bGalChl1_pri,22,119876,183.52297373953084
Bird,TRG,Common_Moorhen/bGalChl1_pri,11,30936,355.5727954486682
Bird,IGH,Eurasian_Crane/bGruGru1_pri,169,73333,2304.555929799681
Bird,IGL,Eurasian_Crane/bGruGru1_pri,24,22874,1049.2261956806856
Bird,TRA,Eurasian_Crane/bGruGru1_pri,50,1308177,38.22112756912865
Bird,TRB,Eurasian_Crane/bGruGru1_pri,8,178980,44.6977315901218
Bird,TRG,Eurasian_Crane/bGruGru1_pri,37,115151,321.317226945489
Bird,IGL,Grey_CrownedCrane/bBalReg1_alt,30,33244,902.4184815305017
Bird,TRA,Grey_CrownedCrane/bBalReg1_alt,14,129759,107.89232346118573
Bird,TRB,Grey_CrownedCrane/bBalReg1_alt,8,179381,44.597811362407384
Bird,TRG,Grey_CrownedCrane/bBalReg1_alt,30,102982,291.313044998155
Bird,IGH,Grey_CrownedCrane/bBalReg1_pri,44,21065,2088.7728459530026
Bird,IGL,Grey_CrownedCrane/bBalReg1_pri,29,30933,937.5101024795526
Bird,TRA,Grey_CrownedCrane/bBalReg1_pri,23,204727,112.34473225319573
Bird,TRB,Grey_CrownedCrane/bBalReg1_pri,4,67773,59.020553907898424
Bird,TRG,Grey_CrownedCrane/bBalReg1_pri,39,121851,320.063027796243
Bird,IGH,Takahe/bPorHoc1_alt,130,2279731,57.02427172328665
Bird,IGL,Takahe/bPorHoc1_alt,57,99465,573.0659025787966
Bird,TRA,Takahe/bPorHoc1_alt,33,348757,94.62175669592295
Bird,TRB,Takahe/bPorHoc1_alt,18,94878,189.71732119142476
Bird,TRG,Takahe/bPorHoc1_alt,27,98374,274.46276455160915
Bird,IGH,Takahe/bPorHoc1_pri,187,820374,227.94481541345775
Bird,IGL,Takahe/bPorHoc1_pri,52,91295,569.582123884112
Bird,TRA,Takahe/bPorHoc1_pri,29,283939,102.13461342048821
Bird,TRB,Takahe/bPorHoc1_pri,16,89081,179.6118139670637
Bird,TRG,Takahe/bPorHoc1_pri,22,87172,252.37461570228973
Bird,IGH,Virginia_Rail/bRalLim1_alt,1293,1827684,707.4527106436342
Bird,IGL,Virginia_Rail/bRalLim1_alt,28,51876,539.7486313516848
Bird,TRA,Virginia_Rail/bRalLim1_alt,32,211027,151.63936368332014
Bird,TRB,Virginia_Rail/bRalLim1_alt,16,110699,144.5360843368052
Bird,TRG,Virginia_Rail/bRalLim1_alt,23,77457,296.9389467704662
Bird,IGH,Virginia_Rail/bRalLim1_pri,789,957430,824.0811338687946
Bird,IGL,Virginia_Rail/bRalLim1_pri,30,54433,551.1362592544963
Bird,TRA,Virginia_Rail/bRalLim1_pri,36,337107,106.79101887531259
Bird,TRB,Virginia_Rail/bRalLim1_pri,16,105806,151.22015764701436
Bird,TRG,Virginia_Rail/bRalLim1_pri,24,69612,344.7681434235477
Bird,IGH,Whooping_Crane/bGruAme1_alt,95,39192,2423.9640743008777
Bird,IGL,Whooping_Crane/bGruAme1_alt,26,25103,1035.732780942517
Bird,TRA,Whooping_Crane/bGruAme1_alt,7,64197,109.03936321011885
Bird,TRB,Whooping_Crane/bGruAme1_alt,8,156764,51.032124722512826
Bird,TRG,Whooping_Crane/bGruAme1_alt,19,56599,335.69497694305556
Bird,IGH,Whooping_Crane/bGruAme1_pri,83,36251,2289.592011254862
Bird,IGL,Whooping_Crane/bGruAme1_pri,24,23341,1028.233580395013
Bird,TRA,Whooping_Crane/bGruAme1_pri,73,1079992,67.59309328217246
Bird,TRB,Whooping_Crane/bGruAme1_pri,6,125065,47.97505297245432
Bird,TRG,Whooping_Crane/bGruAme1_pri,36,108133,332.9233443999519
Bird,IGH,BandTailed_Pigeon/bPatFas1_alt,2,9,222222.22222222222
Bird,IGL,BandTailed_Pigeon/bPatFas1_alt,17,17490,971.9839908519155
Bird,TRA,BandTailed_Pigeon/bPatFas1_alt,30,564596,53.13533925142934
Bird,TRB,BandTailed_Pigeon/bPatFas1_alt,4,47703,83.8521686267111
Bird,TRG,BandTailed_Pigeon/bPatFas1_alt,23,58630,392.2906361930752
Bird,IGH,BandTailed_Pigeon/bPatFas1_pri,22,17381,1265.7499568494331
Bird,IGL,BandTailed_Pigeon/bPatFas1_pri,18,18233,987.2209729611145
Bird,TRA,BandTailed_Pigeon/bPatFas1_pri,79,915812,86.26224596314528
Bird,TRB,BandTailed_Pigeon/bPatFas1_pri,4,47679,83.89437697938295
Bird,TRG,BandTailed_Pigeon/bPatFas1_pri,23,58630,392.2906361930752
Bird,IGH,Eurasian_CollaredDove/bStrDea1_pri,19,12384,1534.2377260981914
Bird,IGL,Eurasian_CollaredDove/bStrDea1_pri,20,24062,831.1861025683651
Bird,TRA,Eurasian_CollaredDove/bStrDea1_pri,37,268720,137.6897886275677
Bird,TRB,Eurasian_CollaredDove/bStrDea1_pri,8,94931,84.27173420695031
Bird,TRG,Eurasian_CollaredDove/bStrDea1_pri,6,17209,348.6547736649428
Bird,IGL,European_Turtle_Dove/bStrTur1_alt,19,17284,1099.2825734783614
Bird,TRA,European_Turtle_Dove/bStrTur1_alt,11,89917,122.33504231680328
Bird,TRB,European_Turtle_Dove/bStrTur1_alt,2,4893,408.7471898630697
Bird,TRG,European_Turtle_Dove/bStrTur1_alt,11,28764,382.42247253511334
Bird,IGL,European_Turtle_Dove/bStrTur1_pri,17,17737,958.4484411118002
Bird,TRA,European_Turtle_Dove/bStrTur1_pri,34,248350,136.9035635192269
Bird,TRB,European_Turtle_Dove/bStrTur1_pri,5,57991,86.22027556000069
Bird,TRG,European_Turtle_Dove/bStrTur1_pri,27,83696,322.5960619384439
Bird,IGH,Nicobar_Pigeon/bCalNic1_alt,26,44395,585.6515373352855
Bird,IGL,Nicobar_Pigeon/bCalNic1_alt,21,21790,963.7448370812299
Bird,TRA,Nicobar_Pigeon/bCalNic1_alt,32,612477,52.24685988208537
Bird,TRB,Nicobar_Pigeon/bCalNic1_alt,5,49183,101.66114307789277
Bird,TRG,Nicobar_Pigeon/bCalNic1_alt,20,54584,366.40773853143776
Bird,IGH,Nicobar_Pigeon/bCalNic1_pri,22,40076,548.9569817347041
Bird,IGL,Nicobar_Pigeon/bCalNic1_pri,21,21789,963.7890678782873
Bird,TRA,Nicobar_Pigeon/bCalNic1_pri,30,582495,51.50258800504726
Bird,TRB,Nicobar_Pigeon/bCalNic1_pri,3,12744,235.40489642184556
Bird,TRG,Nicobar_Pigeon/bCalNic1_pri,21,58956,356.1978424587828
Bird,IGH,Pink_Pigeon/bNesMay2_alt,22,13766,1598.1403457794565
Bird,IGL,Pink_Pigeon/bNesMay2_alt,18,18060,996.6777408637874
Bird,TRA,Pink_Pigeon/bNesMay2_alt,53,421935,125.61176484529608
Bird,TRB,Pink_Pigeon/bNesMay2_alt,3,44040,68.11989100817438
Bird,IGH,Pink_Pigeon/bNesMay2_pri,22,14369,1531.0738395156238
Bird,IGL,Pink_Pigeon/bNesMay2_pri,19,20189,941.1065431670712
Bird,TRA,Pink_Pigeon/bNesMay2_pri,49,378552,129.44060525370358
Bird,TRB,Pink_Pigeon/bNesMay2_pri,3,44047,68.10906531659363
Bird,TRG,Pink_Pigeon/bNesMay2_pri,22,125477,175.33093714385902
Bird,IGH,Rock_Dove/bColLiv1_alt,16,10493,1524.8260745258742
Bird,IGL,Rock_Dove/bColLiv1_alt,18,19383,928.6488159727596
Bird,TRA,Rock_Dove/bColLiv1_alt,62,445105,139.2929758146954
Bird,TRB,Rock_Dove/bColLiv1_alt,3,20659,145.21516046275232
Bird,TRG,Rock_Dove/bColLiv1_alt,23,64598,356.04817486609494
Bird,IGH,Rock_Dove/bColLiv1_pri,16,10405,1537.722248918789
Bird,IGL,Rock_Dove/bColLiv1_pri,18,19708,913.3346864217576
Bird,TRA,Rock_Dove/bColLiv1_pri,52,406865,127.80652059036782
Bird,TRB,Rock_Dove/bColLiv1_pri,5,61655,81.09642364771713
Bird,TRG,Rock_Dove/bColLiv1_pri,31,96770,320.34721504598537
Bird,IGH,Bearded_Vulture/bGypBar2_alt,48,19821,2421.6739821401547
Bird,IGL,Bearded_Vulture/bGypBar2_alt,41,45255,905.9772400839687
Bird,TRA,Bearded_Vulture/bGypBar2_alt,14,321915,43.489741080720066
Bird,TRG,Bearded_Vulture/bGypBar2_alt,5,11105,450.24763619990995
Bird,IGH,Bearded_Vulture/bGypBar2_pri,58,31971,1814.1440680616809
Bird,IGL,Bearded_Vulture/bGypBar2_pri,62,69183,896.1739155572901
Bird,TRA,Bearded_Vulture/bGypBar2_pri,21,406608,51.646794947467825
Bird,TRB,Bearded_Vulture/bGypBar2_pri,4,46722,85.61277342579513
Bird,TRG,Bearded_Vulture/bGypBar2_pri,5,11099,450.49103522839897
Bird,IGH,Common_Buzzard/bButBut1_pri,88,54980,1600.5820298290287
Bird,IGL,Common_Buzzard/bButBut1_pri,34,39395,863.0536870161188
Bird,TRA,Common_Buzzard/bButBut1_pri,29,315112,92.03077001193226
Bird,TRB,Common_Buzzard/bButBut1_pri,6,54875,109.33940774487472
Bird,TRG,Common_Buzzard/bButBut1_pri,5,11187,446.94734960221683
Bird,IGH,Crested_Eagle/bMorGui1_alt,60,49855,1203.4901213519206
Bird,IGL,Crested_Eagle/bMorGui1_alt,38,42431,895.5716339468784
Bird,TRA,Crested_Eagle/bMorGui1_alt,24,471324,50.9203859765257
Bird,TRB,Crested_Eagle/bMorGui1_alt,4,47757,83.75735494273091
Bird,TRG,Crested_Eagle/bMorGui1_alt,5,11141,448.79274750920024
Bird,IGH,Crested_Eagle/bMorGui1_pri,66,49859,1323.7329268537276
Bird,IGL,Crested_Eagle/bMorGui1_pri,59,67545,873.4917462432453
Bird,TRA,Crested_Eagle/bMorGui1_pri,34,516937,65.77203798528642
Bird,TRB,Crested_Eagle/bMorGui1_pri,4,47758,83.75560115582729
Bird,TRG,Crested_Eagle/bMorGui1_pri,5,11152,448.35007173601144
Bird,IGH,European_Golden_Eagle/bAquChr1_alt,2,128,15625.0
Bird,TRA,European_Golden_Eagle/bAquChr1_alt,4,38074,105.05857015286023
Bird,TRB,European_Golden_Eagle/bAquChr1_alt,3,43716,68.62475981334066
Bird,TRG,European_Golden_Eagle/bAquChr1_alt,5,11203,446.30902436847276
Bird,IGH,European_Golden_Eagle/bAquChr1_pri,48,33576,1429.5925661186561
Bird,IGL,European_Golden_Eagle/bAquChr1_pri,35,35573,983.8922778511793
Bird,TRA,European_Golden_Eagle/bAquChr1_pri,8,89270,89.61577237593816
Bird,TRB,European_Golden_Eagle/bAquChr1_pri,6,57800,103.80622837370242
Bird,TRG,European_Golden_Eagle/bAquChr1_pri,5,11186,446.9873055605221
Bird,IGH,Golden_Eagle/bAquChr2_alt,62,39660,1563.2879475542109
Bird,IGL,Golden_Eagle/bAquChr2_alt,32,32357,988.9668387056897
Bird,TRA,Golden_Eagle/bAquChr2_alt,32,446862,71.61047482220462
Bird,TRB,Golden_Eagle/bAquChr2_alt,8,68792,116.29259216187928
Bird,TRG,Golden_Eagle/bAquChr2_alt,5,11218,445.71224817257973
Bird,IGH,Golden_Eagle/bAquChr2_pri,61,39632,1539.160274525636
Bird,IGL,Golden_Eagle/bAquChr2_pri,34,36871,922.1339263920154
Bird,TRA,Golden_Eagle/bAquChr2_pri,12,220416,54.44250871080139
Bird,TRB,Golden_Eagle/bAquChr2_pri,6,57769,103.86193287057073
Bird,TRG,Golden_Eagle/bAquChr2_pri,5,11242,444.7607187333215
Bird,IGH,Harpy_Eagle/bHarHar1_alt,51,29848,1708.6571964620746
Bird,IGL,Harpy_Eagle/bHarHar1_alt,34,35582,955.5393176325108
Bird,TRA,Harpy_Eagle/bHarHar1_alt,23,247201,93.04169481515042
Bird,TRB,Harpy_Eagle/bHarHar1_alt,6,57281,104.74677467222989
Bird,TRG,Harpy_Eagle/bHarHar1_alt,5,11174,447.46733488455345
Bird,IGH,Harpy_Eagle/bHarHar1_pri,62,44514,1392.8202363301434
Bird,IGL,Harpy_Eagle/bHarHar1_pri,71,68081,1042.8753984224672
Bird,TRA,Harpy_Eagle/bHarHar1_pri,35,495287,70.66609864583565
Bird,TRB,Harpy_Eagle/bHarHar1_pri,4,47725,83.81351492928235
Bird,TRG,Harpy_Eagle/bHarHar1_pri,5,11156,448.18931516672643
Bird,IGH,Northern_Goshawk/bAccGen1_alt,62,41415,1497.0421344923336
Bird,IGL,Northern_Goshawk/bAccGen1_alt,33,44525,741.1566535654126
Bird,TRG,Northern_Goshawk/bAccGen1_alt,4,8886,450.14629754670267
Bird,IGH,Northern_Goshawk/bAccGen1_pri,54,37334,1446.4027428081642
Bird,IGL,Northern_Goshawk/bAccGen1_pri,27,38828,695.3744720304934
Bird,TRA,Northern_Goshawk/bAccGen1_pri,15,187780,79.88071147087017
Bird,TRB,Northern_Goshawk/bAccGen1_pri,6,57438,104.46046171524078
Bird,TRG,Northern_Goshawk/bAccGen1_pri,4,8888,450.04500450045003
Bird,TRA,Philippine_eagle/bPitJef1_pri,54,905126,59.660202005024715
Bird,TRB,Philippine_eagle/bPitJef1_pri,4,46166,86.64385045271412
Bird,TRG,Philippine_eagle/bPitJef1_pri,5,11417,437.9434177104318
Bird,IGH,WhiteTailed_Eagle/bHalAlb1_alt,81,47185,1716.6472395888525
Bird,IGL,WhiteTailed_Eagle/bHalAlb1_alt,29,35429,818.5384854215473
Bird,TRA,WhiteTailed_Eagle/bHalAlb1_alt,20,212226,94.23916014060482
Bird,IGH,WhiteTailed_Eagle/bHalAlb1_pri,93,57977,1604.0843782879417
Bird,IGL,WhiteTailed_Eagle/bHalAlb1_pri,32,36264,882.4178248400618
Bird,TRA,WhiteTailed_Eagle/bHalAlb1_pri,22,241622,91.05131155275596
Bird,TRB,WhiteTailed_Eagle/bHalAlb1_pri,6,58302,102.91242152927859
Bird,TRG,WhiteTailed_Eagle/bHalAlb1_pri,5,9378,533.1627212625293
Bird,IGL,Gyrfalcon/bFalRus1_alt,27,31320,862.0689655172414
Bird,TRA,Gyrfalcon/bFalRus1_alt,14,75451,185.5508873308505
Bird,TRB,Gyrfalcon/bFalRus1_alt,2,1517,1318.3915622940015
Bird,TRG,Gyrfalcon/bFalRus1_alt,4,6481,617.1887054466904
Bird,IGH,Gyrfalcon/bFalRus1_pri,43,42708,1006.8371265336705
Bird,IGL,Gyrfalcon/bFalRus1_pri,26,31414,827.6564589036736
Bird,TRA,Gyrfalcon/bFalRus1_pri,26,174396,149.08598821073878
Bird,TRB,Gyrfalcon/bFalRus1_pri,5,7701117,0.6492564650037131
Bird,TRG,Gyrfalcon/bFalRus1_pri,4,6483,616.9983032546661
Bird,IGL,Lanner_Falcon/bFalBia1_alt,27,33405,808.2622361921868
Bird,TRA,Lanner_Falcon/bFalBia1_alt,26,176266,147.50434003154322
Bird,TRB,Lanner_Falcon/bFalBia1_alt,3,47560,63.07821698906645
Bird,TRG,Lanner_Falcon/bFalBia1_alt,6,15889,377.6197369249166
Bird,IGH,Lanner_Falcon/bFalBia1_pri,15,14460,1037.344398340249
Bird,IGL,Lanner_Falcon/bFalBia1_pri,29,34809,833.1178718147605
Bird,TRA,Lanner_Falcon/bFalBia1_pri,37,232918,158.85418902789823
Bird,TRB,Lanner_Falcon/bFalBia1_pri,5,7702880,0.6491078661487651
Bird,TRG,Lanner_Falcon/bFalBia1_pri,6,15896,377.453447408153
Bird,IGH,Lesser_Kestrel/bFalNau1_alt,26,21439,1212.7431316759178
Bird,IGL,Lesser_Kestrel/bFalNau1_alt,65,72421,897.5297220419492
Bird,TRA,Lesser_Kestrel/bFalNau1_alt,9,43850,205.24515393386545
Bird,TRB,Lesser_Kestrel/bFalNau1_alt,4,7709396,0.5188473908980678
Bird,TRG,Lesser_Kestrel/bFalNau1_alt,11,33884,324.63699681265496
Bird,IGH,Lesser_Kestrel/bFalNau1_pri,12,12945,926.9988412514484
Bird,IGL,Lesser_Kestrel/bFalNau1_pri,52,53498,971.9989532318966
Bird,TRA,Lesser_Kestrel/bFalNau1_pri,27,138290,195.2418829994938
Bird,TRB,Lesser_Kestrel/bFalNau1_pri,5,7712994,0.6482566951303216
Bird,TRG,Lesser_Kestrel/bFalNau1_pri,11,32979,333.54558961763547
Bird,IGH,Mauritius_Kestrel/bFalPun1_alt,30,17115,1752.8483786152499
Bird,IGL,Mauritius_Kestrel/bFalPun1_alt,30,35613,842.3890152472412
Bird,TRA,Mauritius_Kestrel/bFalPun1_alt,28,148867,188.08735314072294
Bird,TRG,Mauritius_Kestrel/bFalPun1_alt,6,15855,378.4295175023652
Bird,IGH,Mauritius_Kestrel/bFalPun1_pri,37,20773,1781.1582342463776
Bird,IGL,Mauritius_Kestrel/bFalPun1_pri,36,44559,807.9175924055746
Bird,TRA,Mauritius_Kestrel/bFalPun1_pri,35,198740,176.1094897856496
Bird,TRB,Mauritius_Kestrel/bFalPun1_pri,3,7690663,0.39008340373255207
Bird,TRG,Mauritius_Kestrel/bFalPun1_pri,6,15861,378.2863627766219
Bird,IGL,Peregrine_Falcon/bFalPer1_alt,9,11841,760.0709399543957
Bird,TRA,Peregrine_Falcon/bFalPer1_alt,14,89392,156.6135672095937
Bird,TRB,Peregrine_Falcon/bFalPer1_alt,3,47535,63.11139160618492
Bird,TRG,Peregrine_Falcon/bFalPer1_alt,6,15870,378.07183364839324
Bird,IGH,Peregrine_Falcon/bFalPer1_pri,16,17805,898.6239820275202
Bird,IGL,Peregrine_Falcon/bFalPer1_pri,30,38301,783.2693663350826
Bird,TRA,Peregrine_Falcon/bFalPer1_pri,33,228674,144.31024077945023
Bird,TRB,Peregrine_Falcon/bFalPer1_pri,5,7699501,0.6493927333732407
Bird,TRG,Peregrine_Falcon/bFalPer1_pri,4,6483,616.9983032546661
Bird,IGL,Saker_Falcon/bFalChe1_alt,47,52290,898.8334289539108
Bird,TRA,Saker_Falcon/bFalChe1_alt,30,176040,170.41581458759373
Bird,TRB,Saker_Falcon/bFalChe1_alt,3,47559,63.07954330410648
Bird,TRG,Saker_Falcon/bFalChe1_alt,6,15873,378.00037800037796
Bird,IGH,Saker_Falcon/bFalChe1_pri,29,25684,1129.1076156361937
Bird,IGL,Saker_Falcon/bFalChe1_pri,43,49376,870.8684381075826
Bird,TRA,Saker_Falcon/bFalChe1_pri,29,164815,175.9548584776871
Bird,TRB,Saker_Falcon/bFalChe1_pri,5,7705586,0.648879916465795
Bird,TRG,Saker_Falcon/bFalChe1_pri,6,15889,377.6197369249166
Bird,IGH,Allens_Hummingbird/bSelSas1_alt,15,8785,1707.4558907228231
Bird,IGL,Allens_Hummingbird/bSelSas1_alt,8,8448,946.9696969696969
Bird,TRA,Allens_Hummingbird/bSelSas1_alt,11,49846,220.679693455844
Bird,TRB,Allens_Hummingbird/bSelSas1_alt,6,58079,103.30756383546549
Bird,TRG,Allens_Hummingbird/bSelSas1_alt,3,7102,422.4162207828781
Bird,IGH,Allens_Hummingbird/bSelSas1_pri,16,8599,1860.6814745900685
Bird,IGL,Allens_Hummingbird/bSelSas1_pri,8,8453,946.4095587365432
Bird,TRA,Allens_Hummingbird/bSelSas1_pri,10,62194,160.78721420072677
Bird,TRB,Allens_Hummingbird/bSelSas1_pri,6,57970,103.50181128169743
Bird,TRG,Allens_Hummingbird/bSelSas1_pri,3,7125,421.05263157894734
Bird,IGL,Annas_Hummingbird/bCalAnn1_alt,9,8890,1012.3734533183351
Bird,TRA,Annas_Hummingbird/bCalAnn1_alt,9,82332,109.31351114997814
Bird,TRB,Annas_Hummingbird/bCalAnn1_alt,6,56904,105.44074230282581
Bird,TRG,Annas_Hummingbird/bCalAnn1_alt,3,7129,420.81638378454204
Bird,IGH,Annas_Hummingbird/bCalAnn1_pri,27,43913,614.8520939129643
Bird,IGL,Annas_Hummingbird/bCalAnn1_pri,9,8899,1011.3495898415551
Bird,TRA,Annas_Hummingbird/bCalAnn1_pri,9,82744,108.76921589480808
Bird,TRB,Annas_Hummingbird/bCalAnn1_pri,6,56942,105.37037687471462
Bird,TRG,Annas_Hummingbird/bCalAnn1_pri,3,6897,434.9717268377555
Bird,IGL,LongTailed_Hermit/bPhaSup1_alt,10,9523,1050.089257586895
Bird,TRA,LongTailed_Hermit/bPhaSup1_alt,4,11897,336.21921492813317
Bird,TRB,LongTailed_Hermit/bPhaSup1_alt,4,37903,105.53254359813208
Bird,TRG,LongTailed_Hermit/bPhaSup1_alt,3,5211,575.7052389176741
Bird,IGL,LongTailed_Hermit/bPhaSup1_pri,10,9625,1038.9610389610389
Bird,TRA,LongTailed_Hermit/bPhaSup1_pri,4,12007,333.13900224868826
Bird,TRB,LongTailed_Hermit/bPhaSup1_pri,4,37914,105.50192541013872
Bird,TRG,LongTailed_Hermit/bPhaSup1_pri,3,5211,575.7052389176741
Bird,IGL,Tourmaline_Sunangel/bHelExo1_alt,13,10527,1234.919730217536
Bird,TRA,Tourmaline_Sunangel/bHelExo1_alt,6,34655,173.13518972731208
Bird,TRB,Tourmaline_Sunangel/bHelExo1_alt,9,61774,145.69236248259784
Bird,TRG,Tourmaline_Sunangel/bHelExo1_alt,4,12106,330.4146704113663
Bird,IGL,Tourmaline_Sunangel/bHelExo1_pri,15,11718,1280.0819252432157
Bird,TRA,Tourmaline_Sunangel/bHelExo1_pri,9,41299,217.9229521295915
Bird,TRB,Tourmaline_Sunangel/bHelExo1_pri,9,61217,147.0179852001895
Bird,TRG,Tourmaline_Sunangel/bHelExo1_pri,4,12101,330.55119411618875
Bird,IGH,Eurasian_Spoonbill/bPlaLeu2_pri,153,73498,2081.6892976679637
Bird,IGL,Eurasian_Spoonbill/bPlaLeu2_pri,51,43946,1160.5151777181086
Bird,TRA,Eurasian_Spoonbill/bPlaLeu2_pri,47,635298,73.98102937519086
Bird,TRB,Eurasian_Spoonbill/bPlaLeu2_pri,9,105887,84.9962696081672
Bird,TRG,Eurasian_Spoonbill/bPlaLeu2_pri,21,62578,335.58119466905305
Bird,IGL,Plumbeous_Ibis/bTheCae1_alt,15,18522,809.8477486232588
Bird,TRA,Plumbeous_Ibis/bTheCae1_alt,13,135144,96.19368969395609
Bird,TRB,Plumbeous_Ibis/bTheCae1_alt,25,200513,124.68019529905791
Bird,IGH,Plumbeous_Ibis/bTheCae1_pri,66,30087,2193.638448499352
Bird,IGL,Plumbeous_Ibis/bTheCae1_pri,18,21276,846.0236886632825
Bird,TRA,Plumbeous_Ibis/bTheCae1_pri,15,254344,58.975246123360485
Bird,TRB,Plumbeous_Ibis/bTheCae1_pri,17,178431,95.27492420039118
Bird,TRG,Plumbeous_Ibis/bTheCae1_pri,5,17880,279.6420581655481
Bird,IGH,California_Quail/bCalCai1_alt,22,15709,1400.4710675409
Bird,IGL,California_Quail/bCalCai1_alt,24,16785,1429.8480786416442
Bird,TRA,California_Quail/bCalCai1_alt,30,496333,60.443291096904694
Bird,TRB,California_Quail/bCalCai1_alt,4,74260,53.8647993536224
Bird,TRG,California_Quail/bCalCai1_alt,28,45683,612.9194667600639
Bird,IGH,California_Quail/bCalCai1_pri,24,24194,991.9814830123171
Bird,IGL,California_Quail/bCalCai1_pri,24,16770,1431.1270125223614
Bird,TRA,California_Quail/bCalCai1_pri,35,520993,67.1794054814556
Bird,TRB,California_Quail/bCalCai1_pri,4,75058,53.29212075994564
Bird,TRG,California_Quail/bCalCai1_pri,29,45682,634.8233439866906
Bird,IGH,IMGT_Chicken/bGRCg6a_pri,151,84478,1787.4476194985677
Bird,IGL,IMGT_Chicken/bGRCg6a_pri,30,21814,1375.2635921885028
Bird,TRA,IMGT_Chicken/bGRCg6a_pri,75,1345747,55.73112925386421
Bird,TRB,IMGT_Chicken/bGRCg6a_pri,16,210045,76.17415315765669
Bird,TRG,IMGT_Chicken/bGRCg6a_pri,40,84306,474.4620786183664
Bird,IGH,King_Quail/bCotChi1_alt,20,13621,1468.3209749651273
Bird,IGL,King_Quail/bCotChi1_alt,23,22262,1033.1506603180308
Bird,TRA,King_Quail/bCotChi1_alt,35,208283,168.04059860862384
Bird,TRB,King_Quail/bCotChi1_alt,5,66525,75.15971439308531
Bird,TRG,King_Quail/bCotChi1_alt,11,33799,325.453415781532
Bird,IGL,King_Quail/bCotChi1_pri,23,22262,1033.1506603180308
Bird,TRA,King_Quail/bCotChi1_pri,37,227046,162.9625714612898
Bird,TRB,King_Quail/bCotChi1_pri,5,65335,76.52865998316369
Bird,TRG,King_Quail/bCotChi1_pri,13,46819,277.66505051368034
Bird,IGH,Mountain_Quail/bOrePic1_alt,23,18715,1228.960726689821
Bird,IGL,Mountain_Quail/bOrePic1_alt,23,17130,1342.6736719206071
Bird,TRA,Mountain_Quail/bOrePic1_alt,21,216273,97.09949924401104
Bird,TRB,Mountain_Quail/bOrePic1_alt,5,88983,56.19050829933807
Bird,TRG,Mountain_Quail/bOrePic1_alt,16,30869,518.3193495092164
Bird,IGH,Mountain_Quail/bOrePic1_pri,26,22389,1161.2845593818392
Bird,IGL,Mountain_Quail/bOrePic1_pri,23,17131,1342.5952950790963
Bird,TRA,Mountain_Quail/bOrePic1_pri,27,295433,91.39127991795094
Bird,TRB,Mountain_Quail/bOrePic1_pri,6,96481,62.188410153294434
Bird,TRG,Mountain_Quail/bOrePic1_pri,11,19671,559.1988205988511
Bird,IGH,Rock_Ptarmigan/bLagMut1_alt,50,43947,1137.7340887887683
Bird,IGL,Rock_Ptarmigan/bLagMut1_alt,30,22624,1326.0254596888262
Bird,TRA,Rock_Ptarmigan/bLagMut1_alt,37,305028,121.30033964095098
Bird,TRB,Rock_Ptarmigan/bLagMut1_alt,11,90895,121.01875790747566
Bird,TRG,Rock_Ptarmigan/bLagMut1_alt,14,280719,49.871935992932436
Bird,IGH,Rock_Ptarmigan/bLagMut1_pri,52,46879,1109.2386782994517
Bird,IGL,Rock_Ptarmigan/bLagMut1_pri,30,22627,1325.849648649843
Bird,TRA,Rock_Ptarmigan/bLagMut1_pri,36,296191,121.54319341235893
Bird,TRB,Rock_Ptarmigan/bLagMut1_pri,11,96893,113.52729299330188
Bird,TRG,Rock_Ptarmigan/bLagMut1_pri,17,341115,49.836565381176435
Bird,IGH,Western_Capercaillie/bTetUro1_alt,14,7592,1844.0463645943098
Bird,IGL,Western_Capercaillie/bTetUro1_alt,29,22524,1287.515538980643
Bird,TRA,Western_Capercaillie/bTetUro1_alt,19,152575,124.52892020317877
Bird,TRB,Western_Capercaillie/bTetUro1_alt,8,42756,187.10824211806528
Bird,IGH,Western_Capercaillie/bTetUro1_pri,23,16740,1373.9545997610512
Bird,IGL,Western_Capercaillie/bTetUro1_pri,28,22524,1243.1184514295862
Bird,TRA,Western_Capercaillie/bTetUro1_pri,27,205065,131.6655694535879
Bird,TRB,Western_Capercaillie/bTetUro1_pri,9,83264,108.08993082244427
Bird,TRG,Western_Capercaillie/bTetUro1_pri,34,138139,246.1288991523031
Bird,IGH,White_Leghorn_Layer_Chicken/bGalGal1_alt,89,54822,1623.4358469227682
Bird,IGL,White_Leghorn_Layer_Chicken/bGalGal1_alt,26,21545,1206.776514272453
Bird,TRB,White_Leghorn_Layer_Chicken/bGalGal1_alt,20,252779,79.12049656023642
Bird,TRG,White_Leghorn_Layer_Chicken/bGalGal1_alt,52,110658,469.9163187478537
Bird,IGH,White_Leghorn_Layer_Chicken/bGalGal1_pri,75,46884,1599.6928589710774
Bird,IGL,White_Leghorn_Layer_Chicken/bGalGal1_pri,30,21537,1392.9516645772392
Bird,TRA,White_Leghorn_Layer_Chicken/bGalGal1_pri,71,1515753,46.841404899083166
Bird,TRB,White_Leghorn_Layer_Chicken/bGalGal1_pri,15,199335,75.25020693806907
Bird,TRG,White_Leghorn_Layer_Chicken/bGalGal1_pri,38,113559,334.62781461619073
Bird,IGH,Abyssinian_Ground_Hornbill/bBucAby1_alt,29,13654,2123.91973048191
Bird,IGL,Abyssinian_Ground_Hornbill/bBucAby1_alt,16,21830,732.9363261566651
Bird,TRA,Abyssinian_Ground_Hornbill/bBucAby1_alt,9,78676,114.39320758554071
Bird,TRB,Abyssinian_Ground_Hornbill/bBucAby1_alt,6,46087,130.18855642589017
Bird,TRG,Abyssinian_Ground_Hornbill/bBucAby1_alt,2,8014,249.56326428749688
Bird,IGH,Abyssinian_Ground_Hornbill/bBucAby1_pri,59,26309,2242.578585275001
Bird,IGL,Abyssinian_Ground_Hornbill/bBucAby1_pri,15,18900,793.6507936507936
Bird,TRA,Abyssinian_Ground_Hornbill/bBucAby1_pri,17,607925,27.963975819385613
Bird,TRB,Abyssinian_Ground_Hornbill/bBucAby1_pri,6,46165,129.96859092386006
Bird,TRG,Abyssinian_Ground_Hornbill/bBucAby1_pri,2,7998,250.06251562890722
Bird,IGH,American_Flamingo/bPhoRub2_alt,60,28882,2077.418461325393
Bird,IGL,American_Flamingo/bPhoRub2_alt,59,64008,921.7597800274966
Bird,TRA,American_Flamingo/bPhoRub2_alt,27,316750,85.24072612470403
Bird,TRB,American_Flamingo/bPhoRub2_alt,8,128347,62.33102448830125
Bird,TRG,American_Flamingo/bPhoRub2_alt,33,164205,200.96830181784966
Bird,IGH,American_Flamingo/bPhoRub2_pri,78,34699,2247.9033977924437
Bird,IGL,American_Flamingo/bPhoRub2_pri,47,54977,854.9029594193936
Bird,TRA,American_Flamingo/bPhoRub2_pri,22,778045,28.275999460185464
Bird,TRB,American_Flamingo/bPhoRub2_pri,6,102470,58.55372304089001
Bird,TRG,American_Flamingo/bPhoRub2_pri,40,206815,193.40956893842323
Bird,IGH,Carmine_BeeEater/bMerNub1_alt,36,28523,1262.1393261578376
Bird,IGL,Carmine_BeeEater/bMerNub1_alt,16,20726,771.9772266718131
Bird,TRA,Carmine_BeeEater/bMerNub1_alt,36,332480,108.2771896053898
Bird,TRB,Carmine_BeeEater/bMerNub1_alt,4,39911,100.2229961664704
Bird,TRG,Carmine_BeeEater/bMerNub1_alt,6,9955,602.7122049221497
Bird,IGH,Carmine_BeeEater/bMerNub1_pri,75,46179,1624.1148574027156
Bird,IGL,Carmine_BeeEater/bMerNub1_pri,16,20735,771.6421509524957
Bird,TRA,Carmine_BeeEater/bMerNub1_pri,38,423130,89.80691513246519
Bird,TRB,Carmine_BeeEater/bMerNub1_pri,4,39991,100.02250506363931
Bird,TRG,Carmine_BeeEater/bMerNub1_pri,5,8404,594.9547834364588
Bird,IGH,Common_Cuckoo/bCucCan1_alt,8,9514,840.8660920748371
Bird,IGL,Common_Cuckoo/bCucCan1_alt,14,12418,1127.3957158962796
Bird,TRA,Common_Cuckoo/bCucCan1_alt,22,106710,206.1662449629838
Bird,TRB,Common_Cuckoo/bCucCan1_alt,11,160447,68.55846478899574
Bird,TRG,Common_Cuckoo/bCucCan1_alt,3,7254,413.564929693962
Bird,IGH,Common_Cuckoo/bCucCan1_pri,44,46491,946.4197371534276
Bird,IGL,Common_Cuckoo/bCucCan1_pri,14,12417,1127.4865104292503
Bird,TRA,Common_Cuckoo/bCucCan1_pri,23,129570,177.51022613259244
Bird,TRB,Common_Cuckoo/bCucCan1_pri,10,148296,67.43270216324107
Bird,TRG,Common_Cuckoo/bCucCan1_pri,3,13798,217.42281490071025
Bird,IGH,Common_Ostrich/bStrCam1_alt,29,15549,1865.071708791562
Bird,IGL,Common_Ostrich/bStrCam1_alt,46,76204,603.6428533935227
Bird,TRA,Common_Ostrich/bStrCam1_alt,16,116890,136.88082812901018
Bird,TRB,Common_Ostrich/bStrCam1_alt,12,141527,84.78947479986152
Bird,TRG,Common_Ostrich/bStrCam1_alt,3,13284,225.8355916892502
Bird,IGH,Common_Ostrich/bStrCam1_pri,29,15727,1843.9626120684172
Bird,IGL,Common_Ostrich/bStrCam1_pri,43,73389,585.9188706754419
Bird,TRA,Common_Ostrich/bStrCam1_pri,22,162278,135.56982462194506
Bird,TRB,Common_Ostrich/bStrCam1_pri,40,298852,133.84551550600298
Bird,TRG,Common_Ostrich/bStrCam1_pri,3,13280,225.9036144578313
Bird,IGH,Common_Swift/bApuApu2_alt,27,27061,997.7458334873064
Bird,IGL,Common_Swift/bApuApu2_alt,20,15261,1310.530109429264
Bird,TRA,Common_Swift/bApuApu2_alt,7,55042,127.17561135133171
Bird,TRB,Common_Swift/bApuApu2_alt,5,70383,71.0398817896367
Bird,TRG,Common_Swift/bApuApu2_alt,3,8604,348.6750348675035
Bird,IGH,Common_Swift/bApuApu2_pri,2,108,18518.51851851852
Bird,IGL,Common_Swift/bApuApu2_pri,21,14805,1418.4397163120566
Bird,TRA,Common_Swift/bApuApu2_pri,10,306030,32.67653498023069
Bird,TRB,Common_Swift/bApuApu2_pri,5,70930,70.49203440011279
Bird,TRG,Common_Swift/bApuApu2_pri,3,8607,348.5535029627048
Bird,IGH,Corys_Shearwater/bCalBor7_pri,51,28144,1812.1091529277999
Bird,IGL,Corys_Shearwater/bCalBor7_pri,68,77495,877.4759661913672
Bird,TRA,Corys_Shearwater/bCalBor7_pri,72,759004,94.86116015198866
Bird,TRB,Corys_Shearwater/bCalBor7_pri,6,115186,52.089663674404875
Bird,TRG,Corys_Shearwater/bCalBor7_pri,4,10631,376.258113065563
Bird,IGH,CuckooRoller/bLepDis1_alt,89,81463,1092.520530793121
Bird,IGL,CuckooRoller/bLepDis1_alt,60,92028,651.9754857217368
Bird,TRA,CuckooRoller/bLepDis1_alt,9,71133,126.5235544683902
Bird,TRB,CuckooRoller/bLepDis1_alt,11,176653,62.26896797676801
Bird,TRG,CuckooRoller/bLepDis1_alt,4,11085,360.8479927830402
Bird,IGH,CuckooRoller/bLepDis1_pri,132,115739,1140.4971530771822
Bird,IGL,CuckooRoller/bLepDis1_pri,34,57890,587.3207807911557
Bird,TRA,CuckooRoller/bLepDis1_pri,66,1049209,62.90453093711548
Bird,TRB,CuckooRoller/bLepDis1_pri,11,176566,62.29964998923915
Bird,TRG,CuckooRoller/bLepDis1_pri,4,11091,360.65278153457757
Bird,IGL,Dalmatian_Pelican/bPelCri1_alt,44,56431,779.713278162712
Bird,TRA,Dalmatian_Pelican/bPelCri1_alt,17,235860,72.07665564317816
Bird,TRB,Dalmatian_Pelican/bPelCri1_alt,3,44783,66.98970591519102
Bird,TRG,Dalmatian_Pelican/bPelCri1_alt,6,12724,471.54982709839675
Bird,IGL,Dalmatian_Pelican/bPelCri1_pri,41,61043,671.657683927723
Bird,TRA,Dalmatian_Pelican/bPelCri1_pri,53,932787,56.8189736778064
Bird,TRB,Dalmatian_Pelican/bPelCri1_pri,5,107460,46.52894100130281
Bird,TRG,Dalmatian_Pelican/bPelCri1_pri,11,24511,448.77809962873806
Bird,IGL,Elegant_Crested_Tinamou/bEudEle1_alt,13,15665,829.8755186721993
Bird,TRA,Elegant_Crested_Tinamou/bEudEle1_alt,34,219804,154.6832632709141
Bird,TRB,Elegant_Crested_Tinamou/bEudEle1_alt,21,83371,251.88614746134746
Bird,TRG,Elegant_Crested_Tinamou/bEudEle1_alt,3,12477,240.44241404183697
Bird,IGH,Elegant_Crested_Tinamou/bEudEle1_pri,24,9843,2438.28101188662
Bird,IGL,Elegant_Crested_Tinamou/bEudEle1_pri,14,15668,893.5409752361501
Bird,TRA,Elegant_Crested_Tinamou/bEudEle1_pri,33,219812,150.12829144905646
Bird,TRB,Elegant_Crested_Tinamou/bEudEle1_pri,21,83371,251.88614746134746
Bird,TRG,Elegant_Crested_Tinamou/bEudEle1_pri,3,12074,248.46778201093258
Bird,IGH,Emu/bDroNov1_alt,32,14558,2198.104135183404
Bird,IGL,Emu/bDroNov1_alt,34,49686,684.2973875940909
Bird,TRA,Emu/bDroNov1_alt,84,1730023,48.55426777563073
Bird,TRB,Emu/bDroNov1_alt,9,123257,73.01816529689997
Bird,TRG,Emu/bDroNov1_alt,2,11992,166.77785190126752
Bird,IGH,Emu/bDroNov1_pri,31,13816,2243.7753329473076
Bird,IGL,Emu/bDroNov1_pri,34,49686,684.2973875940909
Bird,TRA,Emu/bDroNov1_pri,78,840720,92.77761918355695
Bird,TRB,Emu/bDroNov1_pri,9,142060,63.353512600309735
Bird,TRG,Emu/bDroNov1_pri,2,11992,166.77785190126752
Bird,IGH,Eurasian_Nightjar/bCapEur3_alt,216,586675,368.17658840073295
Bird,IGL,Eurasian_Nightjar/bCapEur3_alt,14,17065,820.3926164664518
Bird,TRA,Eurasian_Nightjar/bCapEur3_alt,13,207769,62.569488229716654
Bird,TRB,Eurasian_Nightjar/bCapEur3_alt,4,43074,92.86344430514927
Bird,TRG,Eurasian_Nightjar/bCapEur3_alt,5,19309,258.9466052100057
Bird,IGH,Eurasian_Nightjar/bCapEur3_pri,168,602578,278.80208039457136
Bird,IGL,Eurasian_Nightjar/bCapEur3_pri,14,17058,820.7292765857662
Bird,TRA,Eurasian_Nightjar/bCapEur3_pri,16,223485,71.59317180123946
Bird,TRB,Eurasian_Nightjar/bCapEur3_pri,4,42267,94.63647763030261
Bird,TRG,Eurasian_Nightjar/bCapEur3_pri,8,32612,245.3084754078253
Bird,IGH,Great_Potoo/bNycGra1_alt,35,19474,1797.2681524083391
Bird,IGL,Great_Potoo/bNycGra1_alt,25,27439,911.1119209883742
Bird,TRA,Great_Potoo/bNycGra1_alt,5,35366,141.37872532941242
Bird,TRB,Great_Potoo/bNycGra1_alt,4,85847,46.59452281384323
Bird,TRG,Great_Potoo/bNycGra1_alt,4,7135,560.6166783461808
Bird,IGH,Great_Potoo/bNycGra1_pri,35,17435,2007.456266131345
Bird,IGL,Great_Potoo/bNycGra1_pri,22,24913,883.073094368402
Bird,TRA,Great_Potoo/bNycGra1_pri,22,562683,39.09839110120618
Bird,TRB,Great_Potoo/bNycGra1_pri,4,78669,50.84594948454919
Bird,TRG,Great_Potoo/bNycGra1_pri,4,7130,561.0098176718093
Bird,IGH,Hoatzin/bOpiHoa1_alt,29,19346,1499.0178848340743
Bird,IGL,Hoatzin/bOpiHoa1_alt,75,225057,333.2489102760634
Bird,TRA,Hoatzin/bOpiHoa1_alt,20,468579,42.68223714677781
Bird,TRB,Hoatzin/bOpiHoa1_alt,8,57309,139.5941300668307
Bird,TRG,Hoatzin/bOpiHoa1_alt,6,11759,510.2474700229611
Bird,IGH,Hoatzin/bOpiHoa1_pri,63,45041,1398.7256055593793
Bird,IGL,Hoatzin/bOpiHoa1_pri,57,140339,406.15937123679095
Bird,TRA,Hoatzin/bOpiHoa1_pri,20,468579,42.68223714677781
Bird,TRB,Hoatzin/bOpiHoa1_pri,11,64301,171.07043436338472
Bird,TRG,Hoatzin/bOpiHoa1_pri,10,21692,460.99944680066386
Bird,IGH,Humboldt_Penguin/bSphHub1_alt,41,21940,1868.73290793072
Bird,TRA,Humboldt_Penguin/bSphHub1_alt,57,810569,70.32097205790006
Bird,TRB,Humboldt_Penguin/bSphHub1_alt,4,72057,55.51160886520394
Bird,TRG,Humboldt_Penguin/bSphHub1_alt,2,4083,489.83590497183445
Bird,IGH,Humboldt_Penguin/bSphHub1_pri,41,23458,1747.8045869213063
Bird,IGL,Humboldt_Penguin/bSphHub1_pri,40,34107,1172.779781276571
Bird,TRA,Humboldt_Penguin/bSphHub1_pri,60,878998,68.25954097734011
Bird,TRB,Humboldt_Penguin/bSphHub1_pri,4,72056,55.51237926057511
Bird,TRG,Humboldt_Penguin/bSphHub1_pri,4,10606,377.14501225721284
Bird,IGH,Kagu/bRhyJub1_alt,66,44036,1498.7737305840676
Bird,IGL,Kagu/bRhyJub1_alt,18,18903,952.22980479289
Bird,TRA,Kagu/bRhyJub1_alt,2,18799,106.38863769349433
Bird,TRG,Kagu/bRhyJub1_alt,7,14236,491.71115481876933
Bird,IGH,Kagu/bRhyJub1_pri,55,41401,1328.4703268037003
Bird,IGL,Kagu/bRhyJub1_pri,21,21142,993.2835114937092
Bird,TRA,Kagu/bRhyJub1_pri,13,314535,41.330853482124404
Bird,TRB,Kagu/bRhyJub1_pri,6,67487,88.90601152814615
Bird,TRG,Kagu/bRhyJub1_pri,5,9300,537.6344086021505
Bird,IGH,King_Vulture/bSarPap1_alt,48,22430,2139.991083370486
Bird,IGL,King_Vulture/bSarPap1_alt,29,27220,1065.3930933137399
Bird,TRA,King_Vulture/bSarPap1_alt,61,835963,72.96973669887304
Bird,TRB,King_Vulture/bSarPap1_alt,4,63034,63.4578164165371
Bird,TRG,King_Vulture/bSarPap1_alt,5,12227,408.93105422425776
Bird,IGH,King_Vulture/bSarPap1_pri,46,21749,2115.0397719435377
Bird,IGL,King_Vulture/bSarPap1_pri,28,26688,1049.1606714628297
Bird,TRA,King_Vulture/bSarPap1_pri,53,1034400,51.23743232791957
Bird,TRB,King_Vulture/bSarPap1_pri,4,63039,63.45278319770301
Bird,TRG,King_Vulture/bSarPap1_pri,5,12222,409.0983472426771
Bird,IGH,Lesser_Rhea/bPtePen1_alt,24,15373,1561.1786899108827
Bird,IGL,Lesser_Rhea/bPtePen1_alt,26,37466,693.9625260235947
Bird,TRA,Lesser_Rhea/bPtePen1_alt,26,364046,71.41954588156442
Bird,TRB,Lesser_Rhea/bPtePen1_alt,12,39685,302.38125236235356
Bird,TRG,Lesser_Rhea/bPtePen1_alt,2,7853,254.67974022666496
Bird,IGH,Lesser_Rhea/bPtePen1_pri,24,15319,1566.6818982962336
Bird,IGL,Lesser_Rhea/bPtePen1_pri,34,51405,661.4142593132964
Bird,TRA,Lesser_Rhea/bPtePen1_pri,24,291935,82.210081011184
Bird,TRB,Lesser_Rhea/bPtePen1_pri,14,52661,265.8513890735079
Bird,TRG,Lesser_Rhea/bPtePen1_pri,5,32725,152.78838808250575
Bird,IGH,Macqueens_Bustard/bChlMac1_alt,30,19278,1556.178026766262
Bird,IGL,Macqueens_Bustard/bChlMac1_alt,39,46524,838.2770183131287
Bird,TRA,Macqueens_Bustard/bChlMac1_alt,16,255565,62.60638193805882
Bird,TRB,Macqueens_Bustard/bChlMac1_alt,4,59716,66.98372295532185
Bird,TRG,Macqueens_Bustard/bChlMac1_alt,15,637472,23.530445258772147
Bird,IGH,Macqueens_Bustard/bChlMac1_pri,31,17041,1819.1420691273986
Bird,IGL,Macqueens_Bustard/bChlMac1_pri,57,70538,808.0750800986701
Bird,TRA,Macqueens_Bustard/bChlMac1_pri,16,255565,62.60638193805882
Bird,TRB,Macqueens_Bustard/bChlMac1_pri,4,59716,66.98372295532185
Bird,TRG,Macqueens_Bustard/bChlMac1_pri,9,679717,13.240804628985298
Bird,IGH,Maguari_Stork/bCicMag1_alt,135,67232,2007.9723940980487
Bird,IGL,Maguari_Stork/bCicMag1_alt,14,17129,817.3273395995096
Bird,TRA,Maguari_Stork/bCicMag1_alt,5,46837,106.75320793389842
Bird,TRB,Maguari_Stork/bCicMag1_alt,3,34106,87.96106256963584
Bird,TRG,Maguari_Stork/bCicMag1_alt,4,10743,372.3354742623103
Bird,IGH,Maguari_Stork/bCicMag1_pri,57,34500,1652.173913043478
Bird,IGL,Maguari_Stork/bCicMag1_pri,13,14962,868.8677984226708
Bird,TRA,Maguari_Stork/bCicMag1_pri,13,529447,24.55392135567866
Bird,TRB,Maguari_Stork/bCicMag1_pri,6,95249,62.99278732585119
Bird,TRG,Maguari_Stork/bCicMag1_pri,4,10721,373.09952429810653
Bird,IGH,Mountain_OwletNightjar/bAegAlb1_alt,24,12251,1959.023753163007
Bird,IGL,Mountain_OwletNightjar/bAegAlb1_alt,25,36788,679.5694248124388
Bird,TRA,Mountain_OwletNightjar/bAegAlb1_alt,10,82221,121.6234295374661
Bird,TRB,Mountain_OwletNightjar/bAegAlb1_alt,6,37635,159.42606616181746
Bird,TRG,Mountain_OwletNightjar/bAegAlb1_alt,5,7629,655.393891728929
Bird,IGH,Mountain_OwletNightjar/bAegAlb1_pri,24,12213,1965.1191353475804
Bird,IGL,Mountain_OwletNightjar/bAegAlb1_pri,15,22799,657.92359314005
Bird,TRA,Mountain_OwletNightjar/bAegAlb1_pri,39,496447,78.5582348166068
Bird,TRB,Mountain_OwletNightjar/bAegAlb1_pri,3,28320,105.9322033898305
Bird,TRG,Mountain_OwletNightjar/bAegAlb1_pri,5,8087,618.2762458266353
Bird,IGH,North_Island_Brown_Kiwi/bAptMan1_alt,44,20523,2143.9360717244067
Bird,IGL,North_Island_Brown_Kiwi/bAptMan1_alt,29,42240,686.5530303030303
Bird,TRA,North_Island_Brown_Kiwi/bAptMan1_alt,81,906550,89.34973250234405
Bird,TRB,North_Island_Brown_Kiwi/bAptMan1_alt,5,57231,87.36523911865947
Bird,TRG,North_Island_Brown_Kiwi/bAptMan1_alt,3,12886,232.81080242123235
Bird,IGH,North_Island_Brown_Kiwi/bAptMan1_pri,70,28751,2434.6979235504855
Bird,IGL,North_Island_Brown_Kiwi/bAptMan1_pri,26,34472,754.2353214202831
Bird,TRA,North_Island_Brown_Kiwi/bAptMan1_pri,67,835795,80.16319791336393
Bird,TRB,North_Island_Brown_Kiwi/bAptMan1_pri,5,57231,87.36523911865947
Bird,TRG,North_Island_Brown_Kiwi/bAptMan1_pri,3,12888,232.77467411545624
Bird,IGH,Northern_Gannet/bMorBas2_alt,117,64060,1826.4127380580703
Bird,IGL,Northern_Gannet/bMorBas2_alt,20,27603,724.5589247545557
Bird,TRA,Northern_Gannet/bMorBas2_alt,39,964182,40.44879493705545
Bird,TRB,Northern_Gannet/bMorBas2_alt,3,56511,53.08700960874874
Bird,TRG,Northern_Gannet/bMorBas2_alt,6,16025,374.41497659906395
Bird,IGH,Northern_Gannet/bMorBas2_pri,66,36550,1805.7455540355677
Bird,IGL,Northern_Gannet/bMorBas2_pri,63,62185,1013.1060545147544
Bird,TRA,Northern_Gannet/bMorBas2_pri,43,1017173,42.27402811517804
Bird,TRB,Northern_Gannet/bMorBas2_pri,5,84686,59.041636161821316
Bird,TRG,Northern_Gannet/bMorBas2_pri,6,16025,374.41497659906395
Bird,IGH,RedBilled_Tropicbird/bPhaAeh10_pri,18,13863,1298.4202553559835
Bird,IGL,RedBilled_Tropicbird/bPhaAeh10_pri,19,21566,881.0164147268849
Bird,TRA,RedBilled_Tropicbird/bPhaAeh10_pri,14,667792,20.96461173539066
Bird,TRB,RedBilled_Tropicbird/bPhaAeh10_pri,2,31818,62.857502042868816
Bird,TRG,RedBilled_Tropicbird/bPhaAeh10_pri,5,11306,442.2430567840085
Bird,IGH,RedCrested_Turaco/bTauEry1_alt,48,34320,1398.6013986013984
Bird,IGL,RedCrested_Turaco/bTauEry1_alt,19,18356,1035.083896273698
Bird,TRA,RedCrested_Turaco/bTauEry1_alt,3,45966,65.26563111865292
Bird,TRB,RedCrested_Turaco/bTauEry1_alt,11,46749,235.299150783974
Bird,TRG,RedCrested_Turaco/bTauEry1_alt,11,43769,251.31942699170645
Bird,IGH,RedCrested_Turaco/bTauEry1_pri,49,38425,1275.2114508783343
Bird,IGL,RedCrested_Turaco/bTauEry1_pri,20,17945,1114.5165784341043
Bird,TRA,RedCrested_Turaco/bTauEry1_pri,45,1236015,36.40732515382095
Bird,TRB,RedCrested_Turaco/bTauEry1_pri,16,98360,162.6677511183408
Bird,TRG,RedCrested_Turaco/bTauEry1_pri,16,64575,247.7739063104917
Bird,IGH,RedLegged_Seriema/bCarCri1_alt,12,7527,1594.2606616181747
Bird,IGL,RedLegged_Seriema/bCarCri1_alt,26,26059,997.735906980314
Bird,TRA,RedLegged_Seriema/bCarCri1_alt,16,241804,66.16929413905477
Bird,TRB,RedLegged_Seriema/bCarCri1_alt,7,52402,133.5826876836762
Bird,IGH,RedLegged_Seriema/bCarCri1_pri,53,37205,1424.5397124042468
Bird,IGL,RedLegged_Seriema/bCarCri1_pri,24,26209,915.7159754282881
Bird,TRA,RedLegged_Seriema/bCarCri1_pri,5,110070,45.42563823021713
Bird,TRB,RedLegged_Seriema/bCarCri1_pri,12,153760,78.04370447450572
Bird,TRG,RedLegged_Seriema/bCarCri1_pri,7,12208,573.394495412844
Bird,IGH,RedThroated_Loon/bGavSte3_alt,19,11586,1639.9102364923183
Bird,IGL,RedThroated_Loon/bGavSte3_alt,20,20321,984.2035332906846
Bird,TRA,RedThroated_Loon/bGavSte3_alt,50,989779,50.516327382173195
Bird,TRB,RedThroated_Loon/bGavSte3_alt,4,51657,77.43384246084752
Bird,TRG,RedThroated_Loon/bGavSte3_alt,4,10620,376.64783427495297
Bird,IGH,RedThroated_Loon/bGavSte3_pri,55,25935,2120.686331212647
Bird,IGL,RedThroated_Loon/bGavSte3_pri,18,20309,886.3065635924959
Bird,TRA,RedThroated_Loon/bGavSte3_pri,49,1052279,46.56559714676431
Bird,TRB,RedThroated_Loon/bGavSte3_pri,4,51655,77.43684057690446
Bird,TRG,RedThroated_Loon/bGavSte3_pri,4,10638,376.01052829479227
Bird,IGH,Rifleman/bAcaChl1_alt,115,84762,1356.740048606687
Bird,IGL,Rifleman/bAcaChl1_alt,28,25881,1081.8747343611142
Bird,TRA,Rifleman/bAcaChl1_alt,20,43079,464.26333016086727
Bird,TRB,Rifleman/bAcaChl1_alt,4,38220,104.65724751439038
Bird,TRG,Rifleman/bAcaChl1_alt,3,43245,69.3721817551162
Bird,IGH,Rifleman/bAcaChl1_pri,136,98681,1378.1781700631327
Bird,IGL,Rifleman/bAcaChl1_pri,73,69928,1043.9309003546505
Bird,TRA,Rifleman/bAcaChl1_pri,24,52936,453.37766359377366
Bird,TRB,Rifleman/bAcaChl1_pri,3,35186,85.26118342522594
Bird,TRG,Rifleman/bAcaChl1_pri,8,181944,43.969573055445636
Bird,IGH,Speckled_Mousebird/bColStr4_alt,54,34037,1586.5087992478775
Bird,IGL,Speckled_Mousebird/bColStr4_alt,17,17720,959.3679458239278
Bird,TRA,Speckled_Mousebird/bColStr4_alt,4,725596,5.512709551871841
Bird,TRB,Speckled_Mousebird/bColStr4_alt,2,26006,76.90532953933707
Bird,TRG,Speckled_Mousebird/bColStr4_alt,5,10367,482.2996045143243
Bird,IGL,Speckled_Mousebird/bColStr4_pri,17,17664,962.4094202898551
Bird,TRA,Speckled_Mousebird/bColStr4_pri,12,88849858,0.13505930420282722
Bird,TRB,Speckled_Mousebird/bColStr4_pri,2,26008,76.89941556444171
Bird,TRG,Speckled_Mousebird/bColStr4_pri,5,10367,482.2996045143243
Bird,IGL,Surucua_Trogon/bTroSur1_alt,22,28912,760.9297177642501
Bird,TRA,Surucua_Trogon/bTroSur1_alt,12,77264,155.31165872851523
Bird,TRG,Surucua_Trogon/bTroSur1_alt,3,9791,306.4038402614646
Bird,IGH,Surucua_Trogon/bTroSur1_pri,181,93323,1939.500444692091
Bird,IGL,Surucua_Trogon/bTroSur1_pri,23,29670,775.1937984496125
Bird,TRA,Surucua_Trogon/bTroSur1_pri,31,564261,54.93911505491253
Bird,TRB,Surucua_Trogon/bTroSur1_pri,3,46411,64.63984831182263
Bird,TRG,Surucua_Trogon/bTroSur1_pri,3,9791,306.4038402614646
Bird,IGH,Tawny_Frogmouth/bPodStr1_alt,2,25,80000.0
Bird,IGL,Tawny_Frogmouth/bPodStr1_alt,9,8191,1098.7669393236479
Bird,TRA,Tawny_Frogmouth/bPodStr1_alt,21,256934,81.73305206784622
Bird,TRB,Tawny_Frogmouth/bPodStr1_alt,4,24724,161.78611875101117
Bird,TRG,Tawny_Frogmouth/bPodStr1_alt,5,9828,508.75050875050874
Bird,IGH,Tawny_Frogmouth/bPodStr1_pri,16,7223,2215.14606119341
Bird,IGL,Tawny_Frogmouth/bPodStr1_pri,16,17064,937.6465072667605
Bird,TRA,Tawny_Frogmouth/bPodStr1_pri,26,350194,74.24456158586383
Bird,TRB,Tawny_Frogmouth/bPodStr1_pri,4,24892,160.69419893941827
Bird,TRG,Tawny_Frogmouth/bPodStr1_pri,5,9778,511.352014726938
Bird,IGH,Whiskered_Treeswift/bHemCom1_alt,16,12534,1276.527844263603
Bird,IGL,Whiskered_Treeswift/bHemCom1_alt,16,12627,1267.1259998416094
Bird,TRA,Whiskered_Treeswift/bHemCom1_alt,18,240647,74.79835609835153
Bird,TRB,Whiskered_Treeswift/bHemCom1_alt,3,56437,53.156617112886934
Bird,TRG,Whiskered_Treeswift/bHemCom1_alt,4,8783,455.4252533302972
Bird,IGH,Whiskered_Treeswift/bHemCom1_pri,68,45157,1505.857342161791
Bird,IGL,Whiskered_Treeswift/bHemCom1_pri,16,12751,1254.8035448200142
Bird,TRA,Whiskered_Treeswift/bHemCom1_pri,24,370404,64.79411669420416
Bird,TRB,Whiskered_Treeswift/bHemCom1_pri,3,56488,53.10862484067413
Bird,TRG,Whiskered_Treeswift/bHemCom1_pri,4,8786,455.2697473252902
Bird,IGL,YellowThroated_Sandgrouse/bPteGut1_alt,15,15566,963.6386997301812
Bird,TRA,YellowThroated_Sandgrouse/bPteGut1_alt,15,103683,144.6717398223431
Bird,TRB,YellowThroated_Sandgrouse/bPteGut1_alt,3,58297,51.46062404583426
Bird,TRG,YellowThroated_Sandgrouse/bPteGut1_alt,3,3658,820.1202843083653
Bird,IGL,YellowThroated_Sandgrouse/bPteGut1_pri,17,18377,925.0693802035153
Bird,TRA,YellowThroated_Sandgrouse/bPteGut1_pri,33,323117,102.13018813618596
Bird,TRB,YellowThroated_Sandgrouse/bPteGut1_pri,3,58439,51.33558069097692
Bird,TRG,YellowThroated_Sandgrouse/bPteGut1_pri,4,7217,554.2469170015241
Bird,IGH,Little_Owl/bAthNoc1_pri,35,20726,1688.7001833445913
Bird,IGL,Little_Owl/bAthNoc1_pri,32,42632,750.6098705197973
Bird,TRA,Little_Owl/bAthNoc1_pri,54,678054,79.63967471617305
Bird,TRB,Little_Owl/bAthNoc1_pri,4,81495,49.08276581385361
Bird,TRG,Little_Owl/bAthNoc1_pri,5,11020,453.7205081669691
Bird,IGH,Spotted_Owl/bStriOcc1_alt,39,22030,1770.3132092600997
Bird,IGL,Spotted_Owl/bStriOcc1_alt,29,30993,935.6951569709289
Bird,TRA,Spotted_Owl/bStriOcc1_alt,49,675883,72.49775478892056
Bird,TRB,Spotted_Owl/bStriOcc1_alt,4,79017,50.62201804674943
Bird,TRG,Spotted_Owl/bStriOcc1_alt,5,9934,503.32192470304005
Bird,IGH,Spotted_Owl/bStriOcc1_pri,39,22030,1770.3132092600997
Bird,IGL,Spotted_Owl/bStriOcc1_pri,28,29648,944.4144630329196
Bird,TRA,Spotted_Owl/bStriOcc1_pri,50,683352,73.16873295168523
Bird,TRB,Spotted_Owl/bStriOcc1_pri,4,79017,50.62201804674943
Bird,TRG,Spotted_Owl/bStriOcc1_pri,5,9934,503.32192470304005
Bird,IGH,Tawny_Owl/bStrAlu1_alt,104,47104,2207.8804347826085
Bird,IGL,Tawny_Owl/bStrAlu1_alt,24,30191,794.9388890729025
Bird,TRA,Tawny_Owl/bStrAlu1_alt,67,893019,75.02639921435042
Bird,TRB,Tawny_Owl/bStrAlu1_alt,4,74797,53.478080671684694
Bird,TRG,Tawny_Owl/bStrAlu1_alt,5,9937,503.1699708161417
Bird,IGH,Tawny_Owl/bStrAlu1_pri,86,48790,1762.656282025005
Bird,IGL,Tawny_Owl/bStrAlu1_pri,25,32051,780.0068640604037
Bird,TRA,Tawny_Owl/bStrAlu1_pri,69,917886,75.17273386891183
Bird,TRB,Tawny_Owl/bStrAlu1_pri,4,74792,53.48165579206332
Bird,TRG,Tawny_Owl/bStrAlu1_pri,5,9942,502.91691812512573
Bird,IGH,BlueAndGold_Macaw/bAraAra1_alt,17,10375,1638.55421686747
Bird,IGL,BlueAndGold_Macaw/bAraAra1_alt,13,15889,818.1760966706527
Bird,TRA,BlueAndGold_Macaw/bAraAra1_alt,16,31685,504.9708063752565
Bird,TRB,BlueAndGold_Macaw/bAraAra1_alt,11,30258,363.5402207680613
Bird,IGH,BlueAndGold_Macaw/bAraAra1_pri,19,10291,1846.2734428141096
Bird,IGL,BlueAndGold_Macaw/bAraAra1_pri,14,17166,815.5656530350693
Bird,TRA,BlueAndGold_Macaw/bAraAra1_pri,22,42707,515.1380335776336
Bird,TRB,BlueAndGold_Macaw/bAraAra1_pri,13,34431,377.566727658215
Bird,IGH,Budgerigar/bMelUnd1_pri,24,12267,1956.4685742235265
Bird,IGL,Budgerigar/bMelUnd1_pri,20,23985,833.8544923910778
Bird,TRA,Budgerigar/bMelUnd1_pri,8,13885,576.1613251710479
Bird,TRB,Budgerigar/bMelUnd1_pri,8,14457,553.3651518295635
Bird,IGH,Golden_Parakeet/bGuaGua1_alt,17,8169,2081.0380707552945
Bird,IGL,Golden_Parakeet/bGuaGua1_alt,13,15065,862.92731496847
Bird,TRA,Golden_Parakeet/bGuaGua1_alt,11,21517,511.2236835990147
Bird,TRB,Golden_Parakeet/bGuaGua1_alt,9,23665,380.30847242763576
Bird,IGH,Golden_Parakeet/bGuaGua1_pri,15,8272,1813.3462282398452
Bird,IGL,Golden_Parakeet/bGuaGua1_pri,17,18700,909.090909090909
Bird,TRA,Golden_Parakeet/bGuaGua1_pri,12,22950,522.875816993464
Bird,TRB,Golden_Parakeet/bGuaGua1_pri,9,23668,380.2602670272097
Bird,IGH,Kakapo/bStrHab1_pri,49,195352,250.8292722879725
Bird,IGL,Kakapo/bStrHab1_pri,19,22576,841.6017009213324
Bird,TRA,Kakapo/bStrHab1_pri,8,21845,366.21652552071413
Bird,TRB,Kakapo/bStrHab1_pri,4,12050,331.9502074688797
Bird,IGH,Mauritius_Parakeet/bPsiEch3_alt,25,16522,1513.134003147319
Bird,IGL,Mauritius_Parakeet/bPsiEch3_alt,9,11393,789.9587465987887
Bird,TRA,Mauritius_Parakeet/bPsiEch3_alt,8,16908,473.14880529926666
Bird,IGH,Mauritius_Parakeet/bPsiEch3_pri,23,16216,1418.3522446965958
Bird,IGL,Mauritius_Parakeet/bPsiEch3_pri,13,15603,833.1731077356918
Bird,TRA,Mauritius_Parakeet/bPsiEch3_pri,12,24477,490.2561588429955
Bird,TRB,Mauritius_Parakeet/bPsiEch3_pri,6,16488,363.901018922853
Bird,IGL,Swift_Parrot/bLatDis1_alt,12,16245,738.6888273314867
Bird,TRA,Swift_Parrot/bLatDis1_alt,10,20071,498.2312789596931
Bird,TRB,Swift_Parrot/bLatDis1_alt,7,17078,409.88406136549946
Bird,TRG,Swift_Parrot/bLatDis1_alt,2,3711,538.9382915656157
Bird,IGH,Swift_Parrot/bLatDis1_pri,14,7586,1845.5048774057475
Bird,IGL,Swift_Parrot/bLatDis1_pri,13,15654,830.4586687108725
Bird,TRA,Swift_Parrot/bLatDis1_pri,27,54619,494.3334736996283
Bird,TRB,Swift_Parrot/bLatDis1_pri,8,18304,437.06293706293707
Bird,TRG,Swift_Parrot/bLatDis1_pri,2,3711,538.9382915656157
Bird,IGH,YellowCrowned_Amazon/bAmaOch1_alt,39,17138,2275.644766017038
Bird,IGL,YellowCrowned_Amazon/bAmaOch1_alt,17,22557,753.6463182160749
Bird,TRA,YellowCrowned_Amazon/bAmaOch1_alt,12,23799,504.22286650699607
Bird,TRB,YellowCrowned_Amazon/bAmaOch1_alt,14,48856,286.5564106762732
Bird,TRG,YellowCrowned_Amazon/bAmaOch1_alt,2,3730,536.1930294906166
Bird,IGH,YellowCrowned_Amazon/bAmaOch1_pri,21,9894,2122.4984839296544
Bird,IGL,YellowCrowned_Amazon/bAmaOch1_pri,14,19064,734.3684431389005
Bird,TRA,YellowCrowned_Amazon/bAmaOch1_pri,10,20028,499.3009786299181
Bird,TRB,YellowCrowned_Amazon/bAmaOch1_pri,14,45237,309.4811769127042
Bird,TRG,YellowCrowned_Amazon/bAmaOch1_pri,2,3708,539.3743257820928
Bird,IGH,BlackHeaded_Gull/bChrRid1_alt,205,83112,2466.551159880643
Bird,IGL,BlackHeaded_Gull/bChrRid1_alt,24,26058,921.0223347916186
Bird,TRA,BlackHeaded_Gull/bChrRid1_alt,87,776232,112.07989364004575
Bird,TRB,BlackHeaded_Gull/bChrRid1_alt,31,163435,189.6778535809343
Bird,TRG,BlackHeaded_Gull/bChrRid1_alt,80,112089,713.7185629276736
Bird,IGH,BlackHeaded_Gull/bChrRid1_pri,165,65607,2514.9755361470575
Bird,IGL,BlackHeaded_Gull/bChrRid1_pri,24,26056,921.09303039607
Bird,TRA,BlackHeaded_Gull/bChrRid1_pri,109,1040674,104.73981285205548
Bird,TRB,BlackHeaded_Gull/bChrRid1_pri,24,132940,180.53257108469987
Bird,TRG,BlackHeaded_Gull/bChrRid1_pri,142,189097,750.9373496142192
Bird,IGH,BlackLegged_Kittiwake/bRisTri1_alt,77,35530,2167.1826625387
Bird,IGL,BlackLegged_Kittiwake/bRisTri1_alt,25,27715,902.0386072523904
Bird,TRA,BlackLegged_Kittiwake/bRisTri1_alt,73,695065,105.02614863358103
Bird,TRB,BlackLegged_Kittiwake/bRisTri1_alt,40,238599,167.64529608254853
Bird,TRG,BlackLegged_Kittiwake/bRisTri1_alt,13,24218,536.7908167478735
Bird,IGH,BlackLegged_Kittiwake/bRisTri1_pri,75,32035,2341.1893241766816
Bird,IGL,BlackLegged_Kittiwake/bRisTri1_pri,29,31691,915.0863021046986
Bird,TRA,BlackLegged_Kittiwake/bRisTri1_pri,72,696728,103.34018440481795
Bird,TRB,BlackLegged_Kittiwake/bRisTri1_pri,39,231671,168.34217489457032
Bird,TRG,BlackLegged_Kittiwake/bRisTri1_pri,13,24168,537.9013571665012
Bird,IGH,Common_Tern/bSteHir1_alt,265,139103,1905.0631546408056
Bird,IGL,Common_Tern/bSteHir1_alt,31,34076,909.7311891067026
Bird,TRA,Common_Tern/bSteHir1_alt,39,333401,116.97625382047444
Bird,TRB,Common_Tern/bSteHir1_alt,28,189110,148.06197451218867
Bird,TRG,Common_Tern/bSteHir1_alt,29,94912,305.54619015509104
Bird,IGH,Common_Tern/bSteHir1_pri,205,101383,2022.035252458499
Bird,IGL,Common_Tern/bSteHir1_pri,37,43022,860.0251034354517
Bird,TRA,Common_Tern/bSteHir1_pri,52,461886,112.58189250161294
Bird,TRB,Common_Tern/bSteHir1_pri,39,230325,169.3259524584826
Bird,TRG,Common_Tern/bSteHir1_pri,36,116466,309.1030858791407
Bird,IGH,Eurasian_Curlew/bNumArq3_pri,214,94347,2268.2226249907258
Bird,IGL,Eurasian_Curlew/bNumArq3_pri,18,16867,1067.1725855220252
Bird,TRA,Eurasian_Curlew/bNumArq3_pri,91,923132,98.57745154539113
Bird,TRB,Eurasian_Curlew/bNumArq3_pri,24,129531,185.28383166963891
Bird,TRG,Eurasian_Curlew/bNumArq3_pri,5,17099,292.4147610971402
Bird,IGH,European_Golden_Plover/bPluApr1_alt,84,32995,2545.840278830126
Bird,IGL,European_Golden_Plover/bPluApr1_alt,43,41591,1033.8775215791877
Bird,TRA,European_Golden_Plover/bPluApr1_alt,20,236158,84.68906410115261
Bird,TRB,European_Golden_Plover/bPluApr1_alt,9,144934,62.09723046352132
Bird,TRG,European_Golden_Plover/bPluApr1_alt,9,30391,296.140304695469
Bird,IGH,European_Golden_Plover/bPluApr1_pri,104,40844,2546.2736264812456
Bird,IGL,European_Golden_Plover/bPluApr1_pri,57,56334,1011.8223452976888
Bird,TRA,European_Golden_Plover/bPluApr1_pri,20,235354,84.97837300407046
Bird,TRB,European_Golden_Plover/bPluApr1_pri,11,163254,67.37966604187339
Bird,TRG,European_Golden_Plover/bPluApr1_pri,9,30629,293.8391720265108
Bird,IGH,Herring_Gull/bLarArg3_pri,222,89181,2489.3194738789653
Bird,IGL,Herring_Gull/bLarArg3_pri,28,30741,910.835691747178
Bird,TRA,Herring_Gull/bLarArg3_pri,83,841626,98.61862632570762
Bird,TRB,Herring_Gull/bLarArg3_pri,53,302231,175.36255380817983
Bird,TRG,Herring_Gull/bLarArg3_pri,19,41254,460.5614001066563
Bird,IGH,Lesser_BlackBacked_Gull/bLarFus1_alt,161,109141,1475.1559908741901
Bird,IGL,Lesser_BlackBacked_Gull/bLarFus1_alt,46,53437,860.8267679697589
Bird,TRA,Lesser_BlackBacked_Gull/bLarFus1_alt,62,569051,108.95332755763543
Bird,TRB,Lesser_BlackBacked_Gull/bLarFus1_alt,44,254832,172.66277390594587
Bird,TRG,Lesser_BlackBacked_Gull/bLarFus1_alt,17,38739,438.83424972250185
Bird,IGH,Lesser_BlackBacked_Gull/bLarFus1_pri,94,65909,1426.2088637363638
Bird,IGL,Lesser_BlackBacked_Gull/bLarFus1_pri,45,50791,885.983737276289
Bird,TRA,Lesser_BlackBacked_Gull/bLarFus1_pri,89,828860,107.37639649639263
Bird,TRB,Lesser_BlackBacked_Gull/bLarFus1_pri,41,254083,161.36459345961754
Bird,TRG,Lesser_BlackBacked_Gull/bLarFus1_pri,24,56923,421.6221913813397
Bird,IGH,Northern_Lapwing/bVanVan1_pri,22,13910,1581.5959741193385
Bird,IGL,Northern_Lapwing/bVanVan1_pri,25,28336,882.2699040090345
Bird,TRA,Northern_Lapwing/bVanVan1_pri,61,778126,78.39347355055608
Bird,TRB,Northern_Lapwing/bVanVan1_pri,15,185748,80.75457070870212
Bird,TRG,Northern_Lapwing/bVanVan1_pri,5,14446,346.11657206147026
Bird,IGL,Razorbill/bAlcTor1_alt,18,19216,936.7194004995837
Bird,TRA,Razorbill/bAlcTor1_alt,11,102013,107.82939429288423
Bird,TRB,Razorbill/bAlcTor1_alt,23,134330,171.22012953175016
Bird,TRG,Razorbill/bAlcTor1_alt,29,54290,534.1683551298582
Bird,IGH,Razorbill/bAlcTor1_pri,82,36488,2247.314185485639
Bird,IGL,Razorbill/bAlcTor1_pri,18,19214,936.8169043405851
Bird,TRA,Razorbill/bAlcTor1_pri,52,762950,68.15649780457434
Bird,TRB,Razorbill/bAlcTor1_pri,32,182765,175.08822805241704
Bird,TRG,Razorbill/bAlcTor1_pri,3,3196,938.6733416770963
Bird,IGH,Snowy_Plover/bChaNiv1_alt,52,27982,1858.3375026802944
Bird,IGL,Snowy_Plover/bChaNiv1_alt,41,42157,972.5549730768319
Bird,TRA,Snowy_Plover/bChaNiv1_alt,51,723152,70.52459234019958
Bird,TRB,Snowy_Plover/bChaNiv1_alt,14,143967,97.24450742183971
Bird,TRG,Snowy_Plover/bChaNiv1_alt,22,184338,119.34598400763814
Bird,IGH,Snowy_Plover/bChaNiv1_pri,35,18863,1855.4842813974446
Bird,IGL,Snowy_Plover/bChaNiv1_pri,41,42597,962.5090968847571
Bird,TRA,Snowy_Plover/bChaNiv1_pri,60,849874,70.59870051325255
Bird,TRB,Snowy_Plover/bChaNiv1_pri,13,149677,86.85369161594633
Bird,TRG,Snowy_Plover/bChaNiv1_pri,45,327523,137.39493104301073
Bird,IGH,YellowLegged_Gull/bLarMic1_alt,284,122632,2315.8718768347576
Bird,IGL,YellowLegged_Gull/bLarMic1_alt,26,28568,910.1092131055727
Bird,TRA,YellowLegged_Gull/bLarMic1_alt,29,262018,110.67941897121572
Bird,TRB,YellowLegged_Gull/bLarMic1_alt,36,218211,164.9779342013006
Bird,TRG,YellowLegged_Gull/bLarMic1_alt,39,105898,368.2789098944267
Bird,IGH,YellowLegged_Gull/bLarMic1_pri,159,67892,2341.9548694986156
Bird,IGL,YellowLegged_Gull/bLarMic1_pri,34,41052,828.2178700185132
Bird,TRA,YellowLegged_Gull/bLarMic1_pri,89,849663,104.74741162084263
Bird,TRB,YellowLegged_Gull/bLarMic1_pri,61,381100,160.0629755969562
Bird,TRG,YellowLegged_Gull/bLarMic1_pri,30,86769,345.7456003872351
Bird,IGL,Barn_Swallow/bHirRus1_alt,23,20942,1098.2714162926177
Bird,TRA,Barn_Swallow/bHirRus1_alt,14,62503,223.98924851607123
Bird,TRB,Barn_Swallow/bHirRus1_alt,6,53515,112.11809772960852
Bird,TRG,Barn_Swallow/bHirRus1_alt,2,11265,177.5410563692854
Bird,IGL,Barn_Swallow/bHirRus1_pri,23,20944,1098.1665393430098
Bird,TRA,Barn_Swallow/bHirRus1_pri,22,81595,269.6243642380048
Bird,TRB,Barn_Swallow/bHirRus1_pri,21,99976,210.05041209890373
Bird,TRG,Barn_Swallow/bHirRus1_pri,2,11276,177.36786094359704
Bird,IGH,Bells_Sparrow/bArtBel1_alt,70,26907,2601.553499089456
Bird,IGL,Bells_Sparrow/bArtBel1_alt,7,6071,1153.0225662987975
Bird,TRA,Bells_Sparrow/bArtBel1_alt,34,75097,452.7477795384636
Bird,TRB,Bells_Sparrow/bArtBel1_alt,15,92367,162.39566078794374
Bird,TRG,Bells_Sparrow/bArtBel1_alt,2,10304,194.09937888198758
Bird,IGH,Bells_Sparrow/bArtBel1_pri,111,41991,2643.4235907694506
Bird,IGL,Bells_Sparrow/bArtBel1_pri,21,19930,1053.6879076768691
Bird,TRA,Bells_Sparrow/bArtBel1_pri,20,49422,404.67807858848283
Bird,TRB,Bells_Sparrow/bArtBel1_pri,9,64754,138.98755289248538
Bird,TRG,Bells_Sparrow/bArtBel1_pri,2,10292,194.32568985619898
Bird,IGH,Bengalese_Finch/bLonStr1_alt,59,33739,1748.718100714307
Bird,IGL,Bengalese_Finch/bLonStr1_alt,23,20803,1105.609767821949
Bird,TRA,Bengalese_Finch/bLonStr1_alt,49,148271,330.47595281612723
Bird,TRB,Bengalese_Finch/bLonStr1_alt,15,78608,190.82027274577652
Bird,TRG,Bengalese_Finch/bLonStr1_alt,2,4114,486.14487117160917
Bird,IGH,Bengalese_Finch/bLonStr1_pri,94,44678,2103.943775459958
Bird,IGL,Bengalese_Finch/bLonStr1_pri,21,19979,1051.103658841784
Bird,TRA,Bengalese_Finch/bLonStr1_pri,26,80121,324.5091798654535
Bird,TRB,Bengalese_Finch/bLonStr1_pri,15,78608,190.82027274577652
Bird,TRG,Bengalese_Finch/bLonStr1_pri,2,4124,484.96605237633366
Bird,IGH,BlackCapped_Chickadee/bPoeAtr1_alt,201,88443,2272.650181472813
Bird,IGL,BlackCapped_Chickadee/bPoeAtr1_alt,17,18869,900.9486459271822
Bird,TRA,BlackCapped_Chickadee/bPoeAtr1_alt,23,88194,260.78871578565435
Bird,TRB,BlackCapped_Chickadee/bPoeAtr1_alt,7,59782,117.09210130139506
Bird,TRG,BlackCapped_Chickadee/bPoeAtr1_alt,2,3084,648.5084306095979
Bird,IGH,BlackCapped_Chickadee/bPoeAtr1_pri,169,72792,2321.68370150566
Bird,IGL,BlackCapped_Chickadee/bPoeAtr1_pri,18,18854,954.7045719741169
Bird,TRA,BlackCapped_Chickadee/bPoeAtr1_pri,27,93426,288.99877978292983
Bird,TRB,BlackCapped_Chickadee/bPoeAtr1_pri,7,72133,97.04296230574079
Bird,TRG,BlackCapped_Chickadee/bPoeAtr1_pri,2,3082,648.9292667099286
Bird,IGH,Blue_Jay/bCyaCrs1_alt,190,87972,2159.7781112172056
Bird,IGL,Blue_Jay/bCyaCrs1_alt,133,148659,894.6649715119837
Bird,TRA,Blue_Jay/bCyaCrs1_alt,43,163426,263.1160280493924
Bird,TRB,Blue_Jay/bCyaCrs1_alt,10,105400,94.87666034155599
Bird,TRG,Blue_Jay/bCyaCrs1_alt,2,11575,172.78617710583154
Bird,IGH,Blue_Jay/bCyaCrs1_pri,189,79255,2384.7075894265345
Bird,IGL,Blue_Jay/bCyaCrs1_pri,102,109381,932.5202731735859
Bird,TRA,Blue_Jay/bCyaCrs1_pri,40,155153,257.81003267742165
Bird,TRB,Blue_Jay/bCyaCrs1_pri,10,92143,108.52696352408756
Bird,TRG,Blue_Jay/bCyaCrs1_pri,2,11581,172.69665831966154
Bird,IGH,California_Scrub_Jay/bAphCal1_alt,97,41661,2328.316651064545
Bird,IGL,California_Scrub_Jay/bAphCal1_alt,58,74041,783.3497656703719
Bird,TRA,California_Scrub_Jay/bAphCal1_alt,36,142330,252.93332396543244
Bird,TRB,California_Scrub_Jay/bAphCal1_alt,12,94626,126.81504026377529
Bird,TRG,California_Scrub_Jay/bAphCal1_alt,2,11715,170.72129748186086
Bird,IGH,California_Scrub_Jay/bAphCal1_pri,107,45337,2360.103226944879
Bird,IGL,California_Scrub_Jay/bAphCal1_pri,126,147604,853.6354028346115
Bird,TRA,California_Scrub_Jay/bAphCal1_pri,32,129149,247.7758248224918
Bird,TRB,California_Scrub_Jay/bAphCal1_pri,10,87039,114.89102586196991
Bird,TRG,California_Scrub_Jay/bAphCal1_pri,2,11718,170.67759003242875
Bird,IGL,Chestnut_seedeater/bSpoCin1_alt,24,24466,980.9531594866345
Bird,TRA,Chestnut_seedeater/bSpoCin1_alt,16,36368,439.9472063352398
Bird,TRB,Chestnut_seedeater/bSpoCin1_alt,29,130938,221.4788678611251
Bird,TRG,Chestnut_seedeater/bSpoCin1_alt,3,10110,296.7359050445104
Bird,IGH,Chestnut_seedeater/bSpoCin2_alt,104,43746,2377.360215791158
Bird,IGL,Chestnut_seedeater/bSpoCin2_alt,24,24389,984.0501865595145
Bird,TRA,Chestnut_seedeater/bSpoCin2_alt,25,59208,422.24023780570195
Bird,TRB,Chestnut_seedeater/bSpoCin2_alt,17,90222,188.42410941898873
Bird,TRG,Chestnut_seedeater/bSpoCin2_alt,2,10210,195.8863858961802
Bird,IGH,Chestnut_seedeater/bSpoCin3_pri,222,91703,2420.8586414839206
Bird,IGL,Chestnut_seedeater/bSpoCin3_pri,25,26241,952.7075949849471
Bird,TRA,Chestnut_seedeater/bSpoCin3_pri,15,35291,425.03754498314015
Bird,TRB,Chestnut_seedeater/bSpoCin3_pri,25,117612,212.5633438764752
Bird,TRG,Chestnut_seedeater/bSpoCin3_pri,3,10104,296.91211401425176
Bird,IGH,Chestnut_seedeater/bSpoCin4_pri,456,194070,2349.6676456948526
Bird,IGL,Chestnut_seedeater/bSpoCin4_pri,24,24509,979.2321188134971
Bird,TRA,Chestnut_seedeater/bSpoCin4_pri,14,31170,449.1498235482836
Bird,TRB,Chestnut_seedeater/bSpoCin4_pri,43,187293,229.58679715739513
Bird,TRG,Chestnut_seedeater/bSpoCin4_pri,3,10135,296.0039467192896
Bird,IGH,Common_Chaffinch/bFriCoe1_alt,67,30033,2230.8793660306997
Bird,IGL,Common_Chaffinch/bFriCoe1_alt,24,20445,1173.881144534116
Bird,TRA,Common_Chaffinch/bFriCoe1_alt,31,99377,311.9434074282782
Bird,TRB,Common_Chaffinch/bFriCoe1_alt,28,224898,124.50088484557445
Bird,TRG,Common_Chaffinch/bFriCoe1_alt,3,9167,327.2608268790226
Bird,IGH,Common_Chaffinch/bFriCoe1_pri,18,12263,1467.8300578977412
Bird,IGL,Common_Chaffinch/bFriCoe1_pri,24,20455,1173.3072598386702
Bird,TRA,Common_Chaffinch/bFriCoe1_pri,25,83055,301.00535789537054
Bird,TRB,Common_Chaffinch/bFriCoe1_pri,22,163256,134.7576811878277
Bird,TRG,Common_Chaffinch/bFriCoe1_pri,2,9332,214.3163309044149
Bird,IGH,Common_Myna/bAcrTri1_alt,50,27220,1836.8846436443791
Bird,IGL,Common_Myna/bAcrTri1_alt,22,21331,1031.3628053068305
Bird,TRA,Common_Myna/bAcrTri1_alt,17,42168,403.14930753177765
Bird,TRB,Common_Myna/bAcrTri1_alt,17,117601,144.5565939065144
Bird,TRG,Common_Myna/bAcrTri1_alt,2,9585,208.65936358894106
Bird,IGH,Common_Myna/bAcrTri1_pri,161,74881,2150.0781239566777
Bird,IGL,Common_Myna/bAcrTri1_pri,24,21314,1126.0204560382847
Bird,TRA,Common_Myna/bAcrTri1_pri,73,228554,319.3993542007578
Bird,TRB,Common_Myna/bAcrTri1_pri,16,104674,152.85553241492633
Bird,TRG,Common_Myna/bAcrTri1_pri,2,9567,209.05194940942823
Bird,IGL,Common_Yellowthroat/bGeoTri1_alt,23,22266,1032.9650588340967
Bird,TRA,Common_Yellowthroat/bGeoTri1_alt,14,29341,477.1480181316247
Bird,TRB,Common_Yellowthroat/bGeoTri1_alt,21,104944,200.1067235859125
Bird,TRG,Common_Yellowthroat/bGeoTri1_alt,3,10226,293.36984158028554
Bird,IGH,Common_Yellowthroat/bGeoTri1_pri,65,25666,2532.5333125535726
Bird,IGL,Common_Yellowthroat/bGeoTri1_pri,23,22268,1032.8722830968206
Bird,TRA,Common_Yellowthroat/bGeoTri1_pri,34,78442,433.4412687080901
Bird,TRB,Common_Yellowthroat/bGeoTri1_pri,12,76071,157.74736759080332
Bird,TRG,Common_Yellowthroat/bGeoTri1_pri,3,10218,293.5995302407516
Bird,IGH,Common_cactus_finch/Scandens_alt,165,76737,2150.201337034286
Bird,IGL,Common_cactus_finch/Scandens_alt,19,17646,1076.7312705428994
Bird,TRA,Common_cactus_finch/Scandens_alt,38,87839,432.6096608567948
Bird,TRB,Common_cactus_finch/Scandens_alt,13,80720,161.05054509415262
Bird,TRG,Common_cactus_finch/Scandens_alt,3,10146,295.6830277942046
Bird,IGH,Common_cactus_finch/Scandens_pri,164,76737,2137.169813779533
Bird,IGL,Common_cactus_finch/Scandens_pri,19,17645,1076.7922924341171
Bird,TRA,Common_cactus_finch/Scandens_pri,24,54348,441.598586884522
Bird,TRB,Common_cactus_finch/Scandens_pri,19,100618,188.833011985927
Bird,TRG,Common_cactus_finch/Scandens_pri,3,10168,295.0432730133753
Bird,IGL,Dark_throated_seedeater/bSpoRuf1_alt,23,22516,1021.4958251909752
Bird,TRA,Dark_throated_seedeater/bSpoRuf1_alt,17,39235,433.2866063463744
Bird,TRB,Dark_throated_seedeater/bSpoRuf1_alt,17,76527,222.14381852156757
Bird,TRG,Dark_throated_seedeater/bSpoRuf1_alt,3,10121,296.41339788558446
Bird,IGL,Dark_throated_seedeater/bSpoRuf2_alt,24,24405,983.4050399508297
Bird,TRA,Dark_throated_seedeater/bSpoRuf2_alt,23,55738,412.64487423301875
Bird,TRB,Dark_throated_seedeater/bSpoRuf2_alt,27,126069,214.16843157318613
Bird,TRG,Dark_throated_seedeater/bSpoRuf2_alt,3,10106,296.8533544429052
Bird,IGH,Dark_throated_seedeater/bSpoRuf3_pri,146,63748,2290.2679299742736
Bird,IGL,Dark_throated_seedeater/bSpoRuf3_pri,24,24563,977.079346985303
Bird,TRA,Dark_throated_seedeater/bSpoRuf3_pri,31,78562,394.5928056821364
Bird,TRB,Dark_throated_seedeater/bSpoRuf3_pri,19,96107,197.69631764595712
Bird,TRG,Dark_throated_seedeater/bSpoRuf3_pri,2,10150,197.04433497536948
Bird,IGH,Dark_throated_seedeater/bSpoRuf4_pri,141,58356,2416.2039893070123
Bird,IGL,Dark_throated_seedeater/bSpoRuf4_pri,29,29780,973.8079247817327
Bird,TRA,Dark_throated_seedeater/bSpoRuf4_pri,15,36423,411.82769129396263
Bird,TRB,Dark_throated_seedeater/bSpoRuf4_pri,19,96843,196.1938395134393
Bird,TRG,Dark_throated_seedeater/bSpoRuf4_pri,3,10217,293.6282666144661
Bird,IGH,Eastern_BlackEared_Wheatear/bOenMel1_pri,197,104589,1883.5632810333782
Bird,IGL,Eastern_BlackEared_Wheatear/bOenMel1_pri,34,28559,1190.517875275745
Bird,TRA,Eastern_BlackEared_Wheatear/bOenMel1_pri,76,225169,337.5242595561556
Bird,TRB,Eastern_BlackEared_Wheatear/bOenMel1_pri,11,67852,162.1175499616813
Bird,IGL,European_Blackcap/bSylAtr1_alt,32,29930,1069.1613765452723
Bird,TRA,European_Blackcap/bSylAtr1_alt,28,88664,315.798971397636
Bird,TRB,European_Blackcap/bSylAtr1_alt,20,162905,122.77094011847396
Bird,IGH,European_Blackcap/bSylAtr1_pri,203,91372,2221.687168935779
Bird,IGL,European_Blackcap/bSylAtr1_pri,38,37827,1004.5734528247019
Bird,TRA,European_Blackcap/bSylAtr1_pri,16,87381,183.1061672445955
Bird,TRB,European_Blackcap/bSylAtr1_pri,24,173420,138.39234229039326
Bird,IGH,European_Robin/bEriRub2_alt,84,43005,1953.2612486920125
Bird,IGL,European_Robin/bEriRub2_alt,27,32736,824.7800586510264
Bird,TRA,European_Robin/bEriRub2_alt,33,82360,400.6799417192812
Bird,TRB,European_Robin/bEriRub2_alt,11,69243,158.86082347674133
Bird,IGH,European_Robin/bEriRub2_pri,358,178647,2003.9519275442633
Bird,IGL,European_Robin/bEriRub2_pri,30,40066,748.7645385114562
Bird,TRA,European_Robin/bEriRub2_pri,45,138209,325.5938469998336
Bird,TRB,European_Robin/bEriRub2_pri,11,70105,156.90749589900864
Bird,TRG,European_Robin/bEriRub2_pri,2,53664,37.26893261776983
Bird,IGH,Florida_scrub_jay/A.coerulescens_AC_1603_72852_pri,99,42883,2308.60714035865
Bird,IGL,Florida_scrub_jay/A.coerulescens_AC_1603_72852_pri,47,46166,1018.065242819391
Bird,TRA,Florida_scrub_jay/A.coerulescens_AC_1603_72852_pri,25,108366,230.6996659468837
Bird,TRB,Florida_scrub_jay/A.coerulescens_AC_1603_72852_pri,12,84420,142.14641080312722
Bird,TRG,Florida_scrub_jay/A.coerulescens_AC_1603_72852_pri,2,11702,170.91095539224062
Bird,IGH,Florida_scrub_jay/A.coerulescens_AC_1603_72872_pri,91,41447,2195.575071778416
Bird,IGL,Florida_scrub_jay/A.coerulescens_AC_1603_72872_pri,47,46141,1018.6168483561257
Bird,TRA,Florida_scrub_jay/A.coerulescens_AC_1603_72872_pri,29,120511,240.6419331015426
Bird,TRB,Florida_scrub_jay/A.coerulescens_AC_1603_72872_pri,12,84424,142.1396759215389
Bird,TRG,Florida_scrub_jay/A.coerulescens_AC_1603_72872_pri,2,11702,170.91095539224062
Bird,IGH,Florida_scrub_jay/A.coerulescens_AC_1713_89780_pri,113,49445,2285.367580139549
Bird,IGL,Florida_scrub_jay/A.coerulescens_AC_1713_89780_pri,89,90886,979.2487291772111
Bird,TRA,Florida_scrub_jay/A.coerulescens_AC_1713_89780_pri,25,108376,230.67837897689526
Bird,TRB,Florida_scrub_jay/A.coerulescens_AC_1713_89780_pri,10,74263,134.6565584476792
Bird,TRG,Florida_scrub_jay/A.coerulescens_AC_1713_89780_pri,2,11702,170.91095539224062
Bird,IGH,Florida_scrub_jay/A.coerulescens_AC_1873_10093_pri,110,49999,2200.0440008800174
Bird,IGL,Florida_scrub_jay/A.coerulescens_AC_1873_10093_pri,47,46166,1018.065242819391
Bird,TRA,Florida_scrub_jay/A.coerulescens_AC_1873_10093_pri,31,123415,251.18502613134547
Bird,TRB,Florida_scrub_jay/A.coerulescens_AC_1873_10093_pri,8,78253,102.23250226828364
Bird,TRG,Florida_scrub_jay/A.coerulescens_AC_1873_10093_pri,2,11716,170.7067258449983
Bird,IGH,Florida_scrub_jay/A.coerulescens_AC_1873_10702_pri,89,39626,2246.0001009438247
Bird,IGL,Florida_scrub_jay/A.coerulescens_AC_1873_10702_pri,47,46166,1018.065242819391
Bird,TRA,Florida_scrub_jay/A.coerulescens_AC_1873_10702_pri,25,105528,236.90394966264878
Bird,TRB,Florida_scrub_jay/A.coerulescens_AC_1873_10702_pri,18,137001,131.385902292684
Bird,TRG,Florida_scrub_jay/A.coerulescens_AC_1873_10702_pri,2,11727,170.54660185895796
Bird,IGH,Florida_scrub_jay/A.coerulescens_AC_1873_10717_pri,129,56058,2301.1880552285133
Bird,IGL,Florida_scrub_jay/A.coerulescens_AC_1873_10717_pri,47,46183,1017.6904921724444
Bird,TRA,Florida_scrub_jay/A.coerulescens_AC_1873_10717_pri,28,116001,241.37722950664218
Bird,TRB,Florida_scrub_jay/A.coerulescens_AC_1873_10717_pri,14,106845,131.03093265945998
Bird,TRG,Florida_scrub_jay/A.coerulescens_AC_1873_10717_pri,2,11714,170.73587160662456
Bird,IGH,Florida_scrub_jay/A.coerulescens_AC_1873_10752_pri,172,74769,2300.418622691222
Bird,IGL,Florida_scrub_jay/A.coerulescens_AC_1873_10752_pri,68,73340,927.1884374147804
Bird,TRA,Florida_scrub_jay/A.coerulescens_AC_1873_10752_pri,29,120517,240.6299526207921
Bird,TRB,Florida_scrub_jay/A.coerulescens_AC_1873_10752_pri,10,74245,134.68920466024647
Bird,TRG,Florida_scrub_jay/A.coerulescens_AC_1873_10752_pri,2,11703,170.8963513628984
Bird,IGH,Florida_scrub_jay/A.coerulescens_AC_1873_10831_pri,107,45755,2338.5422358212218
Bird,IGL,Florida_scrub_jay/A.coerulescens_AC_1873_10831_pri,47,46183,1017.6904921724444
Bird,TRA,Florida_scrub_jay/A.coerulescens_AC_1873_10831_pri,22,95831,229.5708069413864
Bird,TRB,Florida_scrub_jay/A.coerulescens_AC_1873_10831_pri,10,74259,134.66381179385664
Bird,TRG,Florida_scrub_jay/A.coerulescens_AC_1873_10831_pri,2,11716,170.7067258449983
Bird,IGH,Florida_scrub_jay/A.coerulescens_AC_1873_20908_pri,97,42901,2261.019556653691
Bird,IGL,Florida_scrub_jay/A.coerulescens_AC_1873_20908_pri,47,46166,1018.065242819391
Bird,TRA,Florida_scrub_jay/A.coerulescens_AC_1873_20908_pri,31,123423,251.16874488547515
Bird,TRB,Florida_scrub_jay/A.coerulescens_AC_1873_20908_pri,14,94021,148.90290467023326
Bird,TRG,Florida_scrub_jay/A.coerulescens_AC_1873_20908_pri,2,11714,170.73587160662456
Bird,IGH,Florida_scrub_jay/A.coerulescens_AC_1873_20930_pri,101,41693,2422.4689995922577
Bird,IGL,Florida_scrub_jay/A.coerulescens_AC_1873_20930_pri,68,73340,927.1884374147804
Bird,TRA,Florida_scrub_jay/A.coerulescens_AC_1873_20930_pri,31,123433,251.14839629596622
Bird,TRB,Florida_scrub_jay/A.coerulescens_AC_1873_20930_pri,18,137008,131.37918953637745
Bird,TRG,Florida_scrub_jay/A.coerulescens_AC_1873_20930_pri,2,11728,170.53206002728513
Bird,IGH,Florida_scrub_jay/A.coerulescens_AC_1873_20934_pri,174,76446,2276.116474374068
Bird,IGL,Florida_scrub_jay/A.coerulescens_AC_1873_20934_pri,47,46183,1017.6904921724444
Bird,TRA,Florida_scrub_jay/A.coerulescens_AC_1873_20934_pri,22,95782,229.68825040195443
Bird,TRB,Florida_scrub_jay/A.coerulescens_AC_1873_20934_pri,12,109510,109.57903387818465
Bird,TRG,Florida_scrub_jay/A.coerulescens_AC_1873_20934_pri,2,11716,170.7067258449983
Bird,IGH,Florida_scrub_jay/A.coerulescens_AC_1873_20946_pri,124,54573,2272.185879464204
Bird,IGL,Florida_scrub_jay/A.coerulescens_AC_1873_20946_pri,46,46153,996.6849392238857
Bird,TRA,Florida_scrub_jay/A.coerulescens_AC_1873_20946_pri,45,174191,258.33711270961186
Bird,TRB,Florida_scrub_jay/A.coerulescens_AC_1873_20946_pri,12,109517,109.57202991316416
Bird,TRG,Florida_scrub_jay/A.coerulescens_AC_1873_20946_pri,2,11725,170.5756929637527
Bird,IGH,Florida_scrub_jay/A.coerulescens_AC_1873_20954_pri,123,55626,2211.196203214324
Bird,IGL,Florida_scrub_jay/A.coerulescens_AC_1873_20954_pri,47,46183,1017.6904921724444
Bird,TRB,Florida_scrub_jay/A.coerulescens_AC_1873_20954_pri,12,83938,142.96266291786796
Bird,TRG,Florida_scrub_jay/A.coerulescens_AC_1873_20954_pri,2,11713,170.7504482199266
Bird,IGH,Florida_scrub_jay/A.coerulescens_AC_1873_20970_pri,99,41010,2414.0453547915145
Bird,IGL,Florida_scrub_jay/A.coerulescens_AC_1873_20970_pri,89,90886,979.2487291772111
Bird,TRA,Florida_scrub_jay/A.coerulescens_AC_1873_20970_pri,30,120652,248.6490070616318
Bird,TRB,Florida_scrub_jay/A.coerulescens_AC_1873_20970_pri,12,83943,142.9541474572031
Bird,TRG,Florida_scrub_jay/A.coerulescens_AC_1873_20970_pri,2,11702,170.91095539224062
Bird,IGL,Garden_Warbler/bSylBor1_alt,31,28826,1075.4180253937418
Bird,TRA,Garden_Warbler/bSylBor1_alt,34,111357,305.3243172858464
Bird,TRB,Garden_Warbler/bSylBor1_alt,30,194169,154.50458106082846
Bird,TRG,Garden_Warbler/bSylBor1_alt,2,9759,204.93903063838508
Bird,IGH,Garden_Warbler/bSylBor1_pri,129,71199,1811.8231997640416
Bird,IGL,Garden_Warbler/bSylBor1_pri,30,28167,1065.0761529449355
Bird,TRA,Garden_Warbler/bSylBor1_pri,28,119372,234.5608685453875
Bird,TRB,Garden_Warbler/bSylBor1_pri,20,133440,149.8800959232614
Bird,IGL,Grey_and_chestnut_seedeater/bSpoHyp1_alt,23,22452,1024.4076251558881
Bird,TRA,Grey_and_chestnut_seedeater/bSpoHyp1_alt,21,52469,400.2363300234424
Bird,TRB,Grey_and_chestnut_seedeater/bSpoHyp1_alt,23,111769,205.78156733978116
Bird,TRG,Grey_and_chestnut_seedeater/bSpoHyp1_alt,3,10156,295.3918865695156
Bird,IGH,Grey_and_chestnut_seedeater/bSpoHyp2_pri,344,153187,2245.621364737217
Bird,IGL,Grey_and_chestnut_seedeater/bSpoHyp2_pri,24,24414,983.0425165888424
Bird,TRA,Grey_and_chestnut_seedeater/bSpoHyp2_pri,18,42671,421.83215767148647
Bird,TRB,Grey_and_chestnut_seedeater/bSpoHyp2_pri,21,111247,188.76913534747004
Bird,TRG,Grey_and_chestnut_seedeater/bSpoHyp2_pri,2,10170,196.65683382497542
Bird,IGL,Hawaiian_Crow/bCorHaw1_alt,66,65935,1000.9858193675591
Bird,TRA,Hawaiian_Crow/bCorHaw1_alt,4,31155,128.39030653185685
Bird,TRB,Hawaiian_Crow/bCorHaw1_alt,14,100713,139.0088667798596
Bird,TRG,Hawaiian_Crow/bCorHaw1_alt,2,11633,171.92469698272157
Bird,IGH,Hawaiian_Crow/bCorHaw1_pri,124,57496,2156.67176847085
Bird,IGL,Hawaiian_Crow/bCorHaw1_pri,73,81623,894.3557575683325
Bird,TRA,Hawaiian_Crow/bCorHaw1_pri,55,215003,255.8103840411529
Bird,TRB,Hawaiian_Crow/bCorHaw1_pri,24,145638,164.7921558933795
Bird,TRG,Hawaiian_Crow/bCorHaw1_pri,2,11654,171.6148961729878
Bird,IGH,House_Finch/AL_1_alt,112,56022,1999.2145942665381
Bird,IGL,House_Finch/AL_1_alt,27,22693,1189.7942096681795
Bird,TRA,House_Finch/AL_1_alt,23,81737,281.3903128326217
Bird,TRB,House_Finch/AL_1_alt,24,171968,139.56084852995906
Bird,TRG,House_Finch/AL_1_alt,2,9468,211.23785382340515
Bird,IGH,House_Finch/AL_1_pri,109,56022,1945.6642033486844
Bird,IGL,House_Finch/AL_1_pri,27,22719,1188.4325894625645
Bird,TRA,House_Finch/AL_1_pri,31,97869,316.7499412479948
Bird,TRB,House_Finch/AL_1_pri,34,233651,145.51617583489906
Bird,TRG,House_Finch/AL_1_pri,2,9468,211.23785382340515
Bird,IGH,House_Finch/AL_2_alt,118,50799,2322.8803716608595
Bird,IGL,House_Finch/AL_2_alt,27,22721,1188.327978522072
Bird,TRA,House_Finch/AL_2_alt,38,100100,379.62037962037965
Bird,TRB,House_Finch/AL_2_alt,31,219113,141.4795105721705
Bird,TRG,House_Finch/AL_2_alt,2,9468,211.23785382340515
Bird,IGH,House_Finch/AL_2_pri,121,50799,2381.936652296305
Bird,IGL,House_Finch/AL_2_pri,26,22724,1144.1647597254005
Bird,TRA,House_Finch/AL_2_pri,33,84007,392.82440748985204
Bird,TRB,House_Finch/AL_2_pri,27,197480,136.72270609681993
Bird,TRG,House_Finch/AL_2_pri,2,9468,211.23785382340515
Bird,IGH,House_Finch/AZ_1_alt,69,35130,1964.1332194705378
Bird,IGL,House_Finch/AZ_1_alt,26,22708,1144.9709353531796
Bird,TRA,House_Finch/AZ_1_alt,21,80081,262.2344875813239
Bird,TRB,House_Finch/AZ_1_alt,41,281822,145.4818999226462
Bird,TRG,House_Finch/AZ_1_alt,2,9464,211.3271344040575
Bird,IGH,House_Finch/AZ_1_pri,88,40127,2193.0371071846885
Bird,IGL,House_Finch/AZ_1_pri,22,17455,1260.3838441707248
Bird,TRA,House_Finch/AZ_1_pri,33,119571,275.9866522819078
Bird,TRB,House_Finch/AZ_1_pri,37,300884,122.97097884899165
Bird,TRG,House_Finch/AZ_1_pri,2,9450,211.64021164021165
Bird,IGH,House_Finch/AZ_2_alt,75,39332,1906.844299806773
Bird,IGL,House_Finch/AZ_2_alt,32,27902,1146.8711920292453
Bird,TRA,House_Finch/AZ_2_alt,33,108728,303.50967552056505
Bird,TRB,House_Finch/AZ_2_alt,25,185150,135.02565487442612
Bird,TRG,House_Finch/AZ_2_alt,2,9450,211.64021164021165
Bird,IGH,House_Finch/AZ_2_pri,151,67248,2245.419938139424
Bird,IGL,House_Finch/AZ_2_pri,27,22705,1189.165382074433
Bird,TRA,House_Finch/AZ_2_pri,25,96089,260.17546233179655
Bird,TRB,House_Finch/AZ_2_pri,31,218010,142.19531214164488
Bird,TRG,House_Finch/AZ_2_pri,2,9450,211.64021164021165
Bird,IGH,House_Finch/CA_1_alt,37,21457,1724.378990539218
Bird,IGL,House_Finch/CA_1_alt,26,22663,1147.244407183515
Bird,TRG,House_Finch/CA_1_alt,2,9488,210.79258010118045
Bird,IGH,House_Finch/CA_1_pri,43,18424,2333.9122883195832
Bird,IGL,House_Finch/CA_1_pri,26,22690,1145.8792419568092
Bird,TRB,House_Finch/CA_1_pri,37,212621,174.0185588441405
Bird,IGH,House_Finch/CA_2_alt,42,25367,1655.694406118185
Bird,IGL,House_Finch/CA_2_alt,27,22670,1191.0013233348038
Bird,TRA,House_Finch/CA_2_alt,31,115176,269.1532958255192
Bird,TRB,House_Finch/CA_2_alt,23,177014,129.9332256205724
Bird,TRG,House_Finch/CA_2_alt,2,9458,211.4611968703743
Bird,IGH,House_Finch/CA_2_pri,42,25367,1655.694406118185
Bird,IGL,House_Finch/CA_2_pri,12,9651,1243.3944668946224
Bird,TRA,House_Finch/CA_2_pri,20,81679,244.86098017850364
Bird,TRB,House_Finch/CA_2_pri,31,232453,133.36029218809824
Bird,TRG,House_Finch/CA_2_pri,2,9450,211.64021164021165
Bird,IGH,House_Finch/MA_1_alt,45,24872,1809.2634287552269
Bird,IGL,House_Finch/MA_1_alt,26,22703,1145.2230982689512
Bird,TRA,House_Finch/MA_1_alt,20,68669,291.2522390015873
Bird,TRB,House_Finch/MA_1_alt,35,233651,149.7960633594549
Bird,TRG,House_Finch/MA_1_alt,2,9490,210.7481559536354
Bird,IGH,House_Finch/MA_1_pri,45,24875,1809.0452261306532
Bird,IGL,House_Finch/MA_1_pri,22,17454,1260.456055918414
Bird,TRA,House_Finch/MA_1_pri,27,104060,259.46569286949835
Bird,TRB,House_Finch/MA_1_pri,43,299643,143.50410321616056
Bird,TRG,House_Finch/MA_1_pri,2,9464,211.3271344040575
Bird,IGH,House_Finch/MA_2_alt,112,56022,1999.2145942665381
Bird,IGL,House_Finch/MA_2_alt,31,27932,1109.8381784333383
Bird,TRA,House_Finch/MA_2_alt,31,97893,316.6722850459175
Bird,TRB,House_Finch/MA_2_alt,43,317256,135.53723176236227
Bird,TRG,House_Finch/MA_2_alt,2,9496,210.6149957877001
Bird,IGH,House_Finch/MA_2_pri,112,50661,2210.7735733601785
Bird,IGL,House_Finch/MA_2_pri,27,22725,1188.118811881188
Bird,TRA,House_Finch/MA_2_pri,30,101798,294.7012711448162
Bird,TRB,House_Finch/MA_2_pri,27,197486,136.7185522011687
Bird,TRG,House_Finch/MA_2_pri,2,9464,211.3271344040575
Bird,IGH,House_Finch/NM_1_alt,125,58024,2154.2809871777195
Bird,IGL,House_Finch/NM_1_alt,27,22720,1188.380281690141
Bird,TRA,House_Finch/NM_1_alt,28,98030,285.62684892379883
Bird,TRB,House_Finch/NM_1_alt,53,342325,154.82363251296283
Bird,TRG,House_Finch/NM_1_alt,2,9532,209.819555182543
Bird,IGH,House_Finch/NM_1_pri,125,58024,2154.2809871777195
Bird,IGL,House_Finch/NM_1_pri,26,22690,1145.8792419568092
Bird,TRA,House_Finch/NM_1_pri,35,114408,305.9226627508566
Bird,TRB,House_Finch/NM_1_pri,61,398288,153.15550556381314
Bird,TRG,House_Finch/NM_1_pri,2,9450,211.64021164021165
Bird,IGH,House_Finch/NM_2_alt,147,71372,2059.6312279325225
Bird,IGL,House_Finch/NM_2_alt,27,22658,1191.6320946244152
Bird,TRA,House_Finch/NM_2_alt,34,109060,311.7549972492206
Bird,TRB,House_Finch/NM_2_alt,45,339223,132.65609938005383
Bird,TRG,House_Finch/NM_2_alt,2,9464,211.3271344040575
Bird,IGH,House_Finch/NM_2_pri,147,71372,2059.6312279325225
Bird,IGL,House_Finch/NM_2_pri,27,22686,1190.1613329806928
Bird,TRA,House_Finch/NM_2_pri,33,113140,291.6740321725296
Bird,TRB,House_Finch/NM_2_pri,39,277910,140.33320139613545
Bird,TRG,House_Finch/NM_2_pri,2,9452,211.59542953872196
Bird,IGH,House_Finch/NY_1_alt,102,49729,2051.117054435038
Bird,IGL,House_Finch/NY_1_alt,21,17485,1201.0294538175579
Bird,TRA,House_Finch/NY_1_alt,23,84260,272.9646332779492
Bird,TRB,House_Finch/NY_1_alt,21,169076,124.204499751591
Bird,TRG,House_Finch/NY_1_alt,2,9468,211.23785382340515
Bird,IGH,House_Finch/NY_1_pri,102,49729,2051.117054435038
Bird,IGL,House_Finch/NY_1_pri,32,27936,1145.475372279496
Bird,TRA,House_Finch/NY_1_pri,34,124514,273.0616637486548
Bird,TRB,House_Finch/NY_1_pri,43,299649,143.50122977216677
Bird,TRG,House_Finch/NY_1_pri,2,9454,211.5506663845991
Bird,IGH,House_Finch/NY_2_alt,267,125378,2129.5602099251864
Bird,IGL,House_Finch/NY_2_alt,31,27967,1108.4492437515644
Bird,TRA,House_Finch/NY_2_alt,27,104037,259.52305429799014
Bird,TRB,House_Finch/NY_2_alt,25,201020,124.36573475276091
Bird,TRG,House_Finch/NY_2_alt,2,9467,211.26016689553185
Bird,IGH,House_Finch/NY_2_pri,272,125378,2169.4396146054332
Bird,IGL,House_Finch/NY_2_pri,27,22728,1187.961985216473
Bird,TRA,House_Finch/NY_2_pri,33,84007,392.82440748985204
Bird,TRB,House_Finch/NY_2_pri,27,200002,134.99865001349986
Bird,TRG,House_Finch/NY_2_pri,2,9512,210.26072329688816
Bird,IGH,House_Finch/OH_1_alt,74,34398,2151.28786557358
Bird,IGL,House_Finch/OH_1_alt,26,22699,1145.4249085862814
Bird,TRA,House_Finch/OH_1_alt,33,101270,325.8615582107238
Bird,TRB,House_Finch/OH_1_alt,37,252828,146.34455044536207
Bird,TRG,House_Finch/OH_1_alt,2,9456,211.50592216582064
Bird,IGH,House_Finch/OH_1_pri,73,34398,2122.2164079306935
Bird,IGL,House_Finch/OH_1_pri,26,22703,1145.2230982689512
Bird,TRA,House_Finch/OH_1_pri,23,81737,281.3903128326217
Bird,TRB,House_Finch/OH_1_pri,43,299654,143.49883532340635
Bird,TRG,House_Finch/OH_1_pri,2,9456,211.50592216582064
Bird,IGH,House_Finch/OH_2_alt,265,119563,2216.4047405970073
Bird,IGL,House_Finch/OH_2_alt,27,22668,1191.1064055055585
Bird,TRA,House_Finch/OH_2_alt,24,88706,270.5566703492436
Bird,TRB,House_Finch/OH_2_alt,25,182741,136.8056429591608
Bird,TRG,House_Finch/OH_2_alt,2,9450,211.64021164021165
Bird,IGH,House_Finch/OH_2_pri,262,125288,2091.181916863546
Bird,IGL,House_Finch/OH_2_pri,27,22690,1189.9515204936097
Bird,TRA,House_Finch/OH_2_pri,30,105606,284.07476847906366
Bird,TRB,House_Finch/OH_2_pri,25,182741,136.8056429591608
Bird,TRG,House_Finch/OH_2_pri,2,9513,210.23862083464732
Bird,IGL,House_Finch/WA_1_alt,21,17453,1203.2315361255944
Bird,TRA,House_Finch/WA_1_alt,34,126846,268.0415622092932
Bird,TRB,House_Finch/WA_1_alt,26,192372,135.15480423346435
Bird,TRG,House_Finch/WA_1_alt,2,9495,210.637177461822
Bird,IGH,House_Finch/WA_1_pri,40,20765,1926.318324103058
Bird,IGL,House_Finch/WA_1_pri,27,22710,1188.9035667107
Bird,TRA,House_Finch/WA_1_pri,32,117841,271.5523459576888
Bird,TRB,House_Finch/WA_1_pri,34,278503,122.08127021971038
Bird,TRG,House_Finch/WA_1_pri,2,9450,211.64021164021165
Bird,IGH,House_Finch/WA_2_alt,212,96307,2201.293779268381
Bird,IGL,House_Finch/WA_2_alt,26,22697,1145.5258404194387
Bird,TRA,House_Finch/WA_2_alt,28,99100,282.5428859737639
Bird,TRB,House_Finch/WA_2_alt,39,269357,144.78925737961143
Bird,TRG,House_Finch/WA_2_alt,2,9451,211.61781822029417
Bird,IGH,House_Finch/WA_2_pri,206,96307,2138.993011930597
Bird,IGL,House_Finch/WA_2_pri,27,22681,1190.423702658613
Bird,TRA,House_Finch/WA_2_pri,29,107555,269.6294918878713
Bird,TRB,House_Finch/WA_2_pri,23,179016,128.48013585377842
Bird,TRG,House_Finch/WA_2_pri,2,9450,211.64021164021165
Bird,IGH,House_Finch/bHaeMex1.alt,56,28220,1984.4082211197733
Bird,IGL,House_Finch/bHaeMex1.alt,27,22710,1188.9035667107
Bird,TRA,House_Finch/bHaeMex1.alt,27,101643,265.63560697736193
Bird,TRB,House_Finch/bHaeMex1.alt,25,183836,135.99077438586568
Bird,TRG,House_Finch/bHaeMex1.alt,2,9484,210.88148460565165
Bird,IGH,House_Finch/bHaeMex1.pri,201,87992,2284.298572597509
Bird,IGL,House_Finch/bHaeMex1.pri,27,22706,1189.1130097771513
Bird,TRA,House_Finch/bHaeMex1.pri,23,90393,254.44448132045622
Bird,TRB,House_Finch/bHaeMex1.pri,29,222210,130.5071778947842
Bird,TRG,House_Finch/bHaeMex1.pri,2,9464,211.3271344040575
Bird,IGH,House_Sparrow/bPasDom1_alt,46,17691,2600.1921881182525
Bird,IGL,House_Sparrow/bPasDom1_alt,23,21066,1091.8067027437576
Bird,TRA,House_Sparrow/bPasDom1_alt,43,107922,398.43590741461423
Bird,TRB,House_Sparrow/bPasDom1_alt,9,13667367,0.6585028411105079
Bird,TRG,House_Sparrow/bPasDom1_alt,2,3035,658.9785831960461
Bird,IGH,House_Sparrow/bPasDom1_pri,655,337659,1939.826866750183
Bird,IGL,House_Sparrow/bPasDom1_pri,22,20603,1067.8056593699946
Bird,TRA,House_Sparrow/bPasDom1_pri,43,107922,398.43590741461423
Bird,TRB,House_Sparrow/bPasDom1_pri,9,11300960,0.7963925188656539
Bird,TRG,House_Sparrow/bPasDom1_pri,2,3035,658.9785831960461
Bird,IGL,Ibera_seedeater/bSpoIbe1,24,24327,986.5581452706869
Bird,TRA,Ibera_seedeater/bSpoIbe1,19,44739,424.68539752788394
Bird,TRB,Ibera_seedeater/bSpoIbe1,23,110105,208.89151264701877
Bird,TRG,Ibera_seedeater/bSpoIbe1,2,10246,195.19812609798947
Bird,IGL,Ibera_seedeater/bSpoIbe2,22,20238,1087.0639391244194
Bird,TRA,Ibera_seedeater/bSpoIbe2,22,52078,422.44325818963864
Bird,TRB,Ibera_seedeater/bSpoIbe2,35,157575,222.11645248294465
Bird,TRG,Ibera_seedeater/bSpoIbe2,3,10185,294.5508100147276
Bird,IGL,Ibera_seedeater/bSpoIbe3,23,22539,1020.4534362660278
Bird,TRA,Ibera_seedeater/bSpoIbe3,16,37333,428.5752551362066
Bird,TRB,Ibera_seedeater/bSpoIbe3,19,97763,194.34755480089603
Bird,TRG,Ibera_seedeater/bSpoIbe3,2,10178,196.50225977598743
Bird,IGL,Ibera_seedeater/bSpoIbe4,24,24482,980.312066007679
Bird,TRA,Ibera_seedeater/bSpoIbe4,32,77630,412.2117737987891
Bird,TRB,Ibera_seedeater/bSpoIbe4,17,91702,185.3830887003555
Bird,TRG,Ibera_seedeater/bSpoIbe4,2,10169,196.67617268167962
Bird,IGH,Ibera_seedeater/bSpoIbe5,111,48248,2300.6134969325153
Bird,IGL,Ibera_seedeater/bSpoIbe5,24,24429,982.4389045806214
Bird,TRA,Ibera_seedeater/bSpoIbe5,26,60226,431.7072360774416
Bird,TRB,Ibera_seedeater/bSpoIbe5,27,121589,222.05956130899997
Bird,TRG,Ibera_seedeater/bSpoIbe5,2,10165,196.7535661583866
Bird,IGH,Ibera_seedeater/bSpoIbe6,153,65992,2318.462843981089
Bird,IGL,Ibera_seedeater/bSpoIbe6,24,24470,980.7928075194116
Bird,TRA,Ibera_seedeater/bSpoIbe6,27,63392,425.9212518929833
Bird,TRB,Ibera_seedeater/bSpoIbe6,19,97246,195.38078687041113
Bird,TRG,Ibera_seedeater/bSpoIbe6,2,10146,197.12201852946973
Bird,IGH,Ibera_seedeater/bSpoIbe7,105,45199,2323.060244695679
Bird,IGL,Ibera_seedeater/bSpoIbe7,23,22479,1023.1771875973132
Bird,TRA,Ibera_seedeater/bSpoIbe7,24,58545,409.9410709710479
Bird,TRB,Ibera_seedeater/bSpoIbe7,21,108523,193.50736710190466
Bird,TRG,Ibera_seedeater/bSpoIbe7,3,13673,219.4105170774519
Bird,IGH,Ibera_seedeater/bSpoIbe8,152,65551,2318.8052051074737
Bird,IGL,Ibera_seedeater/bSpoIbe8,24,24454,981.4345301382187
Bird,TRA,Ibera_seedeater/bSpoIbe8,27,67337,400.96826410443
Bird,TRB,Ibera_seedeater/bSpoIbe8,15,84925,176.6264350897851
Bird,TRG,Ibera_seedeater/bSpoIbe8,2,10150,197.04433497536948
Bird,IGH,Island_scrub_jay/A.insularis_AI_1363_74536_pri,106,47054,2252.7309049177543
Bird,IGL,Island_scrub_jay/A.insularis_AI_1363_74536_pri,98,90948,1077.53881338787
Bird,TRA,Island_scrub_jay/A.insularis_AI_1363_74536_pri,22,97918,224.67779162156089
Bird,TRB,Island_scrub_jay/A.insularis_AI_1363_74536_pri,12,97377,123.23238547090175
Bird,TRG,Island_scrub_jay/A.insularis_AI_1363_74536_pri,2,11736,170.41581458759373
Bird,IGH,Island_scrub_jay/A.insularis_AI_1363_74537_pri,109,47067,2315.847621475769
Bird,IGL,Island_scrub_jay/A.insularis_AI_1363_74537_pri,98,90943,1077.59805592514
Bird,TRA,Island_scrub_jay/A.insularis_AI_1363_74537_pri,30,126606,236.95559452158668
Bird,TRB,Island_scrub_jay/A.insularis_AI_1363_74537_pri,14,94814,147.65751893180334
Bird,TRG,Island_scrub_jay/A.insularis_AI_1363_74537_pri,2,11747,170.25623563463012
Bird,IGH,Island_scrub_jay/A.insularis_AI_1363_74539_pri,107,47068,2273.3067051924877
Bird,IGL,Island_scrub_jay/A.insularis_AI_1363_74539_pri,98,90943,1077.59805592514
Bird,TRA,Island_scrub_jay/A.insularis_AI_1363_74539_pri,40,162429,246.26144346145085
Bird,TRB,Island_scrub_jay/A.insularis_AI_1363_74539_pri,14,94818,147.65128983948196
Bird,TRG,Island_scrub_jay/A.insularis_AI_1363_74539_pri,2,11748,170.24174327545114
Bird,IGH,Island_scrub_jay/A.insularis_AI_1363_74544_pri,103,45570,2260.258942286592
Bird,IGL,Island_scrub_jay/A.insularis_AI_1363_74544_pri,98,90960,1077.396657871592
Bird,TRA,Island_scrub_jay/A.insularis_AI_1363_74544_pri,25,108072,231.32726330594417
Bird,TRB,Island_scrub_jay/A.insularis_AI_1363_74544_pri,12,84645,141.7685628211944
Bird,TRG,Island_scrub_jay/A.insularis_AI_1363_74544_pri,2,11736,170.41581458759373
Bird,IGH,Island_scrub_jay/A.insularis_AI_1363_74563_pri,107,47069,2273.2584078692985
Bird,IGL,Island_scrub_jay/A.insularis_AI_1363_74563_pri,98,90956,1077.4440388759401
Bird,TRA,Island_scrub_jay/A.insularis_AI_1363_74563_pri,39,157624,247.42425011419584
Bird,TRB,Island_scrub_jay/A.insularis_AI_1363_74563_pri,14,94806,147.66997869333164
Bird,TRG,Island_scrub_jay/A.insularis_AI_1363_74563_pri,2,11750,170.2127659574468
Bird,IGH,Island_scrub_jay/A.insularis_AI_1363_74565_pri,101,45594,2215.203754880028
Bird,IGL,Island_scrub_jay/A.insularis_AI_1363_74565_pri,98,90944,1077.5862068965519
Bird,TRA,Island_scrub_jay/A.insularis_AI_1363_74565_pri,25,108067,231.337966261671
Bird,TRB,Island_scrub_jay/A.insularis_AI_1363_74565_pri,14,107549,130.1732233679532
Bird,TRG,Island_scrub_jay/A.insularis_AI_1363_74565_pri,2,11735,170.43033659991477
Bird,IGH,Island_scrub_jay/A.insularis_AI_1603_79174_pri,100,45595,2193.2229411119642
Bird,IGL,Island_scrub_jay/A.insularis_AI_1603_79174_pri,98,90944,1077.5862068965519
Bird,TRA,Island_scrub_jay/A.insularis_AI_1603_79174_pri,25,108228,230.99382784491996
Bird,TRB,Island_scrub_jay/A.insularis_AI_1603_79174_pri,12,98289,122.088941794097
Bird,TRG,Island_scrub_jay/A.insularis_AI_1603_79174_pri,2,11749,170.22725338326666
Bird,IGH,Island_scrub_jay/A.insularis_AI_1603_79203_pri,103,47035,2189.858615924312
Bird,IGL,Island_scrub_jay/A.insularis_AI_1603_79203_pri,112,105020,1066.4635307560463
Bird,TRB,Island_scrub_jay/A.insularis_AI_1603_79203_pri,12,98280,122.10012210012209
Bird,TRG,Island_scrub_jay/A.insularis_AI_1603_79203_pri,2,11752,170.18379850238256
Bird,IGH,Island_scrub_jay/A.insularis_AI_1603_79218_pri,108,47070,2294.455066921606
Bird,IGL,Island_scrub_jay/A.insularis_AI_1603_79218_pri,98,90949,1077.5269656620744
Bird,TRA,Island_scrub_jay/A.insularis_AI_1603_79218_pri,22,98009,224.469181401708
Bird,TRB,Island_scrub_jay/A.insularis_AI_1603_79218_pri,12,98279,122.10136448274808
Bird,TRG,Island_scrub_jay/A.insularis_AI_1603_79218_pri,2,11735,170.43033659991477
Bird,IGH,Island_scrub_jay/A.insularis_AI_1603_79232_pri,106,47060,2252.4436889077774
Bird,IGL,Island_scrub_jay/A.insularis_AI_1603_79232_pri,97,90944,1066.5904292751584
Bird,TRA,Island_scrub_jay/A.insularis_AI_1603_79232_pri,39,157614,247.4399482279493
Bird,TRB,Island_scrub_jay/A.insularis_AI_1603_79232_pri,14,94812,147.66063367506223
Bird,TRG,Island_scrub_jay/A.insularis_AI_1603_79232_pri,2,11749,170.22725338326666
Bird,IGH,Island_scrub_jay/A.insularis_AI_1603_79302_pri,78,35386,2204.2615723732547
Bird,IGL,Island_scrub_jay/A.insularis_AI_1603_79302_pri,96,90944,1055.594651653765
Bird,TRA,Island_scrub_jay/A.insularis_AI_1603_79302_pri,22,97916,224.68238081620981
Bird,TRB,Island_scrub_jay/A.insularis_AI_1603_79302_pri,12,97367,123.24504195466638
Bird,TRG,Island_scrub_jay/A.insularis_AI_1603_79302_pri,2,11735,170.43033659991477
Bird,IGH,Island_scrub_jay/A.insularis_AI_1603_79315_pri,105,47050,2231.6684378320933
Bird,IGL,Island_scrub_jay/A.insularis_AI_1603_79315_pri,98,90948,1077.53881338787
Bird,TRA,Island_scrub_jay/A.insularis_AI_1603_79315_pri,39,157625,247.42268041237116
Bird,TRB,Island_scrub_jay/A.insularis_AI_1603_79315_pri,12,84645,141.7685628211944
Bird,TRG,Island_scrub_jay/A.insularis_AI_1603_79315_pri,2,11731,170.48844940755265
Bird,IGH,Island_scrub_jay/A.insularis_AI_1703_64680_pri,104,47053,2210.273521348267
Bird,IGL,Island_scrub_jay/A.insularis_AI_1703_64680_pri,98,90944,1077.5862068965519
Bird,TRA,Island_scrub_jay/A.insularis_AI_1703_64680_pri,25,108265,230.9148847734725
Bird,TRB,Island_scrub_jay/A.insularis_AI_1703_64680_pri,14,108465,129.07389480477573
Bird,TRG,Island_scrub_jay/A.insularis_AI_1703_64680_pri,2,11736,170.41581458759373
Bird,IGH,Island_scrub_jay/A.insularis_AI_1833_00513_pri,104,45608,2280.301701455885
Bird,IGL,Island_scrub_jay/A.insularis_AI_1833_00513_pri,98,90516,1082.6815148702992
Bird,TRA,Island_scrub_jay/A.insularis_AI_1833_00513_pri,25,108113,231.2395364109774
Bird,TRB,Island_scrub_jay/A.insularis_AI_1833_00513_pri,12,98280,122.10012210012209
Bird,TRG,Island_scrub_jay/A.insularis_AI_1833_00513_pri,2,11735,170.43033659991477
Bird,IGH,Island_scrub_jay/A.insularis_AI_1833_00687_pri,102,47072,2166.8932698844324
Bird,IGL,Island_scrub_jay/A.insularis_AI_1833_00687_pri,98,90944,1077.5862068965519
Bird,TRA,Island_scrub_jay/A.insularis_AI_1833_00687_pri,25,108117,231.23098125179203
Bird,TRB,Island_scrub_jay/A.insularis_AI_1833_00687_pri,12,98285,122.09391056621051
Bird,TRG,Island_scrub_jay/A.insularis_AI_1833_00687_pri,2,11740,170.35775127768312
Bird,IGH,Large_ground_finch/Magnirostris_alt,49,20136,2433.4525228446564
Bird,IGL,Large_ground_finch/Magnirostris_alt,14,12438,1125.5828911400547
Bird,TRA,Large_ground_finch/Magnirostris_alt,17,38756,438.6417586954278
Bird,TRB,Large_ground_finch/Magnirostris_alt,11,86416,127.29124236252545
Bird,TRG,Large_ground_finch/Magnirostris_alt,3,10163,295.1884286135983
Bird,IGH,Large_ground_finch/Magnirostris_pri,49,20136,2433.4525228446564
Bird,IGL,Large_ground_finch/Magnirostris_pri,19,17647,1076.6702555675186
Bird,TRA,Large_ground_finch/Magnirostris_pri,43,98653,435.87118486006506
Bird,TRB,Large_ground_finch/Magnirostris_pri,11,73441,149.78009558693373
Bird,TRG,Large_ground_finch/Magnirostris_pri,2,2992,668.4491978609626
Bird,IGL,Marsh_seedeater/bSpoPal1_alt,24,24502,979.5118765815035
Bird,TRA,Marsh_seedeater/bSpoPal1_alt,23,58212,395.10753796468083
Bird,TRB,Marsh_seedeater/bSpoPal1_alt,14,79540,176.01206939904452
Bird,TRG,Marsh_seedeater/bSpoPal1_alt,2,10196,196.15535504119262
Bird,IGH,Marsh_seedeater/bSpoPal2_alt,187,78683,2376.6251922270376
Bird,IGL,Marsh_seedeater/bSpoPal2_alt,23,22554,1019.7747627915226
Bird,TRA,Marsh_seedeater/bSpoPal2_alt,21,48371,434.1444253788427
Bird,TRB,Marsh_seedeater/bSpoPal2_alt,17,89669,189.5861445984677
Bird,TRG,Marsh_seedeater/bSpoPal2_alt,2,10130,197.43336623889437
Bird,IGH,Marsh_seedeater/bSpoPal3_pri,295,132511,2226.2302752224346
Bird,IGL,Marsh_seedeater/bSpoPal3_pri,24,24386,984.1712457967686
Bird,TRA,Marsh_seedeater/bSpoPal3_pri,29,70351,412.21873178775
Bird,TRB,Marsh_seedeater/bSpoPal3_pri,11,70071,156.98363088867006
Bird,TRG,Marsh_seedeater/bSpoPal3_pri,3,10120,296.44268774703556
Bird,IGH,Marsh_seedeater/bSpoPal4_pri,246,108087,2275.9443781398318
Bird,IGL,Marsh_seedeater/bSpoPal4_pri,23,21245,1082.6076723935043
Bird,TRA,Marsh_seedeater/bSpoPal4_pri,26,61196,424.8643702202758
Bird,TRB,Marsh_seedeater/bSpoPal4_pri,18,92715,194.1433425012134
Bird,TRG,Marsh_seedeater/bSpoPal4_pri,3,10138,295.9163543105149
Bird,IGL,Marsh_seedeater/bSpoPal5_alt,24,24452,981.5148045149681
Bird,TRA,Marsh_seedeater/bSpoPal5_alt,17,39058,435.25014081622203
Bird,TRB,Marsh_seedeater/bSpoPal5_alt,13,77442,167.86756540378607
Bird,TRG,Marsh_seedeater/bSpoPal5_alt,2,10114,197.7456990310461
Bird,IGH,Marsh_seedeater/bSpoPal6_pri,306,126026,2428.0703981718057
Bird,IGL,Marsh_seedeater/bSpoPal6_pri,23,22559,1019.5487388625382
Bird,TRA,Marsh_seedeater/bSpoPal6_pri,23,53575,429.30471301913207
Bird,TRB,Marsh_seedeater/bSpoPal6_pri,15,89065,168.4163251557851
Bird,IGH,Medium_ground_finch/Fortis_pri,83,38860,2135.8723623262995
Bird,IGL,Medium_ground_finch/Fortis_pri,19,17649,1076.548246359567
Bird,TRA,Medium_ground_finch/Fortis_pri,24,55380,433.3694474539545
Bird,TRB,Medium_ground_finch/Fortis_pri,21,105330,199.37339789233837
Bird,TRG,Medium_ground_finch/Fortis_pri,3,10157,295.36280397755246
Bird,IGH,Medium_ground_finch/GeospizaFortis_HiC,122,57010,2139.9754429047534
Bird,IGL,Medium_ground_finch/GeospizaFortis_HiC,19,17670,1075.268817204301
Bird,TRA,Medium_ground_finch/GeospizaFortis_HiC,40,93033,429.95496221770765
Bird,TRB,Medium_ground_finch/GeospizaFortis_HiC,13,80048,162.40255846492107
Bird,TRG,Medium_ground_finch/GeospizaFortis_HiC,2,2985,670.0167504187605
Bird,IGH,Nelsons_Sparrow/bAmmNel1_alt,48,18357,2614.806340905377
Bird,IGL,Nelsons_Sparrow/bAmmNel1_alt,25,23981,1042.4919728118093
Bird,TRA,Nelsons_Sparrow/bAmmNel1_alt,23,50794,452.80938693546483
Bird,TRB,Nelsons_Sparrow/bAmmNel1_alt,21,100497,208.96146153616525
Bird,TRG,Nelsons_Sparrow/bAmmNel1_alt,2,10269,194.76093095724997
Bird,IGL,Nelsons_Sparrow/bAmmNel1_pri,24,23409,1025.2466999871845
Bird,TRA,Nelsons_Sparrow/bAmmNel1_pri,37,88894,416.22606700114744
Bird,TRB,Nelsons_Sparrow/bAmmNel1_pri,15,121523,123.43342412547419
Bird,TRG,Nelsons_Sparrow/bAmmNel1_pri,2,10254,195.0458357714063
Bird,IGL,New_Caledonian_Crow/bCorMon1_alt,102,104677,974.4260916915846
Bird,TRA,New_Caledonian_Crow/bCorMon1_alt,31,127448,243.23645722176886
Bird,TRB,New_Caledonian_Crow/bCorMon1_alt,14,91506,152.99543199353047
Bird,TRG,New_Caledonian_Crow/bCorMon1_alt,2,12973,154.16634548678024
Bird,IGH,New_Caledonian_Crow/bCorMon1_pri,46,22882,2010.313783760161
Bird,IGL,New_Caledonian_Crow/bCorMon1_pri,105,107463,977.0804835152563
Bird,TRA,New_Caledonian_Crow/bCorMon1_pri,30,134252,223.4603581324673
Bird,TRB,New_Caledonian_Crow/bCorMon1_pri,12,82782,144.9590490686381
Bird,TRG,New_Caledonian_Crow/bCorMon1_pri,2,12969,154.21389467190994
Bird,IGH,Paradise_Crow/bLycPry6_pri,37,13598,2720.988380644212
Bird,IGL,Paradise_Crow/bLycPry6_pri,23,24515,938.2011013665103
Bird,TRA,Paradise_Crow/bLycPry6_pri,33,304678,108.3110693912918
Bird,TRB,Paradise_Crow/bLycPry6_pri,22,13578016,1.6202661714347664
Bird,TRG,Paradise_Crow/bLycPry6_pri,2,9760,204.91803278688525
Bird,IGL,Pearly_bellied_seedeater/bSpoPil1_alt,24,24444,981.8360333824252
Bird,TRA,Pearly_bellied_seedeater/bSpoPil1_alt,22,50566,435.0749515484713
Bird,TRB,Pearly_bellied_seedeater/bSpoPil1_alt,15,86968,172.4772330052433
Bird,TRG,Pearly_bellied_seedeater/bSpoPil1_alt,3,10189,294.43517518892924
Bird,IGH,Pearly_bellied_seedeater/bSpoPil2_pri,313,130379,2400.6933631949933
Bird,IGL,Pearly_bellied_seedeater/bSpoPil2_pri,24,24471,980.7527277185239
Bird,TRA,Pearly_bellied_seedeater/bSpoPil2_pri,22,50304,437.34096692111956
Bird,TRB,Pearly_bellied_seedeater/bSpoPil2_pri,29,130715,221.85671116551276
Bird,TRG,Pearly_bellied_seedeater/bSpoPil2_pri,3,8903,336.96506795462204
Bird,IGH,RedWinged_Blackbird/bAgePho2_pri,144,57738,2494.02473241193
Bird,IGL,RedWinged_Blackbird/bAgePho2_pri,23,21983,1046.2630214256471
Bird,TRA,RedWinged_Blackbird/bAgePho2_pri,18,44101,408.15401011314935
Bird,TRB,RedWinged_Blackbird/bAgePho2_pri,43,186700,230.3160149973219
Bird,TRG,RedWinged_Blackbird/bAgePho2_pri,2,3034,659.1957811470007
Bird,IGH,Saltmarsh_Sparrow/bAmmCau1_alt,59,22704,2598.661028893587
Bird,IGL,Saltmarsh_Sparrow/bAmmCau1_alt,25,23924,1044.9757565624477
Bird,TRA,Saltmarsh_Sparrow/bAmmCau1_alt,28,62458,448.3012584456755
Bird,TRB,Saltmarsh_Sparrow/bAmmCau1_alt,15,95563,156.9645155551835
Bird,TRG,Saltmarsh_Sparrow/bAmmCau1_alt,2,10205,195.98236158745712
Bird,IGH,Saltmarsh_Sparrow/bAmmCau1_pri,57,27068,2105.8075956849416
Bird,IGL,Saltmarsh_Sparrow/bAmmCau1_pri,25,23948,1043.9285117755137
Bird,TRA,Saltmarsh_Sparrow/bAmmCau1_pri,41,93881,436.72308560837655
Bird,TRB,Saltmarsh_Sparrow/bAmmCau1_pri,15,95780,156.60889538525788
Bird,TRG,Saltmarsh_Sparrow/bAmmCau1_pri,2,10200,196.078431372549
Bird,IGH,Savannah_Sparrow/bPasSan2_alt,59,28511,2069.376731787731
Bird,IGL,Savannah_Sparrow/bPasSan2_alt,26,23901,1087.8205932806159
Bird,TRA,Savannah_Sparrow/bPasSan2_alt,26,65916,394.44141027974996
Bird,TRB,Savannah_Sparrow/bPasSan2_alt,33,144493,228.3847660440298
Bird,TRG,Savannah_Sparrow/bPasSan2_alt,2,10264,194.85580670303975
Bird,IGH,Savannah_Sparrow/bPasSan2_pri,123,48282,2547.533242202063
Bird,IGL,Savannah_Sparrow/bPasSan2_pri,26,23963,1085.0060509952843
Bird,TRA,Savannah_Sparrow/bPasSan2_pri,34,83420,407.5761208343323
Bird,TRB,Savannah_Sparrow/bPasSan2_pri,21,103616,202.67140210006175
Bird,TRG,Savannah_Sparrow/bPasSan2_pri,2,10276,194.62826002335538
Bird,IGL,Savannah_Sparrow2/bPasSan1_alt,26,23957,1085.277789372626
Bird,TRA,Savannah_Sparrow2/bPasSan1_alt,32,73707,434.151437448275
Bird,TRB,Savannah_Sparrow2/bPasSan1_alt,12,48280,248.55012427506213
Bird,TRG,Savannah_Sparrow2/bPasSan1_alt,2,10277,194.6093217865136
Bird,IGH,Savannah_Sparrow2/bPasSan1_pri,125,49055,2548.1602283151565
Bird,IGL,Savannah_Sparrow2/bPasSan1_pri,25,23933,1044.5827936322232
Bird,TRA,Savannah_Sparrow2/bPasSan1_pri,21,49121,427.51572647136663
Bird,TRB,Savannah_Sparrow2/bPasSan1_pri,29,129416,224.08357544662175
Bird,TRG,Savannah_Sparrow2/bPasSan1_pri,2,10263,194.8747929455325
Bird,IGH,Seaside_Sparrow/bAmmMai1_alt,174,63317,2748.07713568236
Bird,IGL,Seaside_Sparrow/bAmmMai1_alt,25,23942,1044.1901261381672
Bird,TRA,Seaside_Sparrow/bAmmMai1_alt,31,69807,444.0815391006633
Bird,TRG,Seaside_Sparrow/bAmmMai1_alt,2,10243,195.25529629991212
Bird,IGH,Seaside_Sparrow/bAmmMai1_pri,147,55630,2642.4591047995686
Bird,IGL,Seaside_Sparrow/bAmmMai1_pri,25,23936,1044.451871657754
Bird,TRA,Seaside_Sparrow/bAmmMai1_pri,21,57205,367.10077790402937
Bird,TRB,Seaside_Sparrow/bAmmMai1_pri,20,80475,248.5243864554209
Bird,TRG,Seaside_Sparrow/bAmmMai1_pri,2,10210,195.8863858961802
Bird,IGH,SilverEye/bZosLat1_pri,394,365604,1077.668734477741
Bird,IGL,SilverEye/bZosLat1_pri,40,5279529,7.576433428057692
Bird,TRA,SilverEye/bZosLat1_pri,97,405927,238.9592217319863
Bird,TRB,SilverEye/bZosLat1_pri,14,109915,127.37115043442661
Bird,IGH,Small_ground_finch/Fuliginosa_alt,36,16617,2166.456038996209
Bird,IGL,Small_ground_finch/Fuliginosa_alt,19,17668,1075.3905365632784
Bird,TRA,Small_ground_finch/Fuliginosa_alt,26,58724,442.7491315305497
Bird,TRB,Small_ground_finch/Fuliginosa_alt,11,73818,149.0151453575009
Bird,TRG,Small_ground_finch/Fuliginosa_alt,3,10168,295.0432730133753
Bird,IGH,Small_ground_finch/Fuliginosa_pri,64,28221,2267.8147478827823
Bird,IGL,Small_ground_finch/Fuliginosa_pri,19,17668,1075.3905365632784
Bird,TRA,Small_ground_finch/Fuliginosa_pri,24,54352,441.56608772446276
Bird,TRB,Small_ground_finch/Fuliginosa_pri,25,122286,204.4387746757601
Bird,IGH,Small_tree_finch/GCA_902806625_1,105,50269,2088.7624579760886
Bird,IGL,Small_tree_finch/GCA_902806625_1,19,17647,1076.6702555675186
Bird,TRA,Small_tree_finch/GCA_902806625_1,8,17136,466.85340802987866
Bird,TRB,Small_tree_finch/GCA_902806625_1,3,33615,89.2458723784025
Bird,TRG,Small_tree_finch/GCA_902806625_1,3,10159,295.3046559700758
Bird,IGL,Song_Sparrow/bMelMel2_alt,24,23215,1033.8143441740253
Bird,TRA,Song_Sparrow/bMelMel2_alt,24,53206,451.07694620907415
Bird,TRB,Song_Sparrow/bMelMel2_alt,15,88213,170.04296418895174
Bird,IGH,Song_Sparrow/bMelMel2_pri,132,54174,2436.593199689888
Bird,IGL,Song_Sparrow/bMelMel2_pri,24,23239,1032.7466758466371
Bird,TRA,Song_Sparrow/bMelMel2_pri,21,48329,434.5217157400319
Bird,TRB,Song_Sparrow/bMelMel2_pri,25,128773,194.14007594759772
Bird,TRG,Song_Sparrow/bMelMel2_pri,2,1148903,1.740790998021591
Bird,IGH,Song_Sparrow2/bMelMel1_alt,74,27196,2720.988380644212
Bird,IGL,Song_Sparrow2/bMelMel1_alt,24,23179,1035.41999223435
Bird,TRA,Song_Sparrow2/bMelMel1_alt,12,29433,407.705636530425
Bird,TRB,Song_Sparrow2/bMelMel1_alt,37,191856,192.8529730631307
Bird,IGH,Song_Sparrow2/bMelMel1_pri,144,53294,2701.9927196307276
Bird,IGL,Song_Sparrow2/bMelMel1_pri,24,23212,1033.947957952783
Bird,TRA,Song_Sparrow2/bMelMel1_pri,23,54652,420.84461684842273
Bird,TRB,Song_Sparrow2/bMelMel1_pri,23,120631,190.66409131980998
Bird,TRG,Song_Sparrow2/bMelMel1_pri,2,1776068,1.12608301033519
Bird,IGH,Stellers_Jay/bCyaSte1_alt,103,44786,2299.8258384316528
Bird,IGL,Stellers_Jay/bCyaSte1_alt,81,74484,1087.4818753020784
Bird,TRA,Stellers_Jay/bCyaSte1_alt,55,205905,267.11347466064444
Bird,TRB,Stellers_Jay/bCyaSte1_alt,12,96196,124.74531165537029
Bird,TRG,Stellers_Jay/bCyaSte1_alt,2,11575,172.78617710583154
Bird,IGH,Stellers_Jay/bCyaSte1_pri,187,77652,2408.18008550971
Bird,IGL,Stellers_Jay/bCyaSte1_pri,84,76932,1091.8733426922477
Bird,TRA,Stellers_Jay/bCyaSte1_pri,16,71954,222.36428829529976
Bird,TRB,Stellers_Jay/bCyaSte1_pri,12,96175,124.77255003899143
Bird,TRG,Stellers_Jay/bCyaSte1_pri,2,11589,172.57744412805246
Bird,IGH,Swainsons_Thrush/bCatUst1_alt,51,22682,2248.478970108456
Bird,IGL,Swainsons_Thrush/bCatUst1_alt,62,56129,1104.5983359760553
Bird,TRA,Swainsons_Thrush/bCatUst1_alt,33,165938,198.86945726717207
Bird,TRB,Swainsons_Thrush/bCatUst1_alt,15,100794,148.8183820465504
Bird,IGH,Swainsons_Thrush/bCatUst1_pri,360,257925,1395.754579819715
Bird,IGL,Swainsons_Thrush/bCatUst1_pri,74,63522,1164.950725732817
Bird,TRA,Swainsons_Thrush/bCatUst1_pri,56,206518,271.16280421077096
Bird,TRB,Swainsons_Thrush/bCatUst1_pri,11,85277,128.99140448186498
Bird,IGH,Swamp_Sparrow/bMelGeo1_alt,182,70442,2583.685869225746
Bird,IGL,Swamp_Sparrow/bMelGeo1_alt,24,23233,1033.0133861317952
Bird,TRA,Swamp_Sparrow/bMelGeo1_alt,25,56753,440.50534773492154
Bird,TRB,Swamp_Sparrow/bMelGeo1_alt,15,93804,159.90789305360113
Bird,TRG,Swamp_Sparrow/bMelGeo1_alt,2,10247,195.17907680296673
Bird,IGL,Swamp_Sparrow/bMelGeo1_pri,24,23205,1034.2598577892695
Bird,TRA,Swamp_Sparrow/bMelGeo1_pri,21,46946,447.32245558727044
Bird,TRB,Swamp_Sparrow/bMelGeo1_pri,33,164004,201.21460452184093
Bird,TRG,Swamp_Sparrow/bMelGeo1_pri,2,10232,195.46520719311962
Bird,IGL,Tawny_bellied_seedeater/bSpoHyp1,24,24482,980.312066007679
Bird,TRA,Tawny_bellied_seedeater/bSpoHyp1,42,99769,420.97244635107097
Bird,TRB,Tawny_bellied_seedeater/bSpoHyp1,21,103727,202.45452003817715
Bird,TRG,Tawny_bellied_seedeater/bSpoHyp1,3,10176,294.811320754717
Bird,IGL,Tawny_bellied_seedeater/bSpoHyp2,24,24441,981.9565484227322
Bird,TRA,Tawny_bellied_seedeater/bSpoHyp2,41,97873,418.9102203876452
Bird,TRB,Tawny_bellied_seedeater/bSpoHyp2,35,132145,264.86056982859736
Bird,TRG,Tawny_bellied_seedeater/bSpoHyp2,3,10130,296.15004935834156
Bird,IGL,Tawny_bellied_seedeater/bSpoHyp3,23,22519,1021.3597406634398
Bird,TRA,Tawny_bellied_seedeater/bSpoHyp3,16,39470,405.37116797567774
Bird,TRB,Tawny_bellied_seedeater/bSpoHyp3,21,102898,204.0855993313767
Bird,TRG,Tawny_bellied_seedeater/bSpoHyp3,3,10232,293.19781078967947
Bird,IGH,Tawny_bellied_seedeater/bSpoHyp4,128,55062,2324.6522102357344
Bird,IGL,Tawny_bellied_seedeater/bSpoHyp4,25,26449,945.2153200499074
Bird,TRA,Tawny_bellied_seedeater/bSpoHyp4,12,26597,451.178704365154
Bird,TRB,Tawny_bellied_seedeater/bSpoHyp4,19,96405,197.0852134225403
Bird,TRG,Tawny_bellied_seedeater/bSpoHyp4,3,10162,295.217476874631
Bird,IGH,Tawny_bellied_seedeater/bSpoHyp5,473,268090,1764.332873288821
Bird,IGL,Tawny_bellied_seedeater/bSpoHyp5,23,22599,1017.7441479711491
Bird,TRA,Tawny_bellied_seedeater/bSpoHyp5,29,67074,432.3582908429496
Bird,TRB,Tawny_bellied_seedeater/bSpoHyp5,25,118996,210.09109549900836
Bird,TRG,Tawny_bellied_seedeater/bSpoHyp5,3,10121,296.41339788558446
Bird,IGH,Tawny_bellied_seedeater/bSpoHyp6,71,32599,2177.9809196601122
Bird,IGL,Tawny_bellied_seedeater/bSpoHyp6,23,22336,1029.727793696275
Bird,TRA,Tawny_bellied_seedeater/bSpoHyp6,23,55031,417.94624847813054
Bird,TRB,Tawny_bellied_seedeater/bSpoHyp6,23,122595,187.6096088747502
Bird,TRG,Tawny_bellied_seedeater/bSpoHyp6,3,10134,296.0331557134399
Bird,IGH,Tricolored_Blackbird/bAgeTri1_alt,116,47287,2453.1055046841625
Bird,IGL,Tricolored_Blackbird/bAgeTri1_alt,23,21985,1046.1678417102569
Bird,TRA,Tricolored_Blackbird/bAgeTri1_alt,20,48715,410.5511649389305
Bird,TRB,Tricolored_Blackbird/bAgeTri1_alt,25,120930,206.73116679070537
Bird,TRG,Tricolored_Blackbird/bAgeTri1_alt,2,3016,663.1299734748011
Bird,IGH,Tricolored_Blackbird/bAgeTri1_pri,151,60781,2484.328984386568
Bird,IGL,Tricolored_Blackbird/bAgeTri1_pri,23,22026,1044.2204667211477
Bird,TRA,Tricolored_Blackbird/bAgeTri1_pri,37,90183,410.2768814521584
Bird,TRB,Tricolored_Blackbird/bAgeTri1_pri,23,112148,205.08613617719442
Bird,TRG,Tricolored_Blackbird/bAgeTri1_pri,2,3016,663.1299734748011
Bird,IGH,Village_Indigobird/bVidCha1_pri,32,14891,2148.949029615204
Bird,IGL,Village_Indigobird/bVidCha1_pri,22,21584,1019.2735359525575
Bird,TRA,Village_Indigobird/bVidCha1_pri,31,115407,268.6145554429107
Bird,TRB,Village_Indigobird/bVidCha1_pri,9,75872,118.62083509067905
Bird,IGH,Western_Jackdaw/bColMon1_pri,82,40314,2034.0328421888175
Bird,IGL,Western_Jackdaw/bColMon1_pri,76,80556,943.4430706589204
Bird,TRA,Western_Jackdaw/bColMon1_pri,46,181180,253.89115796445523
Bird,TRB,Western_Jackdaw/bColMon1_pri,14,115164,121.56576707999027
Bird,TRG,Western_Jackdaw/bColMon1_pri,2,11116,179.92083483267365
Bird,IGL,WhiteThroated_Dipper/bCinCin1_alt,20,18669,1071.2946595961218
Bird,TRA,WhiteThroated_Dipper/bCinCin1_alt,37,102429,361.22582471760927
Bird,TRB,WhiteThroated_Dipper/bCinCin1_alt,6,50877,117.93148180906893
Bird,TRG,WhiteThroated_Dipper/bCinCin1_alt,2,8681,230.38820412394887
Bird,IGH,WhiteThroated_Dipper/bCinCin1_pri,35,23871,1466.2142348456287
Bird,IGL,WhiteThroated_Dipper/bCinCin1_pri,20,18669,1071.2946595961218
Bird,TRA,WhiteThroated_Dipper/bCinCin1_pri,30,82679,362.8490910630269
Bird,TRB,WhiteThroated_Dipper/bCinCin1_pri,7,66658,105.01365177473072
Bird,TRG,WhiteThroated_Dipper/bCinCin1_pri,2,8681,230.38820412394887
Bird,IGH,WhiteThroated_Sparrow/bZonAlb1_alt,535,951379,562.3416114923706
Bird,IGL,WhiteThroated_Sparrow/bZonAlb1_alt,24,22886,1048.6760464913048
Bird,TRA,WhiteThroated_Sparrow/bZonAlb1_alt,30,71909,417.1939534689677
Bird,TRB,WhiteThroated_Sparrow/bZonAlb1_alt,18,148664,121.07840499381156
Bird,TRG,WhiteThroated_Sparrow/bZonAlb1_alt,2,10254,195.0458357714063
Bird,IGL,WhiteThroated_Sparrow/bZonAlb1_pri,24,22900,1048.0349344978165
Bird,TRA,WhiteThroated_Sparrow/bZonAlb1_pri,34,80467,422.5334609218686
Bird,TRB,WhiteThroated_Sparrow/bZonAlb1_pri,20,105027,190.42722347586812
Bird,TRG,WhiteThroated_Sparrow/bZonAlb1_pri,2,10244,195.2362358453729
Bird,IGH,Woodhouse_scrub_jay/A.woodhouseii_AW_365326_pri,152,66055,2301.112709106048
Bird,IGL,Woodhouse_scrub_jay/A.woodhouseii_AW_365326_pri,66,64069,1030.139380979881
Bird,TRA,Woodhouse_scrub_jay/A.woodhouseii_AW_365326_pri,36,153122,235.10664698736954
Bird,TRB,Woodhouse_scrub_jay/A.woodhouseii_AW_365326_pri,10,112349,89.00835788480538
Bird,TRG,Woodhouse_scrub_jay/A.woodhouseii_AW_365326_pri,2,11715,170.72129748186086
Bird,IGH,Woodhouse_scrub_jay/A.woodhouseii_AW_365327_pri,114,53140,2145.276627775687
Bird,IGL,Woodhouse_scrub_jay/A.woodhouseii_AW_365327_pri,74,76211,970.9884399889779
Bird,TRA,Woodhouse_scrub_jay/A.woodhouseii_AW_365327_pri,34,138148,246.11286446419783
Bird,TRB,Woodhouse_scrub_jay/A.woodhouseii_AW_365327_pri,12,93712,128.0519037049684
Bird,TRG,Woodhouse_scrub_jay/A.woodhouseii_AW_365327_pri,2,11729,170.5175206752494
Bird,IGH,Woodhouse_scrub_jay/A.woodhouseii_AW_365335_pri,125,55143,2266.83350561268
Bird,IGL,Woodhouse_scrub_jay/A.woodhouseii_AW_365335_pri,51,51102,998.003992015968
Bird,TRA,Woodhouse_scrub_jay/A.woodhouseii_AW_365335_pri,30,126748,236.690125287973
Bird,TRB,Woodhouse_scrub_jay/A.woodhouseii_AW_365335_pri,12,107727,111.39268707009384
Bird,TRG,Woodhouse_scrub_jay/A.woodhouseii_AW_365335_pri,2,11716,170.7067258449983
Bird,TRA,Woodhouse_scrub_jay/A.woodhouseii_AW_365336_alt,39,151844,256.84254893179843
Bird,TRB,Woodhouse_scrub_jay/A.woodhouseii_AW_365336_alt,10,98712,101.3048058999919
Bird,TRG,Woodhouse_scrub_jay/A.woodhouseii_AW_365336_alt,2,11713,170.7504482199266
Bird,TRA,Woodhouse_scrub_jay/A.woodhouseii_AW_365336_pri,38,153031,248.31570074037288
Bird,TRB,Woodhouse_scrub_jay/A.woodhouseii_AW_365336_pri,12,93720,128.04097311139566
Bird,TRG,Woodhouse_scrub_jay/A.woodhouseii_AW_365336_pri,2,11733,170.4593880507969
Bird,IGH,Woodhouse_scrub_jay/A.woodhouseii_AW_365337_pri,91,37887,2401.879272573706
Bird,IGL,Woodhouse_scrub_jay/A.woodhouseii_AW_365337_pri,83,79820,1039.8396391881734
Bird,TRA,Woodhouse_scrub_jay/A.woodhouseii_AW_365337_pri,56,217848,257.0599684183467
Bird,TRB,Woodhouse_scrub_jay/A.woodhouseii_AW_365337_pri,14,153628,91.12922123571225
Bird,TRG,Woodhouse_scrub_jay/A.woodhouseii_AW_365337_pri,2,11718,170.67759003242875
Bird,IGH,Woodhouse_scrub_jay/A.woodhouseii_AW_365338_pri,114,53361,2136.391746781357
Bird,IGL,Woodhouse_scrub_jay/A.woodhouseii_AW_365338_pri,62,63322,979.1225798300748
Bird,TRA,Woodhouse_scrub_jay/A.woodhouseii_AW_365338_pri,33,135009,244.4281492344955
Bird,TRB,Woodhouse_scrub_jay/A.woodhouseii_AW_365338_pri,10,86907,115.06552981923205
Bird,TRG,Woodhouse_scrub_jay/A.woodhouseii_AW_365338_pri,2,11715,170.72129748186086
Bird,IGH,Woodhouse_scrub_jay/A.woodhouseii_AW_365339_pri,119,51665,2303.3001064550467
Bird,IGL,Woodhouse_scrub_jay/A.woodhouseii_AW_365339_pri,83,79821,1039.8266120444493
Bird,TRA,Woodhouse_scrub_jay/A.woodhouseii_AW_365339_pri,24,103662,231.5216762169358
Bird,TRB,Woodhouse_scrub_jay/A.woodhouseii_AW_365339_pri,12,95660,125.44428183148652
Bird,TRG,Woodhouse_scrub_jay/A.woodhouseii_AW_365339_pri,2,11714,170.73587160662456
Bird,IGH,Woodhouse_scrub_jay/A.woodhouseii_AW_366487_pri,53,23894,2218.1300744956893
Bird,IGL,Woodhouse_scrub_jay/A.woodhouseii_AW_366487_pri,59,59057,999.0348307567266
Bird,TRA,Woodhouse_scrub_jay/A.woodhouseii_AW_366487_pri,23,97900,234.93360572012259
Bird,TRB,Woodhouse_scrub_jay/A.woodhouseii_AW_366487_pri,10,100055,99.94503023337164
Bird,TRG,Woodhouse_scrub_jay/A.woodhouseii_AW_366487_pri,2,11740,170.35775127768312
Bird,IGH,Woodhouse_scrub_jay/A.woodhouseii_AW_366488_pri,153,64072,2387.9385691097514
Bird,IGL,Woodhouse_scrub_jay/A.woodhouseii_AW_366488_pri,92,91104,1009.8349139445029
Bird,TRA,Woodhouse_scrub_jay/A.woodhouseii_AW_366488_pri,37,149496,247.49826082303207
Bird,TRB,Woodhouse_scrub_jay/A.woodhouseii_AW_366488_pri,14,131434,106.51733950119451
Bird,TRG,Woodhouse_scrub_jay/A.woodhouseii_AW_366488_pri,2,11714,170.73587160662456
Bird,IGH,Woodhouse_scrub_jay/A.woodhouseii_AW_366490_pri,193,85412,2259.6356483866434
Bird,IGL,Woodhouse_scrub_jay/A.woodhouseii_AW_366490_pri,133,134630,987.8927430736092
Bird,TRA,Woodhouse_scrub_jay/A.woodhouseii_AW_366490_pri,45,171999,261.6294280780702
Bird,TRB,Woodhouse_scrub_jay/A.woodhouseii_AW_366490_pri,12,94715,126.69587710499921
Bird,TRG,Woodhouse_scrub_jay/A.woodhouseii_AW_366490_pri,2,11731,170.48844940755265
Bird,IGH,Woodhouse_scrub_jay/A.woodhouseii_AW_366493_pri,138,58392,2363.337443485409
Bird,IGL,Woodhouse_scrub_jay/A.woodhouseii_AW_366493_pri,109,108391,1005.6185476653966
Bird,TRA,Woodhouse_scrub_jay/A.woodhouseii_AW_366493_pri,28,114833,243.8323478442608
Bird,TRB,Woodhouse_scrub_jay/A.woodhouseii_AW_366493_pri,12,93457,128.40129685309822
Bird,TRG,Woodhouse_scrub_jay/A.woodhouseii_AW_366493_pri,2,11711,170.7796089146956
Bird,IGH,Woodhouse_scrub_jay/A.woodhouseii_AW_366494_pri,251,110906,2263.177826267289
Bird,IGL,Woodhouse_scrub_jay/A.woodhouseii_AW_366494_pri,77,77183,997.6290115699053
Bird,TRA,Woodhouse_scrub_jay/A.woodhouseii_AW_366494_pri,23,99700,230.69207622868606
Bird,TRB,Woodhouse_scrub_jay/A.woodhouseii_AW_366494_pri,12,93457,128.40129685309822
Bird,TRG,Woodhouse_scrub_jay/A.woodhouseii_AW_366494_pri,2,11726,170.56114617090228
Bird,IGH,Woodhouse_scrub_jay/A.woodhouseii_AW_366497_pri,68,29705,2289.17690624474
Bird,IGL,Woodhouse_scrub_jay/A.woodhouseii_AW_366497_pri,52,57755,900.3549476235823
Bird,TRA,Woodhouse_scrub_jay/A.woodhouseii_AW_366497_pri,34,136772,248.5888924633697
Bird,TRB,Woodhouse_scrub_jay/A.woodhouseii_AW_366497_pri,10,62835,159.14697222885334
Bird,TRG,Woodhouse_scrub_jay/A.woodhouseii_AW_366497_pri,2,11724,170.590242238144
Bird,IGH,Woodhouse_scrub_jay/A.woodhouseii_AW_366498_pri,82,36096,2271.7198581560283
Bird,IGL,Woodhouse_scrub_jay/A.woodhouseii_AW_366498_pri,47,44561,1054.7339601894032
Bird,TRA,Woodhouse_scrub_jay/A.woodhouseii_AW_366498_pri,27,112326,240.3717750120186
Bird,TRB,Woodhouse_scrub_jay/A.woodhouseii_AW_366498_pri,12,106529,112.64538294736644
Bird,TRG,Woodhouse_scrub_jay/A.woodhouseii_AW_366498_pri,2,11722,170.61934823408976
Bird,IGH,Woodhouse_scrub_jay/A.woodhouseii_AW_366499_pri,106,45439,2332.7978168533637
Bird,IGL,Woodhouse_scrub_jay/A.woodhouseii_AW_366499_pri,98,97826,1001.7786682477051
Bird,TRA,Woodhouse_scrub_jay/A.woodhouseii_AW_366499_pri,42,163494,256.8901611068296
Bird,TRB,Woodhouse_scrub_jay/A.woodhouseii_AW_366499_pri,8,77298,103.49556262775232
Bird,TRG,Woodhouse_scrub_jay/A.woodhouseii_AW_366499_pri,2,11724,170.590242238144
Bird,IGH,Wrentit/bChaFas1_alt,64,33612,1904.0818755206471
Bird,IGL,Wrentit/bChaFas1_alt,28,27739,1009.4091351526731
Bird,TRA,Wrentit/bChaFas1_alt,24,83251,288.2848254075026
Bird,TRB,Wrentit/bChaFas1_alt,15,81526,183.99038343595907
Bird,TRG,Wrentit/bChaFas1_alt,2,9783,204.4362669937647
Bird,IGH,Wrentit/bChaFas1_pri,63,33612,1874.3305962156371
Bird,IGL,Wrentit/bChaFas1_pri,28,27397,1022.0097090922363
Bird,TRA,Wrentit/bChaFas1_pri,24,83256,288.2675122513693
Bird,TRB,Wrentit/bChaFas1_pri,15,81526,183.99038343595907
Bird,TRG,Wrentit/bChaFas1_pri,2,9769,204.72924557273006
Bird,IGH,Yellow_Warbler/bSetPet1_alt,192,77204,2486.917776281022
Bird,IGL,Yellow_Warbler/bSetPet1_alt,25,22701,1101.2730716708516
Bird,TRA,Yellow_Warbler/bSetPet1_alt,25,57648,433.66638912017766
Bird,TRB,Yellow_Warbler/bSetPet1_alt,15,86643,173.12419930057823
Bird,TRG,Yellow_Warbler/bSetPet1_alt,2,8118,246.3661000246366
Bird,IGH,Yellow_Warbler/bSetPet1_pri,107,45130,2370.928428982938
Bird,IGL,Yellow_Warbler/bSetPet1_pri,25,22726,1100.0616034497932
Bird,TRA,Yellow_Warbler/bSetPet1_pri,22,51044,431.00070527388135
Bird,TRB,Yellow_Warbler/bSetPet1_pri,13,78764,165.0500228530801
Bird,TRG,Yellow_Warbler/bSetPet1_pri,2,8110,246.60912453760793
Bird,IGH,Yucatan_jay/C.yucatanicus_CY_8788_pri,157,66479,2361.648039230434
Bird,IGL,Yucatan_jay/C.yucatanicus_CY_8788_pri,54,53941,1001.0937876568843
Bird,TRA,Yucatan_jay/C.yucatanicus_CY_8788_pri,33,127793,258.23010650035604
Bird,TRB,Yucatan_jay/C.yucatanicus_CY_8788_pri,10,70201,142.44811327473968
Bird,TRG,Yucatan_jay/C.yucatanicus_CY_8788_pri,2,11536,173.37031900138697
Bird,IGH,Zebra_Finch/bTaeGut7_alt,15,12408,1208.89748549323
Bird,IGL,Zebra_Finch/bTaeGut7_alt,20,17639,1133.851125347242
Bird,TRA,Zebra_Finch/bTaeGut7_alt,9,20426,440.6149025751493
Bird,TRB,Zebra_Finch/bTaeGut7_alt,17,83021,204.76746847183244
Bird,TRG,Zebra_Finch/bTaeGut7_alt,2,4137,483.44210780759005
Bird,IGH,Zebra_Finch/bTaeGut7_pri,10,11363,880.0492827598346
Bird,IGL,Zebra_Finch/bTaeGut7_pri,22,19410,1133.4363730036064
Bird,TRA,Zebra_Finch/bTaeGut7_pri,9,2764414,3.2556628638112817
Bird,TRB,Zebra_Finch/bTaeGut7_pri,13,73256,177.45986676859232
Bird,TRG,Zebra_Finch/bTaeGut7_pri,2,4137,483.44210780759005
Bird,IGL,LancedTailed_Manakin/bChiLan1_alt,15,18233,822.684144134262
Bird,TRA,LancedTailed_Manakin/bChiLan1_alt,16,110766,144.44865753028907
Bird,TRB,LancedTailed_Manakin/bChiLan1_alt,8,66461,120.37134560117963
Bird,TRG,LancedTailed_Manakin/bChiLan1_alt,3,6674,449.5055439017081
Bird,IGL,LancedTailed_Manakin/bChiLan1_pri,36,52527,685.3618139242676
Bird,TRA,LancedTailed_Manakin/bChiLan1_pri,3,5748,521.9206680584551
Bird,TRB,LancedTailed_Manakin/bChiLan1_pri,4,37308,107.21561059290232
Bird,TRG,LancedTailed_Manakin/bChiLan1_pri,3,6666,450.04500450045003
Bird,IGH,WhiteCrowned_Manakin/bDixPip1_alt,12,5087,2358.954196972675
Bird,IGL,WhiteCrowned_Manakin/bDixPip1_alt,40,56369,709.6098919618939
Bird,TRA,WhiteCrowned_Manakin/bDixPip1_alt,24,152874,156.99203265434278
Bird,TRB,WhiteCrowned_Manakin/bDixPip1_alt,9,75240,119.61722488038278
Bird,TRG,WhiteCrowned_Manakin/bDixPip1_alt,3,6689,448.49753326356705
Bird,IGH,WhiteCrowned_Manakin/bDixPip1_pri,28,16648,1681.8837097549256
Bird,IGL,WhiteCrowned_Manakin/bDixPip1_pri,39,55776,699.2254733218589
Bird,TRA,WhiteCrowned_Manakin/bDixPip1_pri,14,103333,135.48430801389682
Bird,TRB,WhiteCrowned_Manakin/bDixPip1_pri,7,63340,110.51468266498264
Bird,TRG,WhiteCrowned_Manakin/bDixPip1_pri,3,6689,448.49753326356705
Bird,IGL,Xingu_ScaleBacked_Antbird/bWilVid1_alt,27,32444,832.2031808654913
Bird,TRA,Xingu_ScaleBacked_Antbird/bWilVid1_alt,19,305985,62.094547118322794
Bird,TRB,Xingu_ScaleBacked_Antbird/bWilVid1_alt,12,84226,142.47382043549499
Bird,TRG,Xingu_ScaleBacked_Antbird/bWilVid1_alt,12,42445,282.71881258098716
Bird,IGH,Xingu_ScaleBacked_Antbird/bWilVid1_pri,163,90865,1793.870026963077
Bird,IGL,Xingu_ScaleBacked_Antbird/bWilVid1_pri,27,32454,831.946755407654
Bird,TRA,Xingu_ScaleBacked_Antbird/bWilVid1_pri,19,306207,62.04952858687097
Bird,TRB,Xingu_ScaleBacked_Antbird/bWilVid1_pri,12,83098,144.4078076488002
Bird,TRG,Xingu_ScaleBacked_Antbird/bWilVid1_pri,11,38134,288.45649551581266
Bird,IGH,Brazilian_Merganser/bMerOct1_alt,65,26547,2448.4875880513805
Bird,IGL,Brazilian_Merganser/bMerOct1_alt,57,72678,784.2813506150417
Bird,TRA,Brazilian_Merganser/bMerOct1_alt,26,260686,99.73684816215678
Bird,TRB,Brazilian_Merganser/bMerOct1_alt,12,161437,74.33240211351797
Bird,TRG,Brazilian_Merganser/bMerOct1_alt,14,39202,357.1246364981378
Bird,IGH,Brazilian_Merganser/bMerOct1_pri,65,26547,2448.4875880513805
Bird,IGL,Brazilian_Merganser/bMerOct1_pri,68,84412,805.5726673932617
Bird,TRA,Brazilian_Merganser/bMerOct1_pri,28,278551,100.52019199356671
Bird,TRB,Brazilian_Merganser/bMerOct1_pri,8,98905,80.88569839745209
Bird,TRG,Brazilian_Merganser/bMerOct1_pri,8,16109,496.61679806319455
Bird,IGH,Canada_Goose/bBraCan1_alt,83,40401,2054.4045939456946
Bird,IGL,Canada_Goose/bBraCan1_alt,33,29476,1119.5548921156196
Bird,TRA,Canada_Goose/bBraCan1_alt,49,435825,112.43044800091779
Bird,TRB,Canada_Goose/bBraCan1_alt,12,101066,118.73429244256228
Bird,TRG,Canada_Goose/bBraCan1_alt,16,39821,401.79804625700007
Bird,IGH,Canada_Goose/bBraCan1_pri,69,32345,2133.250888854537
Bird,IGL,Canada_Goose/bBraCan1_pri,46,39679,1159.30340986416
Bird,TRA,Canada_Goose/bBraCan1_pri,43,382560,112.40066917607695
Bird,TRB,Canada_Goose/bBraCan1_pri,7,125581,55.74091622140292
Bird,TRG,Canada_Goose/bBraCan1_pri,12,26439,453.87495744922273
Bird,IGH,Common_Goldeneye/bBucCla1_alt,203,82549,2459.1454772317047
Bird,IGL,Common_Goldeneye/bBucCla1_alt,78,83814,930.6321139666404
Bird,TRA,Common_Goldeneye/bBucCla1_alt,39,339987,114.71026833378924
Bird,TRB,Common_Goldeneye/bBucCla1_alt,11,127014,86.60462626167195
Bird,IGH,Common_Goldeneye/bBucCla1_pri,141,63825,2209.165687426557
Bird,IGL,Common_Goldeneye/bBucCla1_pri,62,66625,930.5816135084427
Bird,TRA,Common_Goldeneye/bBucCla1_pri,45,406435,110.71881112601031
Bird,TRB,Common_Goldeneye/bBucCla1_pri,12,129966,92.33184063524307
Bird,TRG,Common_Goldeneye/bBucCla1_pri,40,108195,369.7028513332409
Bird,IGH,Common_Pochard/bAytFer1_pri,53,23101,2294.272975195879
Bird,IGL,Common_Pochard/bAytFer1_pri,71,80848,878.1911735602612
Bird,TRA,Common_Pochard/bAytFer1_pri,39,334102,116.730818732004
Bird,TRB,Common_Pochard/bAytFer1_pri,10,120137,83.23830293747972
Bird,TRG,Common_Pochard/bAytFer1_pri,20,73076,273.68766763369644
Bird,IGH,Domestic_Goose/bAnsAns1_pri,63,32856,1917.4579985390794
Bird,IGL,Domestic_Goose/bAnsAns1_pri,36,34660,1038.6612810155798
Bird,TRA,Domestic_Goose/bAnsAns1_pri,49,435724,112.45650916635302
Bird,TRB,Domestic_Goose/bAnsAns1_pri,7,86048,81.3499442171811
Bird,TRG,Domestic_Goose/bAnsAns1_pri,22,56213,391.36854464269834
Bird,IGH,Greater_Scaup/bAytMar2_pri,58,24097,2406.9386230651116
Bird,IGL,Greater_Scaup/bAytMar2_pri,67,78436,854.1996022234688
Bird,TRA,Greater_Scaup/bAytMar2_pri,52,447576,116.18138595456415
Bird,TRB,Greater_Scaup/bAytMar2_pri,20,190297,105.09887176361163
Bird,TRG,Greater_Scaup/bAytMar2_pri,23,85358,269.4533611377961
Bird,IGH,LongTailed_Duck/bClaHye2_alt,86,34578,2487.130545433513
Bird,IGL,LongTailed_Duck/bClaHye2_alt,3,124413,24.11323575510598
Bird,TRA,LongTailed_Duck/bClaHye2_alt,3,20604,145.602795573675
Bird,TRB,LongTailed_Duck/bClaHye2_alt,13,157853,82.35510253210266
Bird,TRG,LongTailed_Duck/bClaHye2_alt,16,52701,303.5995521906605
Bird,IGH,LongTailed_Duck/bClaHye2_pri,75,30115,2490.4532624937738
Bird,IGL,LongTailed_Duck/bClaHye2_pri,61,68256,893.6943272386311
Bird,TRA,LongTailed_Duck/bClaHye2_pri,49,425982,115.02833453056701
Bird,TRB,LongTailed_Duck/bClaHye2_pri,13,161794,80.3490858746307
Bird,TRG,LongTailed_Duck/bClaHye2_pri,16,53107,301.2785508501704
Bird,IGH,Mallard/bAnaPla2_pri,103,41573,2477.5695764077645
Bird,IGL,Mallard/bAnaPla2_pri,77,5916230,13.01504505402934
Bird,TRA,Mallard/bAnaPla2_pri,52,439639,118.27886061063737
Bird,TRB,Mallard/bAnaPla2_pri,16,148024,108.0905799059612
Bird,TRG,Mallard/bAnaPla2_pri,22,91380,240.75289997811336
Bird,IGH,Mallard/bPekinDuck_T2T,86,39220,2192.7587965323814
Bird,IGL,Mallard/bPekinDuck_T2T,100,106638,937.752020855605
Bird,TRA,Mallard/bPekinDuck_T2T,47,433678,108.37533838470017
Bird,TRB,Mallard/bPekinDuck_T2T,15,134985,111.12345816201801
Bird,TRG,Mallard/bPekinDuck_T2T,19,62380,304.58480282141716
Bird,IGH,Mute_Swan/bCygOlo1_alt,70,28293,2474.11020393737
Bird,IGL,Mute_Swan/bCygOlo1_alt,42,36290,1157.343620832185
Bird,TRA,Mute_Swan/bCygOlo1_alt,16,108540,147.41109268472454
Bird,TRB,Mute_Swan/bCygOlo1_alt,3,34326,87.39730816290857
Bird,TRG,Mute_Swan/bCygOlo1_alt,20,53799,371.7541218238257
Bird,IGH,Mute_Swan/bCygOlo1_pri,72,32085,2244.0392706872367
Bird,IGL,Mute_Swan/bCygOlo1_pri,43,38132,1127.6618063568656
Bird,TRA,Mute_Swan/bCygOlo1_pri,30,341720,87.79117406063443
Bird,TRB,Mute_Swan/bCygOlo1_pri,10,123100,81.23476848090984
Bird,TRG,Mute_Swan/bCygOlo1_pri,17,43507,390.741719723263
Bird,IGH,Northern_Pintail/bAnaAcu1_alt,78,30728,2538.401457953658
Bird,IGL,Northern_Pintail/bAnaAcu1_alt,90,99578,903.814095482938
Bird,TRA,Northern_Pintail/bAnaAcu1_alt,21,126927,165.4494315630244
Bird,TRB,Northern_Pintail/bAnaAcu1_alt,11,74376,147.8971711304722
Bird,TRG,Northern_Pintail/bAnaAcu1_alt,18,51384,350.3035964502569
Bird,IGH,Northern_Pintail/bAnaAcu1_pri,219,81462,2688.3700375635262
Bird,IGL,Northern_Pintail/bAnaAcu1_pri,104,107322,969.0464210506699
Bird,TRA,Northern_Pintail/bAnaAcu1_pri,46,361383,127.28877672718417
Bird,TRB,Northern_Pintail/bAnaAcu1_pri,12,113137,106.06609685602412
Bird,TRG,Northern_Pintail/bAnaAcu1_pri,17,54543,311.6806922978201
Bird,IGH,PinkFooted_Goose/bAnsBra1_alt,65,29229,2223.8188100858733
Bird,IGL,PinkFooted_Goose/bAnsBra1_alt,29,28507,1017.293997965412
Bird,TRA,PinkFooted_Goose/bAnsBra1_alt,26,147928,175.76118111513708
Bird,TRB,PinkFooted_Goose/bAnsBra1_alt,9,67440,133.45195729537366
Bird,TRG,PinkFooted_Goose/bAnsBra1_alt,8,18787,425.82636929791875
Bird,IGH,PinkFooted_Goose/bAnsBra1_pri,81,39964,2026.824141727555
Bird,IGL,PinkFooted_Goose/bAnsBra1_pri,35,32591,1073.916111810009
Bird,TRA,PinkFooted_Goose/bAnsBra1_pri,40,348166,114.88772596979602
Bird,TRB,PinkFooted_Goose/bAnsBra1_pri,8,99332,80.53799379857448
Bird,TRG,PinkFooted_Goose/bAnsBra1_pri,12,27246,440.43162299053074
Bird,IGH,RedCrested_Pochard/bNetRuf1_alt,58,24964,2323.345617689473
Bird,IGL,RedCrested_Pochard/bNetRuf1_alt,72,81239,886.273833995987
Bird,TRA,RedCrested_Pochard/bNetRuf1_alt,46,355294,129.4702415464376
Bird,TRG,RedCrested_Pochard/bNetRuf1_alt,15,53674,279.46491783731415
Bird,IGH,RedCrested_Pochard/bNetRuf1_pri,55,24303,2263.0950911410114
Bird,IGL,RedCrested_Pochard/bNetRuf1_pri,70,77383,904.5914477339985
Bird,TRA,RedCrested_Pochard/bNetRuf1_pri,58,530737,109.28199842860023
Bird,TRB,RedCrested_Pochard/bNetRuf1_pri,14,138967,100.74334194449041
Bird,TRG,RedCrested_Pochard/bNetRuf1_pri,19,73573,258.24691123102224
Bird,IGH,Swan_Goose/bAnsCyg1_pri,65,29568,2198.3225108225106
Bird,IGL,Swan_Goose/bAnsCyg1_pri,33,29683,1111.7474648788868
Bird,TRA,Swan_Goose/bAnsCyg1_pri,54,481782,112.08388856370723
Bird,TRB,Swan_Goose/bAnsCyg1_pri,13,167244,77.73074071416613
Bird,TRG,Swan_Goose/bAnsCyg1_pri,24,62423,384.47367156336605
Bird,IGH,Tufted_Duck/bAytFul2_alt,11,6715,1638.1236038719287
Bird,IGL,Tufted_Duck/bAytFul2_alt,62,76911,806.1265618702137
Bird,TRA,Tufted_Duck/bAytFul2_alt,18,216918,82.98066550493735
Bird,TRB,Tufted_Duck/bAytFul2_alt,15,158857,94.42454534581417
Bird,TRG,Tufted_Duck/bAytFul2_alt,19,65470,290.209256147854
Bird,IGH,Tufted_Duck/bAytFul2_pri,62,35404,1751.2145520280196
Bird,IGL,Tufted_Duck/bAytFul2_pri,58,73527,788.8258734886505
Bird,TRA,Tufted_Duck/bAytFul2_pri,36,351755,102.34396099557931
Bird,TRB,Tufted_Duck/bAytFul2_pri,15,158383,94.70713397271172
Bird,TRG,Tufted_Duck/bAytFul2_pri,21,77529,270.86638548156174
Bird,IGH,Tundra_Swan/bCygCol1_alt,63,27536,2287.914003486345
Bird,IGL,Tundra_Swan/bCygCol1_alt,33,32843,1004.7803184849132
Bird,TRA,Tundra_Swan/bCygCol1_alt,32,332780,96.15962497746258
Bird,TRB,Tundra_Swan/bCygCol1_alt,11,144605,76.06929220981293
Bird,TRG,Tundra_Swan/bCygCol1_alt,7,15274,458.29514207149407
Bird,IGH,Tundra_Swan/bCygCol1_pri,63,27536,2287.914003486345
Bird,IGL,Tundra_Swan/bCygCol1_pri,33,32843,1004.7803184849132
Bird,TRA,Tundra_Swan/bCygCol1_pri,32,332780,96.15962497746258
Bird,TRB,Tundra_Swan/bCygCol1_pri,11,141139,77.9373525389864
Bird,TRG,Tundra_Swan/bCygCol1_pri,7,15274,458.29514207149407
Bird,IGH,Acorn_Woodpecker/bMelFor1_alt,80,100853,793.2337163991156
Bird,IGL,Acorn_Woodpecker/bMelFor1_alt,40,35151,1137.9477113026655
Bird,TRA,Acorn_Woodpecker/bMelFor1_alt,25,474935,52.6387821491362
Bird,TRB,Acorn_Woodpecker/bMelFor1_alt,6,45248,132.60254596888262
Bird,TRG,Acorn_Woodpecker/bMelFor1_alt,2,9633,207.6196408180214
Bird,IGH,Acorn_Woodpecker/bMelFor1_pri,87,109019,798.0260321595318
Bird,IGL,Acorn_Woodpecker/bMelFor1_pri,35,35243,993.1050137615981
Bird,TRA,Acorn_Woodpecker/bMelFor1_pri,21,463042,45.352257462605984
Bird,TRB,Acorn_Woodpecker/bMelFor1_pri,8,62861,127.26491783458742
Bird,TRG,Acorn_Woodpecker/bMelFor1_pri,2,8566,233.48120476301656
Bird,IGL,Downy_Woodpecker/bDryPub1_alt,17,15975,1064.1627543035995
Bird,TRA,Downy_Woodpecker/bDryPub1_alt,10,101279,98.73715182811837
Bird,TRB,Downy_Woodpecker/bDryPub1_alt,4,28911,138.35564318079625
Bird,TRG,Downy_Woodpecker/bDryPub1_alt,2,8536,234.30178069353326
Bird,IGH,Downy_Woodpecker/bDryPub1_pri,2,108,18518.51851851852
Bird,IGL,Downy_Woodpecker/bDryPub1_pri,18,16788,1072.194424588992
Bird,TRA,Downy_Woodpecker/bDryPub1_pri,9,111377,80.80662973504404
Bird,TRB,Downy_Woodpecker/bDryPub1_pri,4,28604,139.84058173682
Bird,TRG,Downy_Woodpecker/bDryPub1_pri,2,8537,234.27433524657374
Bird,IGL,RedFronted_Tinkerbird/bPogPus1_alt,14,16345,856.5310492505354
Bird,TRA,RedFronted_Tinkerbird/bPogPus1_alt,4,25506,156.8258448992394
Bird,TRB,RedFronted_Tinkerbird/bPogPus1_alt,7,59360,117.92452830188678
Bird,IGH,RedFronted_Tinkerbird/bPogPus1_pri,25,13094,1909.2714220253552
Bird,IGL,RedFronted_Tinkerbird/bPogPus1_pri,13,15390,844.7043534762834
Bird,TRA,RedFronted_Tinkerbird/bPogPus1_pri,12,428472,28.00649750742172
Bird,TRB,RedFronted_Tinkerbird/bPogPus1_pri,7,59395,117.85503830288744
Bird,TRG,RedFronted_Tinkerbird/bPogPus1_pri,2,14158,141.2628902387343
Human,IGH,human_T2T,53,939049,56.440079271688695
Human,IGL,human_T2T,35,859291,40.73125402221133
Human,TRA,human_T2T,47,698285,67.30776115769349
Human,TRB,human_T2T,55,482078,114.08942121399441
Human,TRG,human_T2T,10,75916,131.72453764687288
